tree
version=v4
num_class=1
num_tree_per_iteration=1
label_index=0
max_feature_idx=12
objective=binary sigmoid:1
feature_names=Column_0 Column_1 Column_2 Column_3 Column_4 Column_5 Column_6 Column_7 Column_8 Column_9 Column_10 Column_11 Column_12
feature_infos=[0:1] [0.0028235295321792364:0.97898048162460327] [0.0035002431832253933:0.88604825735092163] [0.0089280223473906517:0.87231218814849854] [0.010112941265106201:0.85867708921432495] [0.0016913835424929857:0.3422534167766571] [0.0039663836359977722:0.36629346013069153] [0.0049845157191157341:0.36402133107185364] [9.9999997473787516e-05:0.16625246405601501] [-0.50138497352600098:0.5710332989692688] [-0.62964367866516113:0.64652323722839355] [0.00047058827476575971:0.8202354907989502] [0.013490196317434311:0.99701964855194092]
tree_sizes=3512 3498 3509 3524 3517 3512 3509 3527 3542 3528 3550 3527 3564 3549 3531 3548 3550 3565 3567 3555 3551 3576 3567 3570 3574 3577 3555 3579 3588 3560 3566 3579 3566 3575 3578 3576 3573 3577 3577 3574 3571 3564 3591 3566 3578 3563 3572 3594 3574 3547 3585 3549 3579 3582 3589 3572 3566 3545 3564 3571 3576 3577 3573 3579 3566 3567 3551 3587 3557 3544 3550 3552 3578 3575 3573 3567 3544 3565 3558 3570 3560 3580 3540 3513 3509 3564 3506 3515 3509 3521 3483 3463 3560 3554 3560 3559 3516 3558 3569 3580

Tree=0
num_leaves=31
num_cat=0
split_feature=11 10 10 11 11 2 11 10 11 10 3 10 11 4 12 12 11 12 10 3 3 4 11 1 11 3 2 6 6 10
split_gain=309539 21593.6 20230.3 9346.09 7320.82 6892.82 3464.95 2931.93 2086.1 1464.68 1276.86 1211.19 1169.41 1018.31 1814.27 1006.7 1301.97 913.428 870.195 818.422 806.576 750.349 712.505 712.426 667.587 578.482 569.591 552.611 536.371 544.691
threshold=0.19450981914997104 -0.0042552649974822989 -0.072451479732990251 0.27129411697387701 0.23796080797910693 0.22424247115850451 0.11137256398797037 -0.083515599370002733 0.37898038327693945 -0.02694258093833923 0.29095251858234411 -0.018462367355823513 0.33176469802856451 0.2140297666192055 0.20431374013423922 0.50462749600410473 0.29615686833858496 0.48039217293262487 -0.12424923852086066 0.24080280959606173 0.25569328665733343 0.25608359277248388 0.093176484107971205 0.30400003492832189 0.16635295748710635 0.12620167434215548 0.31968893110752111 0.090095099061727538 0.089321777224540724 0.021361380815505985
decision_type=2 2 2 2 2 2 2 2 2 2 2 2 2 2 2 2 2 2 2 2 2 2 2 2 2 2 2 2 2 2
left_child=1 5 3 10 11 9 25 26 15 -1 -2 20 -5 14 -8 -6 -17 21 -12 -9 -4 -13 -11 27 -15 -3 -7 -22 29 -16
right_child=2 6 4 12 8 7 13 19 -10 22 18 17 -14 24 28 16 -18 -19 -20 -21 23 -23 -24 -25 -26 -27 -28 -29 -30 -31
leaf_value=-0.55842045103630378 -0.60110552142014551 -0.54851691239436273 -0.72600500593028161 -0.87098945035570496 -0.99343532156753789 -0.60098814110108267 -0.88114973118552276 -0.66105753176771065 -1.0145254153202257 -0.55375474945699088 -0.70026837802258501 -0.88773959859971974 -0.97182931106972781 -0.78280797845988181 -0.69112659894756745 -0.90909909420898705 -0.97790419311406096 -0.84983176298853624 -0.79911186957916114 -0.76623071907171725 -0.86185065888676149 -0.96094670717389086 -0.65120666615297274 -0.80253719688718106 -0.86307523931745089 -0.679010992844718 -0.67617169676057098 -0.96279559347353505 -0.61874399393192059 -0.78945962917765855
leaf_weight=17444.496605992317 723.62479090690613 489.66935306787491 373.6241403222084 2079.0743204951286 27846.499363481998 3346.2465989589691 934.16396260261536 985.76263755559921 37250.306067764759 1011.0439160466194 1893.4019801020622 1771.9689539074898 2573.5098162293434 1670.4293927550316 1152.3704072833061 3623.0973207950592 11414.497238695621 1129.5758119225502 1681.8266904354095 2966.4057508111 1094.3478009104729 6671.3563913106918 2908.5903680324554 821.64155095815659 2728.9275118708611 1109.2678996920586 1441.8617683649063 1075.0760066509247 442.21514999866486 1102.0150738954544
leaf_count=84182 3492 2363 1803 10033 134379 16148 4508 4757 179759 4879 9137 8551 12419 8061 5561 17484 55083 5451 8116 14315 5281 32194 14036 3965 13169 5353 6958 5188 2134 5318
internal_value=-0.879917 -0.64313 -0.972135 -0.828548 -0.985945 -0.601438 -0.773479 -0.676248 -0.997214 -0.570832 -0.722247 -0.916145 -0.926768 -0.800247 -0.761048 -0.982176 -0.961327 -0.934285 -0.746765 -0.739998 -0.864536 -0.945583 -0.62607 -0.88184 -0.832598 -0.639048 -0.623628 -0.911875 -0.719442 -0.739195
internal_weight=141757 39733.5 102023 8951.44 93072 30104.4 9629.06 8740.28 80134.4 21364.1 4298.85 12937.6 4652.58 8030.12 3630.76 42884.1 15037.6 9572.9 3575.23 3952.17 3364.69 8443.33 3919.63 2991.07 4399.36 1598.94 4788.11 2169.42 2696.6 2254.39
internal_count=684077 191742 492335 43197 449138 145275 46467 42178 386705 103097 20745 62433 22452 38751 17521 206946 72567 46196 17253 19072 16237 40745 18915 14434 21230 7716 23106 10469 13013 10879
is_linear=0
shrinkage=1


Tree=1
num_leaves=31
num_cat=0
split_feature=11 10 10 2 11 11 11 10 11 11 12 10 2 4 12 4 12 11 4 10 4 6 11 10 11 10 2 4 10 1
split_gain=237683 16995.8 14416.2 5539.32 5109.39 5048.56 3279.5 2483.83 1741.03 1664.08 1629.23 1183.1 1000.04 937.461 851.823 890.366 831.393 931.272 691.645 689.866 860.262 622.912 612.56 525.437 504.816 463.915 438.298 385.863 376.288 396.35
threshold=0.20298043638467791 -0.0078642591834068281 -0.083515599370002733 0.22161728888750079 0.2528627365827561 0.29035295546054846 0.10650982335209848 -0.099455729126930223 0.3811765462160111 0.17866669595241549 0.47749021649360662 -0.039526596665382378 0.31680445373058325 0.24158612638711932 0.19576474279165271 0.20940445363521579 0.48925496637821203 0.31215687096118933 0.25827543437480932 -0.048354223370552056 0.20468650758266452 0.089321777224540724 0.16988237947225573 -0.044989295303821557 0.35984319448471075 -0.17984336614608762 0.29405279457569128 0.20468650758266452 0.029729783535003666 0.18917649239301684
decision_type=2 2 2 2 2 2 2 2 2 2 2 2 2 2 2 2 2 2 2 2 2 2 2 2 2 2 2 2 2 2
left_child=1 3 5 19 10 12 -3 26 16 14 11 21 -2 -9 -8 28 23 -18 -13 -1 -21 -4 -15 -6 -7 -14 -5 -11 29 -16
right_child=2 6 4 7 8 24 9 13 -10 27 -12 18 25 22 15 -17 17 -19 -20 20 -22 -23 -24 -25 -26 -27 -28 -29 -30 -31
leaf_value=0.2630780427620969 0.20677949350452454 0.21250069926353646 0.0687594903809602 0.23921575782166454 -0.04507303178105642 -0.013704105202884113 0.0034225045431016399 0.19344878248144631 -0.12914729079179466 0.1521249666256444 0.025781560410459078 -0.013411372042891213 0.1566389297557666 0.14351778355913772 0.1149483738100851 0.069805548400805925 -0.047153309590210184 -0.097900117701467004 -0.084532627832342111 0.24160648336506618 0.15209747600741591 -0.049732643297864289 0.067725310983126827 -0.1153172540704631 -0.097076803278121113 0.067414578291004112 0.18117144537102126 0.00027764983566199748 0.09649259763960355 0.20960320339043137
leaf_weight=15235.46712885797 1042.0769698023796 1731.5919563323259 926.3991906940937 3007.3213765770197 1126.6930166035891 1653.0954753309488 935.85608506202698 1318.8137499094009 35117.432764396071 176.16883563995361 2353.703817948699 1570.517457947135 810.44044752418995 1756.452787309885 721.16843491792679 3206.6662304401398 5378.0661814510822 11038.911921545863 10570.752489134669 6116.6690402925014 1302.3536956161261 851.39417929947376 2714.0304413288832 19408.86255389452 1295.3170284032822 2074.058838814497 2292.7058254778385 3341.9259672909975 980.41776441037655 1144.3338915705681
leaf_count=65820 4694 7636 4425 13154 5656 8067 4444 5901 179785 805 11307 7625 3691 8017 3282 14972 26603 55625 52953 26654 5701 4191 12582 98420 6504 9636 10207 16097 4516 5153
internal_value=-0.000760811 0.185941 -0.0909215 0.222554 -0.101776 0.0485599 0.084988 0.164644 -0.113204 0.0639725 -0.0511651 -0.0641767 0.122817 0.119361 0.0922097 0.105938 -0.0980519 -0.0812759 -0.0753328 0.250901 0.225894 0.012013 0.0975042 -0.111463 -0.050332 0.0924834 0.214107 0.00788141 0.146651 0.173011
internal_weight=141200 45981.9 95217.7 33743.8 88342.7 6874.99 12238.1 11089.3 72070 10506.5 16272.8 13919.1 3926.58 5789.3 6988.44 6052.59 36952.5 16417 12141.3 22654.5 7419.02 1777.79 4470.48 20535.6 2948.41 2884.5 5300.03 3518.09 2845.92 1865.5
internal_count=684123 204941 479182 148036 446590 32592 56905 49861 366089 49269 80501 69194 18021 26500 32367 27923 186304 82228 60578 98175 32355 8616 20599 104076 14571 13327 23361 16902 12951 8435
is_linear=0
shrinkage=0.1


Tree=2
num_leaves=31
num_cat=0
split_feature=2 10 10 2 3 8 3 4 10 2 10 3 12 10 3 10 7 7 3 12 3 3 7 7 7 4 12 10 7 5
split_gain=161301 29109.3 10161.8 6433.25 5957.95 3211.57 3137.44 3066.57 1861.2 1514.87 1450.98 1133.31 1186.47 1032.15 931.05 802.22 751.692 737.709 682.858 772.036 666.472 665.609 573.959 569.126 516.979 510.335 706.298 453.379 435.285 743.472
threshold=0.25671695172786718 -0.077689349651336656 -0.015267968177795408 0.38655011355876928 0.48389975726604467 0.039181258529424674 0.21051054447889331 0.268497183918953 -0.038464784622192376 0.20246326923370364 -0.058614864945411675 0.12620167434215548 0.19576474279165271 -0.15794370323419568 0.24608527868986133 -0.1139048784971237 0.18280149996280673 0.10280539467930795 0.35633343458175665 0.47749021649360662 0.40658894181251531 0.49033820629119879 0.2161117419600487 0.049456436187028892 0.1196001246571541 0.3122378289699555 0.41670589148998266 0.016247384250164035 0.050043474882841117 0.062833361327648177
decision_type=2 2 2 2 2 2 2 2 2 2 2 2 2 2 2 2 2 2 2 2 2 2 2 2 2 2 2 2 2 2
left_child=2 3 9 15 5 7 11 24 -9 -1 -11 -4 23 -5 -12 -2 25 -8 19 -7 -18 -15 -20 -13 -3 26 -10 -14 -27 -30
right_child=1 4 6 13 -6 18 17 8 16 10 14 12 27 21 -16 -17 20 -19 22 -21 -22 -23 -24 -25 -26 28 -28 -29 29 -31
leaf_value=0.22104876055619871 0.16423947038035408 -0.00088872194775903562 0.23182926852429203 0.077106858969535341 -0.11896511347945844 -0.0014944854061658454 0.0070317315978692986 -0.024326612121373145 -0.0810491950437673 0.20284636907912398 0.15036846397668482 0.018394499625958041 0.17191122533215225 0.0075177103620648264 0.029078618573161422 0.089498633510257955 0.06226140065768089 0.11870940688418104 -0.031083386712439421 0.15022890467195726 -0.063718269131762803 -0.075102153762228618 0.06864385970264128 0.23183782041871859 0.111144113675054 -0.1232956890247893 0.013572466141300555 0.10524463503834516 -0.058607275632428325 -0.10294036453704346
leaf_weight=19318.999178230762 4837.697154045105 3217.250820428133 1021.8529099524021 1144.3826626837254 35451.004672884941 713.30330622196198 3597.5007557868958 5058.1691348105669 9100.2183194458485 5040.5250950008631 2239.2696246504784 1298.5711549520493 2454.3359413295984 2100.4424285441637 882.22784949839115 2042.3518768846989 555.21873560547829 707.88610093295574 3157.9144028574228 632.99253511428833 1723.4428353607655 1820.0223043262959 706.15095737576485 138.22010205686092 472.36599245667458 5916.14266307652 863.74862264096737 1745.6574890762568 4931.3926251679659 16240.368859633803
leaf_count=79167 20601 15740 4205 5265 192053 3517 16748 25334 47241 20929 9467 5943 10460 9958 4010 9071 2630 3194 15854 2865 8780 9315 3286 591 2216 31717 4405 7670 26034 85693
internal_value=-0.000935005 -0.0674697 0.173314 0.0790858 -0.0871969 -0.0660627 0.0919193 -0.0741443 -0.0814256 0.205788 0.169666 0.134934 0.117368 -0.00644784 0.116088 0.142053 -0.0887689 0.0253936 0.00851035 0.0698418 -0.0330221 -0.0308374 -0.0128584 0.0389279 0.0134544 -0.0921973 -0.0728467 0.144202 -0.0993152 -0.0926142
internal_weight=139130 100685 38445 11944.9 88739.7 53288.7 10964 48078.3 44388.7 27481 8162.02 6658.64 5636.78 5064.85 3121.5 6880.05 39330.5 4305.39 5210.36 1346.3 2278.66 3920.46 3864.07 1436.79 3689.62 37051.9 9963.97 4199.99 27087.9 21171.8
internal_count=683959 521575 162384 54210 467365 275312 48811 249790 231834 113573 34406 28869 24664 24538 13477 29672 206500 19942 25522 6382 11410 19273 19140 6534 17956 195090 51646 18130 143444 111727
is_linear=0
shrinkage=0.1


Tree=3
num_leaves=31
num_cat=0
split_feature=11 10 10 11 11 11 11 12 10 11 3 11 4 12 11 3 3 10 3 1 11 10 11 12 10 6 7 10 4 6
split_gain=157376 10847.8 9732.99 4402.99 3592.15 3088.34 1995.81 1665.23 1346.13 1155.59 888.297 798.861 758.917 782.092 712.454 698.934 528.111 521.111 485.334 391.502 384.855 384.35 375.646 371.214 355.781 353.904 347.085 333.246 328.354 327.152
threshold=0.20815686136484149 -0.0021119117736816402 -0.060031056404113763 0.30541180074214941 0.16635295748710635 0.3399216234683991 0.16815689951181415 0.52407845854759227 -0.057324431836605065 0.2324706166982651 0.24080280959606173 0.27388237416744238 0.12980236858129504 0.20015685260295871 0.25411768257617956 0.1985769867897034 0.25337709486484533 -0.083515599370002733 0.21051054447889331 0.28015686571598059 0.3811765462160111 -0.099455729126930223 0.14180394262075427 0.42070592939853674 -0.026070289313793179 0.090095099061727538 0.051150798797607429 -0.02694258093833923 0.24668934196233752 0.083501994609832778
decision_type=2 2 2 2 2 2 2 2 2 2 2 2 2 2 2 2 2 2 2 2 2 2 2 2 2 2 2 2 2 2
left_child=1 4 3 14 15 7 12 9 16 25 -10 -9 -3 26 21 24 -6 -17 -8 29 -5 -2 -15 28 -1 -4 -14 -11 -20 -12
right_child=2 6 5 20 8 -7 18 11 10 27 19 -13 13 22 -16 17 -18 -19 23 -21 -22 -23 -24 -25 -26 -27 -28 -29 -30 -31
leaf_value=0.19951817134995969 0.12163536641890318 0.19905329700693239 -0.023569387059644963 -0.044610829194219673 0.19082495563294963 -0.11646943852755945 0.11200567865447575 0.015813231923107084 0.12316155950182035 -0.063821284599253444 0.04946049621002449 -0.055487565899197212 -0.02048287915496623 0.12231511463626372 0.0238747059388279 0.17773654599034183 0.12161744117629288 0.13257021775919606 0.018003305512796015 0.087182989974644118 -0.10624609380033292 0.052962647898276177 0.068249090247864394 0.05868997853563003 0.16452156133457199 -0.071776480869670187 0.19032851675890916 -0.10023859475269065 -0.04004372668527828 -0.0379169018423864
leaf_weight=15105.620758071542 1999.9075227677822 593.88480997085571 3095.0817118436098 2384.3653877973557 1691.4675534367561 37583.667713493109 417.94542656838894 2296.1725636273623 1789.8308270573616 2845.2116893082857 822.40070094168186 4978.2345759421587 882.23679836094379 2656.2897931933403 2583.3173884600401 6881.504086330533 3167.1358768939972 4062.5032304525375 1797.9960095286369 841.87919382750988 1761.4853617399931 1375.5738296955824 2489.4414386153221 871.45620369911194 3596.5342331081629 2997.9592644274235 85.68456968665123 21504.307698011398 2127.6999035477638 894.63919824361801
leaf_count=60527 8454 2405 15810 12237 6839 216432 1766 11367 7439 15275 3757 26726 4124 11298 12080 27818 13330 16930 8456 3945 9796 6344 10910 4204 14653 15835 356 119799 10556 4176
internal_value=-0.000926218 0.138493 -0.0838154 0.00833973 0.164097 -0.0961818 0.0550537 -0.0759658 0.109537 -0.0862371 0.0691211 -0.0329814 0.0911301 0.0806464 0.0634003 0.181042 0.145711 0.16097 0.00865312 0.0313226 -0.0707984 0.0936499 0.0961586 -0.000351337 0.192788 -0.0472887 -0.00182095 -0.0959833 -0.0134578 0.00393375
internal_weight=136181 50776.2 85405.3 10104.6 38853.5 75300.6 11922.6 37717 9207.35 30442.6 4348.75 7274.41 6707.54 6113.65 5958.8 29646.2 4858.6 10944 5215.1 2558.92 4145.85 3375.48 5145.73 4797.15 18702.2 6093.04 967.921 24349.5 3925.7 1717.04
internal_count=683644 213489 470155 48911 159414 421244 54075 204812 39486 166719 19317 38093 29093 26688 26878 119928 20169 44748 24982 11878 22033 14798 22208 23216 75180 31645 4480 135074 19012 7933
is_linear=0
shrinkage=0.1


Tree=4
num_leaves=31
num_cat=0
split_feature=2 10 10 3 2 9 10 9 3 10 4 2 10 10 9 9 3 12 9 3 3 10 7 7 7 7 9 10 3 7
split_gain=106706 21088.3 6817.63 5191.96 4372.26 2981.46 2322.15 2671.16 2176.53 1708.52 1167.33 1012.53 919.235 889.288 958.483 818.181 798.183 827.477 738.6 737.578 727.49 627.223 517.466 499.674 538.671 464.739 444.646 411.998 394.601 384.844
threshold=0.25671695172786718 -0.072451479732990251 -0.01601198315620422 0.48817765712738043 0.40656298398971563 0.060974463820457465 -0.023457378149032589 -0.014454603195190428 0.21051054447889331 0.049340195953845985 0.268497183918953 0.20713015645742419 -0.069114297628402696 -0.16413225978612897 -0.053444840013980859 -0.016964863985776898 0.12620167434215548 0.20431374013423922 0.11916227638721467 0.39168474078178411 0.35966330766677862 -0.1415729075670242 0.098339036107063307 0.050596477463841445 0.035664461553096778 0.22008619457483294 -0.055923134088516228 -0.1051020324230194 0.24608527868986133 0.087601069360971465
decision_type=2 2 2 2 2 2 2 2 2 2 2 2 2 2 2 2 2 2 2 2 2 2 2 2 2 2 2 2 2 2
left_child=2 4 11 5 13 6 7 -3 16 20 -8 -1 -13 -2 27 -14 -4 23 -11 -9 -7 -6 -10 24 -18 -12 -23 -15 -24 -19
right_child=1 3 8 -5 21 9 10 19 22 18 25 12 15 14 -16 -17 17 29 -20 -21 -22 26 28 -25 -26 -27 -28 -29 -30 -31
leaf_value=0.17487660681023501 0.13987038446107045 -0.058159220980672013 0.1853908279175622 -0.11149155547377987 0.040910333580593927 0.14368201154271007 -0.016261992098547905 0.10718100721482625 -0.00049061515645184466 -0.053758161384433581 -0.088504974814310355 0.16344337744124735 0.041776331943798359 0.067902867644686976 0.12312376404937236 0.14032708243458997 0.073046302976169916 0.10188378797108869 0.023356450641766367 -0.0057754852868876156 0.024495324813143766 -0.069006360046255766 0.1328532710991884 0.17228535123493166 -0.041760350482168751 0.042574218261056791 0.0096516746954971502 -0.008447209561261047 -0.0013341895702931829 0.17828449597435087
leaf_weight=20405.413444370031 3406.3584469854832 6454.4271828532219 1082.7006283402443 30218.344916433096 1182.6560989618301 878.71139612793922 2501.377682775259 1525.307499691844 3512.5456084161997 4145.4399542212486 30146.31564719975 4161.0936341434717 1613.9369672834873 1698.9871956259012 2244.0602282136679 1762.2646730542183 841.67119854688644 3306.040709733963 1773.3721812367439 930.86545383930206 1227.5404359549284 2254.6886555701494 590.75413905084133 238.32169315218925 794.43667358160019 272.9331384152174 1054.9145622104406 1210.2032813578844 348.38299751281738 823.54755879938602
leaf_count=81877 13820 34306 4339 186061 5493 4138 12475 7499 16164 22978 173878 16690 6820 7108 9483 7238 3724 13572 9072 4961 6389 11989 2504 964 3552 1274 5274 5344 1556 3347
internal_value=-0.0011649 -0.0595724 0.136604 -0.0787844 0.0582955 -0.0589603 -0.0696712 -0.0243841 0.0719372 -0.00312864 -0.0819291 0.163307 0.131986 0.100225 0.0740194 0.0932165 0.10636 0.0921087 -0.0306534 0.0643716 0.0742191 -0.0215979 0.0171386 0.0370056 0.0173002 -0.0873289 -0.0439346 0.0361418 0.083075 0.11712
internal_weight=132608 93126.5 39481.1 80074.6 13051.9 49856.3 41831.2 8910.6 11538.4 8025.06 32920.6 27942.7 7537.3 8559.61 5153.25 3376.2 7086.72 6004.02 5918.81 2456.17 2106.25 4492.26 4451.68 1874.43 1636.11 30419.2 3309.6 2909.19 939.137 4129.59
internal_count=683889 521542 162347 463031 58511 276970 234393 46766 49722 42577 187627 112625 30748 35755 21935 14058 29498 25159 32050 12460 10527 22756 20224 8240 7276 175152 17263 12452 4060 16919
is_linear=0
shrinkage=0.1


Tree=5
num_leaves=31
num_cat=0
split_feature=11 11 11 12 11 11 11 5 12 11 3 5 12 5 4 1 3 4 1 5 12 11 7 7 7 12 9 3 7 4
split_gain=109858 6588.15 5905.94 3018.12 1710.63 1526.8 1119.55 896.396 838.952 747.386 720.635 588.238 523.268 431.226 298.499 265.455 264.628 270.901 247.304 239.789 237.589 218.591 271.542 230.841 353.136 218.203 211.535 184.092 269.922 176.934
threshold=0.21145100146532061 0.16815689951181415 0.32611767947673803 0.49835301935672766 0.10650982335209848 0.24203923344612124 0.26854906976222997 0.06423340737819673 0.41670589148998266 0.3981176912784577 0.24359515309333804 0.082467827945947661 0.3918431699275971 0.09592174738645555 0.40259775519371038 0.20878430455923083 0.20312551409006122 0.29701891541481024 0.42164708673954016 0.099269788712263121 0.61286279559135448 0.14368630200624469 0.059718258678913123 0.035664461553096778 0.020993687212467197 0.44784307479858404 0.047708645462989814 0.24359515309333804 0.044084146618843086 0.33831909298896795
decision_type=2 2 2 2 2 2 2 2 2 2 2 2 2 2 2 2 2 2 2 2 2 2 2 2 2 2 2 2 2 2
left_child=1 4 3 5 15 11 19 16 10 -4 -9 12 -2 -8 26 -1 -3 27 21 -5 -15 22 23 24 -6 -13 -7 -18 -29 -12
right_child=2 7 9 6 18 14 13 8 -10 -11 29 25 -14 20 -16 -17 17 -19 -20 -21 -22 -23 -24 -25 -26 -27 -28 28 -30 -31
leaf_value=0.1645709542017621 -0.024183743684042698 0.14606593285250202 -0.085984835371429952 0.07618797619190032 0.077185717077600358 -0.089670359764989674 0.014819910055717429 0.078148673890054657 0.075204963888192325 -0.11490546340032287 -0.014374586228225567 -0.070819682570839274 0.061671233295000988 -0.063220674851923814 -0.026585728020782774 0.12648673961397408 0.082632657737481907 0.12445242208320113 0.058128475582744081 0.022203303327520987 -0.017587240350089167 0.10515191312754567 0.13814441721850199 0.08736441489305885 0.16046049643913651 -0.0024355206953857464 -0.056440874309465462 -0.015507854515055826 0.065879335446103998 0.099981772020937998
leaf_weight=13316.379660561681 4017.6600767821074 597.75263530015945 13907.724069923162 1134.143039226532 784.74566979706287 15572.021452337503 1615.5986054986715 1184.2635960429907 3074.529318779707 24995.084053382277 3943.2819192111492 3325.6936992704868 862.24693585932255 2854.32177734375 901.13114462792873 2121.8378048241138 3170.3278167694807 988.98752844333649 722.71510452032089 2997.0803419649601 1900.6771076619625 8336.8748818188906 7425.8555363714695 2591.1808455586433 1450.4346450120211 542.75465252995491 2184.4768629223108 552.96673788130283 1549.0181352049112 140.1046748906374
leaf_count=54314 21221 2415 85648 5241 3337 94596 8641 5082 13540 165523 19149 18749 4331 15592 4771 8585 13531 4261 3108 14219 10375 34353 30252 10867 5968 2796 13180 2595 7119 609
internal_value=-0.00122987 0.111085 -0.0771943 -0.0491038 0.133988 -0.0665706 -0.00352164 0.0557147 0.0336954 -0.104566 0.00946788 -0.0321012 -0.00901374 -0.0298146 -0.0827329 0.159337 0.0824952 0.0764262 0.115625 0.0370237 -0.04498 0.117643 0.126143 0.107676 0.131224 -0.0612252 -0.0855823 0.0674174 0.0444689 -0.0104509
internal_weight=128762 51951.3 76810.6 37907.8 36750 27406 10501.8 15201.2 8342.18 38902.8 5267.65 8748.36 4879.91 6370.6 18657.6 15438.2 6859.05 6261.3 21311.8 4131.22 4755 20589.1 12252.2 4826.36 2235.18 3868.45 17756.5 5272.31 2101.98 4083.39
internal_count=683968 219085 464883 213712 150784 159644 54068 68301 38380 251171 24840 47097 25552 34608 112547 62899 29921 27506 87885 19460 25967 84777 50424 20172 9305 21545 107776 23245 9714 19758
is_linear=0
shrinkage=0.1


Tree=6
num_leaves=31
num_cat=0
split_feature=11 11 11 12 11 11 11 3 12 6 4 6 11 12 6 11 4 1 3 6 12 7 6 4 9 1 7 3 3 7
split_gain=91398.4 5942.49 5481.94 2375.21 1486.57 1287.26 1094 1065.77 941.365 789.85 571.8 556.289 525.064 415.738 300.88 252.708 251.999 250.265 214.843 214.055 213.742 212.253 208.176 203.148 212.536 201.482 254.908 283.273 264.139 240.286
threshold=0.21301963180303576 0.15890198200941089 0.3399216234683991 0.51450988650321972 0.2501960843801499 0.10133335366845132 0.27921573817729956 0.23549830168485644 0.40721566975116735 0.080529432743787779 0.36099243164062506 0.091639582067728056 0.40062750875949865 0.39968629181385046 0.13197170943021777 0.18752942234277728 0.29701891541481024 0.19670590013265613 0.2055175453424454 0.1381865665316582 0.44564707577228552 0.095441102981567397 0.12495711818337442 0.41127607226371771 0.057251513004302985 0.39168630540370947 0.091912072151899352 0.2223998159170151 0.20312551409006122 0.050043474882841117
decision_type=2 2 2 2 2 2 2 2 2 2 2 2 2 2 2 2 2 2 2 2 2 2 2 2 2 2 2 2 2 2
left_child=1 5 3 4 10 17 19 18 9 16 11 13 -4 -2 -8 -11 -9 -1 -3 -5 -13 -20 -12 24 -6 26 28 -28 29 -7
right_child=2 7 12 6 23 25 14 8 -10 15 22 20 -14 -15 -16 -17 -18 -19 21 -21 -22 -23 -24 -25 -26 -27 27 -29 -30 -31
leaf_value=0.15461543921363211 -0.028337441924043201 0.12074572831817099 -0.085068069178344294 0.065801061295581414 -0.087620511557862657 0.095806402635340238 -0.00078195387669830927 0.04306683270221541 0.07518703870338965 0.018060223570593892 0.077581997219337867 -0.076591329029425004 -0.11201083697984314 0.072033261332422827 -0.049402180343555799 -0.029376351145683072 0.11937685057673771 0.11675028875221478 0.071344629805959556 0.01604309193299085 -0.012045218059760335 0.14724656485986007 -0.015002347880948992 -0.039306017532037406 -0.048739762883111847 0.06153455674727934 0.154170850765184 0.11107346258373577 0.069963402669467281 0.12761247366774606
leaf_weight=11667.726758182049 4907.4920023679733 1710.4217260628939 10596.370608344674 1157.2874891757965 15135.896778538823 5636.4793507307768 1774.0981245487928 3420.3605359643698 4805.8042025864124 2004.6335283368826 569.77327753603458 3804.8966941386461 22789.240756720304 450.56074088811874 4504.3963225632906 2553.6091599166393 495.43228450417519 2052.5683533549309 3796.8346563875675 3418.1561532765627 592.99498791992664 408.01489596068859 423.27755357325077 1082.5270923823118 1549.8943790197372 859.27370312809944 2407.654596015811 4160.6788535118103 2081.2629626095295 4105.2037585526705
leaf_count=48983 27123 6964 69583 5383 97206 23630 9947 15500 20807 8907 2667 22599 162597 2345 25767 12843 2129 8333 15952 16297 3234 1676 2072 5906 9569 3596 9903 17023 8575 16923
internal_value=-0.00122313 0.0997933 -0.0736509 -0.0483742 -0.0635273 0.125546 -0.00856148 0.0555589 0.0398325 0.0197823 -0.0341726 -0.0415311 -0.103459 -0.0198972 -0.0356637 -0.00851459 0.0527217 0.148951 0.0908646 0.0286286 -0.0678882 0.0787097 0.0381189 -0.0812855 -0.084009 0.108865 0.111076 0.126871 0.102301 0.10921
internal_weight=124923 52166 72756.9 39371.3 28517.3 32970.8 10853.9 19195.1 13279.8 8474.04 10749 9755.94 33385.6 5358.05 6278.49 4558.24 3915.79 13720.3 5915.27 4575.44 4397.89 4204.85 993.051 17768.3 16685.8 19250.6 18391.3 6568.33 11822.9 9741.68
internal_count=684039 221744 462295 230115 172721 136966 57394 84778 60186 39379 60040 55301 232180 29468 35714 21750 17629 57316 24592 21680 25833 17628 4739 112681 106775 79650 76054 26926 49128 40553
is_linear=0
shrinkage=0.1


Tree=7
num_leaves=31
num_cat=0
split_feature=11 2 11 12 11 11 11 11 7 7 6 12 2 5 12 5 11 12 5 11 11 4 5 3 3 12 11 7 6 7
split_gain=76530.1 5246.33 5225.24 1737.64 1423.19 1406.68 1383.71 978.212 503.542 471.458 469.094 480.204 444.622 410.179 580.01 343.614 341.45 332.744 259.632 258.353 240.91 317.195 238.099 231.637 206.691 183.069 165.094 164.023 161.3 427.161
threshold=0.21301963180303576 0.20949616283178332 0.35764704644680029 0.50462749600410473 0.24470591545104983 0.18400002270936969 0.29615686833858496 0.10133335366845132 0.10809346288442613 0.08174584805965425 0.092397708445787444 0.37694120407104498 0.37160922586917883 0.062097720801830299 0.42870596051216131 0.10352924093604089 0.41686277091503149 0.44345098733901983 0.099269788712263121 0.24470591545104983 0.27388237416744238 0.38826909661293035 0.053736064583063133 0.25569328665733343 0.22750880569219592 0.35623534023761755 0.1607843488454819 0.09333606064319612 0.033297095447778709 0.048356706276535995
decision_type=2 2 2 2 2 2 2 2 2 2 2 2 2 2 2 2 2 2 2 2 2 2 2 2 2 2 2 2 2 2
left_child=1 7 3 4 10 8 15 -1 22 28 11 -2 26 25 23 -5 -4 -12 -8 -17 21 -6 -3 -15 27 -7 -10 -24 -9 -30
right_child=2 5 16 6 20 13 18 9 12 -11 17 -13 -14 14 -16 19 -18 -19 -20 -21 -22 -23 24 -25 -26 -27 -28 -29 29 -31
leaf_value=0.14486813270466969 -0.02419956664107727 0.080116109530412816 -0.087441161881890841 0.051276214578050996 -0.068342737057305619 0.043253150640326588 -0.017610953446998139 0.11082371793942747 0.11374557069196459 0.13886925706547834 -0.068857660588749023 0.052440589690110485 0.048943003138262137 0.032725528259551002 0.055680390374508906 0.035220425008459066 -0.11089991365308849 0.0015590558134834299 -0.059894592116288406 -0.0155093306304634 -0.086528771977361113 0.021900760998567397 0.045709956278000223 -0.023427734789093681 0.021123556170527007 0.095026574277780287 0.079709006459481133 0.1116554423808907 0.05246550501168501 0.10465312114303622
leaf_weight=11281.59575919807 3829.5091302841902 2614.5156528353691 9284.0696766972542 1886.3798899948597 7022.1148574948311 3137.8685212433338 2007.8417473137379 4498.9544077068567 5187.8409053832293 3326.5922936201096 3175.0432616025209 1039.4574723094702 1812.2714456766844 978.41198600828648 2099.2770419865847 1472.6274273395538 18706.187966197729 850.89582332968712 5247.0464635789394 3153.9516710042953 11267.984255194664 412.35995794832706 1150.483220115304 2948.1003129929304 2228.798217907548 872.97270050644875 1964.8050012588501 561.12211948633194 2405.2447565793991 4507.8623847216368
leaf_count=49193 21058 10855 66476 8845 46311 13871 12009 18875 21328 14111 19396 5254 7512 4380 9034 6703 144280 4412 32766 16255 76297 2127 4741 14920 9503 3801 8299 2300 10142 18837
internal_value=-0.00114994 0.0910985 -0.0697511 -0.0471725 -0.0616489 0.0589169 -0.0181548 0.122706 0.0777837 0.105743 -0.0287201 -0.00783795 0.093186 0.0297429 0.0132498 0.0153045 -0.103119 -0.0539748 -0.0481923 0.000637811 -0.0773099 -0.0633373 0.0567186 -0.00943541 0.041194 0.0545218 0.104396 0.0673291 0.0960865 0.0864957
internal_weight=120932 51576.7 69355.5 41365.2 27597.4 25556.5 13767.8 26020.2 15519.8 14738.7 8894.91 4868.97 8964.92 10036.6 6025.79 6512.96 27990.3 4025.94 7254.89 4626.58 18702.5 7434.47 6554.92 3926.51 3940.4 4010.84 7152.65 1711.61 11412.1 6913.11
internal_count=683891 221702 462189 251433 174855 110544 76578 111158 64538 61965 50120 26312 37139 46006 28334 31803 210756 23808 44775 22958 124735 48438 27399 19300 16544 17672 29627 7041 47854 28979
is_linear=0
shrinkage=0.1


Tree=8
num_leaves=31
num_cat=0
split_feature=11 10 10 2 11 11 11 9 3 9 10 10 9 10 9 10 10 9 10 9 10 9 10 9 9 3 2 10 11 11
split_gain=63822.9 8496.88 6049.89 2158.85 2085.28 2056.61 1708.04 1187.97 966.987 945.339 842.534 766.78 867.658 675.502 575.303 840.059 564.006 1425.99 447.214 438.087 406.403 392.777 359.152 482.872 344.01 315.77 294.144 263.709 241.033 236.794
threshold=0.2177255377173424 -0.019293874502182003 -0.053326100111007683 0.23451638221740725 0.32078436017036444 0.3909019678831101 0.17866669595241549 0.05280254781246186 0.12620167434215548 -0.038564205169677727 0.044736176729202277 -0.096881136298179613 -0.021787509322166439 -0.12424923852086066 0.0056829154491424569 0.0099298208951950091 -0.0064177140593528739 1.0000000180025095e-35 0.004201337695121766 0.030412353575229648 0.023598179221153263 0.02473835647106171 -0.049564413726329797 -0.018032789230346676 0.11062811315059663 0.35633343458175665 0.29562459886074072 0.058217898011207588 0.30235294997692114 0.3860392570495606
decision_type=2 2 2 2 2 2 2 2 2 2 2 2 2 2 2 2 2 2 2 2 2 2 2 2 2 2 2 2 2 2
left_child=1 3 4 22 9 7 8 16 -3 13 -9 26 -13 -2 18 -16 17 -4 -10 -8 -21 -17 -1 -24 -12 -11 -5 -23 -19 -6
right_child=2 6 5 11 29 -7 19 10 14 25 24 12 -14 -15 15 21 -18 28 -20 20 -22 27 23 -25 -26 -27 -28 -29 -30 -31
leaf_value=0.13773595000157357 0.059771422249675701 0.14020451504581172 -0.072666535508017868 0.12431956190659532 -0.03461270112335766 -0.1064194670369073 -0.029682287264408448 0.039585440429705965 0.038484638287321751 0.15484713299871397 -0.062604788666465627 0.0095289391525667788 0.089256986400821289 -0.01763004656676663 0.11174902686769138 -0.0071367961001283439 -0.084514319921139142 0.065802641258123143 -0.027999222043607032 0.1001410861027094 0.0011674404162421166 0.080590958051422676 0.067043557971579668 0.12811291735434646 -0.0095570066375549618 0.066457344868126642 0.079494988295032376 0.022473251663445465 -0.017687528586717644 -0.088825329325071062
leaf_weight=15837.095225676894 2027.4307535886765 1093.6100117117167 6956.2158401757479 2831.8776943087578 1821.9930162876844 19590.258987411857 4583.415498688817 1406.7973257154226 2629.1879198998213 719.59854531288147 4066.7177653163671 2752.3734840452671 2707.9079548716545 2540.2730062156916 2130.1408680975437 1455.7765516787767 19837.896971091628 942.48916894197464 1644.6875316053629 531.66982512176037 1888.597839191556 1813.12957239151 1881.7509286999702 4150.5712136477232 1747.8824652284384 922.05739936232567 3030.6838389784098 1371.1799110025167 546.16498351097107 1444.4257797300816
leaf_count=70769 8690 4969 46084 11805 11282 162847 22712 8275 10875 3314 26863 12182 11389 12790 8806 6066 138143 5491 6879 2460 9227 7479 8092 18118 10577 4453 12313 5692 3741 11005
internal_value=-0.00119563 0.0808772 -0.067715 0.111476 0.0060931 -0.0804094 0.0278167 -0.0660577 0.0505079 0.0401173 -0.0298574 0.0760329 0.0490683 0.0167255 0.041626 0.0597599 -0.0753007 -0.053657 0.0129001 -0.0115081 0.0229094 0.0358931 0.129827 0.109063 -0.0466585 0.105202 0.101147 0.0555652 0.0351713 -0.0585858
internal_weight=116904 52333.7 64570.2 33192.3 9475.78 55094.4 19141.4 35504.2 12137.7 6209.36 7221.4 11322.8 5460.28 4567.7 11044.1 6770.23 28282.8 8444.87 4273.88 7003.68 2420.27 4640.09 21869.4 6032.32 5814.6 1641.66 5862.56 3184.31 1488.65 3266.42
internal_count=683388 229833 453555 144668 51534 402021 85165 239174 50766 29247 45715 47689 23571 21480 45797 28043 193459 55316 17754 34399 11687 19237 96979 26210 37440 7767 24118 13171 9232 22287
is_linear=0
shrinkage=0.1


Tree=9
num_leaves=31
num_cat=0
split_feature=3 10 10 3 3 8 10 10 10 4 4 4 12 10 7 5 7 7 1 7 3 4 3 7 3 1 10 8 1 8
split_gain=42016.7 15222 6091.4 2813.35 2719.9 1332.07 1053.47 896.275 849.371 844.066 817.56 647.916 761.225 571.31 569.664 733.227 517.83 466.6 445.56 436.353 428.278 396.915 320.299 295.689 282.267 453.88 285.871 244.686 234.408 221.269
threshold=0.26199746131896978 -0.054652672260999673 -0.011527158319950102 0.50115239620208751 0.42901611328125006 0.038273641839623458 -0.13697160780429837 -0.17140261083841321 -0.05078452825546264 0.12980236858129504 0.2022742033004761 0.30004139244556433 0.3918431699275971 0.015549093484878542 0.050043474882841117 0.062833361327648177 0.10203116387128831 0.086911011487245574 0.15419610589742663 0.16361390054225924 0.38388635218143469 0.20468650758266452 0.40658894181251531 0.04463151469826699 0.35306981205940252 0.27811770141124731 -0.087573021650314317 0.052710121497511871 0.17615689337253573 0.042402237653732307
decision_type=2 2 2 2 2 2 2 2 2 2 2 2 2 2 2 2 2 2 2 2 2 2 2 2 2 2 2 2 2 2
left_child=2 4 8 5 6 11 -2 -6 -1 -4 -10 12 -3 18 -13 17 -15 22 23 -17 -21 28 -16 -11 25 26 -8 -7 -20 -9
right_child=1 3 9 -5 7 27 24 29 10 13 -12 14 -14 16 15 19 -18 -19 21 20 -22 -23 -24 -25 -26 -27 -28 -29 -30 -31
leaf_value=0.13040079203944419 0.10283795779534732 -0.047686260121227481 0.12605629189435238 -0.098813409179991207 0.062471362719475947 -0.021050233766351269 0.070633349377146493 -0.049039681243891818 0.11540444304730819 -0.061235965008475148 0.053244507931586617 -0.097168936512761608 0.03513097222089772 -0.012922800142291444 -0.016264945867962708 -0.078187159198801634 0.072024837751573353 0.019097487727265886 0.043313862991093494 0.039136611855164913 -0.053964491476066329 0.027962429112012296 -0.075819620267027724 0.097060722141320332 0.017316379414047151 0.10125526814028162 -0.0052984977156868666 0.024552337791532656 0.11175312326298954 -0.00033891271607446841
leaf_weight=15380.547949492931 5008.7437506020069 6906.2965365946293 825.72948299348354 18986.895966671407 1172.6230272650719 3147.253986723721 900.08538445830345 3332.4514400139451 5542.82055811584 564.90058028697968 3422.372967377305 4927.0039445832372 1322.3809133768082 4911.6628044843674 1788.8356785774231 13329.952192462981 840.38584445416927 1560.9241986274719 776.44181382656097 577.18559966981411 3432.5196682587266 2309.2089409679174 1823.8068028837442 149.16122904419899 2748.7712354511023 1521.0196289867163 1103.9157063364983 1879.1187634840608 1407.9137817323208 1295.654270298779
leaf_count=71484 21356 41714 3891 166658 5096 18289 3744 21623 25253 2368 14368 38477 7242 21406 12248 96168 3564 9195 3232 2800 22139 10106 14135 633 12935 6655 5135 9527 5818 6966
internal_value=-0.00135019 -0.0432034 0.0875725 -0.0670275 0.0400286 -0.0521974 0.0686394 -0.0156198 0.11614 0.0285583 0.0916755 -0.058989 -0.0343772 0.0212125 -0.0663695 -0.059629 -0.00051178 -0.0265902 0.0452079 -0.0694867 -0.0405629 0.0568681 -0.0463305 -0.0281692 0.0413366 0.0600672 0.0288058 -0.00400163 0.087426 -0.0354057
internal_weight=112897 76765.4 36131.1 59682.2 17083.3 40695.3 11282.5 5800.73 24345.7 11785.4 8965.19 35668.9 8228.68 10959.7 27440.2 22513.2 5752.05 5173.57 5207.63 17339.7 4009.71 4493.56 3612.64 714.062 6273.79 3525.02 2004 5026.37 2184.36 4628.11
internal_count=684225 522102 162123 438592 83510 271934 49825 33685 111105 51018 39621 244118 48956 47127 195162 156685 24970 35578 22157 121107 24939 19156 26383 3001 28469 15534 8879 27816 9050 28589
is_linear=0
shrinkage=0.1


Tree=10
num_leaves=31
num_cat=0
split_feature=11 10 10 11 2 4 11 9 10 9 11 9 10 10 10 9 10 12 9 9 10 9 10 9 12 2 2 11 5 2
split_gain=46335.2 6529.18 4778.42 1926.26 1864.58 1704.33 1556.48 1100.45 1078.48 773.036 704.353 685.838 553.609 491.106 460.083 742.539 458.892 614.063 554.218 440.789 424.367 948.5 354.836 438.714 321.086 304.225 240.965 225.087 217.605 215.403
threshold=0.21929415315389636 -0.02694258093833923 -0.048354223370552056 0.38854905962944036 0.22667317837476733 0.20703305304050448 0.32078436017036444 0.039088249206542976 0.033743798732757575 -0.029808565974235531 0.096000019460916533 0.030412353575229648 -0.1051020324230194 0.028153672814369205 -0.1051020324230194 -0.024143129587173458 0.0034753829240798955 0.21254904568195346 -0.003532711416482925 0.10069510340690614 -0.0049758702516555777 -0.003532711416482925 0.011302389204502107 0.0017122924327850344 0.19576474279165271 0.29562459886074072 0.42140653729438787 0.3909019678831101 0.10701676830649377 0.17685951292514804
decision_type=2 2 2 2 2 2 2 2 2 2 2 2 2 2 2 2 2 2 2 2 2 2 2 2 2 2 2 2 2 2
left_child=1 4 6 7 29 10 9 20 26 12 -3 22 28 -13 25 -16 18 -18 24 -10 21 -4 23 -7 -12 -6 -9 -8 -2 -1
right_child=2 5 3 -5 14 11 27 8 19 -11 16 13 -14 -15 15 -17 17 -19 -20 -21 -22 -23 -24 -25 -26 -27 -28 -29 -30 -31
leaf_value=0.12915177038458775 0.071545044089824428 0.11723736515194205 -0.07063789080708574 -0.10188616905867087 0.11152281977993535 -0.016284406428396854 -0.032247653216412916 0.091533090095047773 -0.061620284830957543 0.092373069951932854 -0.034011105206653562 0.083848288929887119 -0.022969740453066389 0.013248060043382907 0.014753367713251857 0.086033632950961281 -0.040762333769632578 0.050399006863210388 0.10868337403396762 -0.0074791779206983267 -0.081554696146524136 0.018450278750341807 -0.036365947164209912 0.049521096430493003 0.063893085992020662 0.065545578000534177 0.012022637646230502 -0.084626594615674067 0.013509084953779685 0.10634232324891424
leaf_weight=10782.424784392118 1324.8458990007639 1805.009885519743 5761.461219213903 17010.213442787528 2910.0849747657776 3081.4781618863344 1999.2148355022073 642.31867210566998 5409.1136896312237 1513.7979916632175 547.64217208325863 1420.6593565046787 2467.8465953022242 3215.0802312940359 3044.1126348227262 2810.9328695833683 1092.2645574957132 2284.0693984478712 1893.1898258328438 2082.7709191963077 15137.074701942503 1507.8484657928348 3668.0832282751799 1509.3470120280981 862.63110017776489 2847.2426588535309 937.447604842484 1391.4230230748653 1260.982984110713 6720.8618105053902
leaf_count=54293 5583 8743 42154 163987 12867 14320 13109 3998 39307 7054 2327 6128 13062 14910 13320 11754 4654 9326 8147 13165 116938 9827 17953 6851 3721 11806 5777 11874 5531 31617
internal_value=-0.00119612 0.0689677 -0.0618146 -0.0747725 0.0997811 0.0270044 0.00128015 -0.0601207 -0.0307358 0.0296871 0.061811 0.00410128 0.0109099 0.0348841 0.0687121 0.0489741 0.0468338 0.0209078 0.0733317 -0.0465689 -0.0720177 -0.0521586 -0.0131771 0.00535078 0.0258746 0.0887851 0.0443509 -0.0537425 0.0432437 0.120393
internal_weight=108941 50495.1 58446.4 48488.2 29115.7 21379.5 9958.11 31478 9071.65 6567.47 8484.81 12894.6 5053.68 4635.74 11612.4 5855.05 6679.8 3376.33 3303.46 7491.88 22406.4 7269.31 8258.91 4590.83 1410.27 5757.33 1579.77 3390.64 2585.83 17503.3
internal_count=684103 232737 451366 395153 135657 97080 56213 231166 62247 31230 36918 60162 24176 21038 49747 25074 28175 13980 14195 52472 168919 51981 39124 21171 6048 24673 9775 24983 11114 85910
is_linear=0
shrinkage=0.1


Tree=11
num_leaves=31
num_cat=0
split_feature=11 10 10 3 11 11 11 3 10 1 11 10 1 4 2 1 5 4 3 1 7 11 2 4 10 4 7 3 10 7
split_gain=39269.5 6534.94 3496.39 2124.28 1791.41 1597.34 1134.03 929.216 853.025 452.642 689.618 414.624 404.81 420.052 387.698 371.224 314.768 280.56 277.915 276.04 270.88 242.44 240.543 248.435 212.221 272.77 204.957 195.609 187.935 186.181
threshold=0.22823534905910495 -0.026070289313793179 -0.044989295303821557 0.23824630677700046 0.18752942234277728 0.39341177046298986 0.34854902327060705 0.12620167434215548 -0.099455729126930223 0.43937253952026373 0.31388236582279211 0.0063789486885070809 0.14572552591562274 0.2022742033004761 0.29405279457569128 0.25411768257617956 0.093484833836555495 0.28561884164810186 0.27908530831336981 0.1733333691954613 0.050043474882841117 0.13803923875093463 0.31524874269962316 0.24668934196233752 -0.06153243035078048 0.18170361220836642 0.054056707769632346 0.25569328665733343 -0.085437595844268785 0.046797089278697974
decision_type=2 2 2 2 2 2 2 2 2 2 2 2 2 2 2 2 2 2 2 2 2 2 2 2 2 2 2 2 2 2
left_child=1 3 6 24 7 9 16 -3 14 17 -11 12 20 -14 -5 27 28 -4 -17 26 -9 -21 23 -6 -1 -26 -13 -10 -2 -19
right_child=2 4 5 8 22 -7 -8 11 15 10 -12 19 13 -15 -16 18 -18 29 -20 21 -22 -23 -24 -25 25 -27 -28 -29 -30 -31
leaf_value=0.12382904852472265 0.05980318810573685 0.12438497174697315 -0.030678805158020257 0.10646602172105679 0.004569182102248011 -0.10016588465880596 -0.064665225432723669 -0.052794300289978426 0.041140226798661465 -0.0036318778089755675 -0.061475532872220642 -0.063835199298827569 0.089005032897920833 0.034414069010368829 0.05969943631829501 0.113142453144638 -0.0057950836887257339 -0.091555897400649677 0.040703813714429438 0.052906370437899121 0.093415462020616818 0.011000154575194954 0.013018145840620497 -0.040738372963918246 0.11924302341533477 0.075467912944178497 0.05983171247693983 -0.017061894780676417 0.011270594804460635 -0.066885304556990807
leaf_weight=10615.79050013423 1679.3072253465652 1214.0281248390675 1765.2655408978462 3793.3513612598181 1677.5689458996058 15135.313734970987 2514.1239318326116 550.07994128763676 904.02270556986332 3139.8558974191546 5999.0035560876131 643.14783349633217 2724.9209917187691 2919.757424980402 3327.6930638849735 656.95228633284569 3811.8606927096844 3965.375690318644 2732.7132668942213 1984.0317539572716 164.63971754908562 4538.5880724489689 1860.8659397512674 4344.388308763504 3240.5866613984108 2538.5097688287497 169.29196220636368 1598.4760717898607 1520.1470726802945 13382.669942252338
leaf_count=55707 7412 6433 12268 17811 7707 158389 20937 2336 3781 18717 48666 2784 12010 12184 13901 2785 19551 34561 12020 8171 781 19373 9650 25353 16952 11686 708 7255 8528 105932
internal_value=-0.00119762 0.0603412 -0.0619066 0.0914898 0.0201494 -0.0739511 -0.00704488 0.0405356 0.0613226 -0.0599072 -0.0416021 0.0331023 0.0517897 0.0607674 0.0846118 0.0331762 0.0136167 -0.0686597 0.0547432 0.0169006 -0.0191141 0.0237471 -0.0184062 -0.0281168 0.115435 0.100014 -0.0380661 0.00396351 0.036744 -0.0725245
internal_weight=105112 52199.4 52912.9 29408.1 22791.3 43387.5 9525.44 14908.5 13013.2 28252.2 9138.86 13694.5 6359.4 5644.68 7121.04 5892.16 7011.31 19113.3 3389.67 7335.06 714.72 6522.62 7882.82 6021.96 16394.9 5779.1 812.44 2502.5 3199.45 17348
internal_count=684349 249388 434961 141898 107490 378533 56428 64780 57553 220144 67383 58347 27311 24194 31712 25841 35491 152761 14805 31036 3117 27544 42710 33060 84345 28638 3492 11036 15940 140493
is_linear=0
shrinkage=0.1


Tree=12
num_leaves=31
num_cat=0
split_feature=11 10 11 10 3 3 9 10 9 10 9 3 10 10 6 10 9 9 9 9 10 9 9 10 12 11 11 3 10 12
split_gain=33371.3 5764.99 3146.52 2270.77 1882.57 1802.68 989.305 746.922 715.563 711.311 688.011 644.745 616.038 507.656 474.359 470.729 456.98 390.593 370.33 337.135 336.509 682.115 324.252 302.347 288.238 275.263 241.301 228.786 215.86 212.014
threshold=0.22964709252119067 -0.03244232386350631 0.37160788476467138 -0.048354223370552056 0.24608527868986133 0.20805617421865466 0.039910063147544868 0.032977417111396796 0.010339803993701937 0.019900858402252201 -0.020664356648921963 0.12620167434215548 -0.13697160780429837 -0.13238719105720517 0.084257822483778014 0.0013770908117294314 -0.0039796531200408927 0.05176042020320893 -0.027169272303581234 0.077566534280776991 -0.010076642036437987 -0.0061803758144378653 0.010816618800163271 -0.063007321208715425 0.44345098733901983 0.43341180682182318 0.19090199470520022 0.34819222986698156 0.020616784691810611 0.52407845854759227
decision_type=2 2 2 2 2 2 2 2 2 2 2 2 2 2 2 2 2 2 2 2 2 2 2 2 2 2 2 2 2 2
left_child=1 4 3 10 -1 11 20 -8 24 -10 13 -3 27 -2 15 16 -13 -11 23 -9 21 -5 -17 -14 26 -4 -7 -6 -24 -22
right_child=2 5 25 6 12 8 7 19 9 17 -12 14 18 -15 -16 22 -18 -19 -20 -21 29 -23 28 -25 -26 -27 -28 -29 -30 -31
leaf_value=0.11102242873378487 0.037661035728733402 0.12001464434559601 -0.07700165023921024 -0.064941255847158208 0.1034544387597482 -0.0093304818596593644 0.046188795225936177 -0.060395194204723182 0.060775114221782833 -0.02493991098229861 0.07673693139802551 0.023248295060870755 0.037981954522603091 -0.02507804722502472 0.1082914327782285 -0.031833997119932241 0.096892839404282213 0.026662101270962552 0.067532478263252135 -0.012699273518560806 -0.082220370861998224 0.025476078392450797 0.07822264103572632 -0.019810195614771271 0.039675162843296558 -0.1025207294301235 -0.047990989157155828 0.060380014821059459 0.0060673914796090002 -0.049906157691201401
leaf_weight=15100.813061058521 1892.3885476738214 1371.0352075397968 6832.9630844518542 3783.7704431340098 2725.7173906415701 3110.2817714810371 1266.3617013096809 3209.7666269689798 2847.5089693516493 3050.0358093008399 1242.1264398619533 1649.9998583942652 2718.7770301252604 4049.6728774234653 1031.3263468742371 1275.1026051789522 1721.8919281512499 2825.9763173237443 2515.5189680829644 2753.1086815446615 10370.05221568048 1070.39438893646 685.6684781908989 1357.1173861026764 666.3861421495676 11082.44080466032 3356.9112491682172 2251.7365526109934 1048.7730287909508 2524.6986312717199
leaf_count=82009 8409 7757 68979 30385 13254 13383 7786 25626 12877 15744 6118 7465 11609 22584 4695 5395 7908 13069 10610 18548 91602 7159 2904 6470 3116 125773 19508 9757 4306 19421
internal_value=-0.00112917 0.0555484 -0.0592021 -0.0404939 0.0877677 0.0206765 -0.0547441 -0.0235606 0.000545723 0.0197554 0.0090516 0.0570179 0.0574133 -0.00509732 0.0453662 0.0351967 0.0608557 -0.000122729 0.0373606 -0.0383736 -0.0674453 -0.0450033 0.00644832 0.0187394 -0.0229454 -0.0927877 -0.0293979 0.0839681 0.0345922 -0.0758935
internal_weight=101388 51310.6 50077.7 32162.3 26669.7 24640.9 24978.2 7229.24 15857.1 8723.52 7184.19 8783.8 11568.9 5942.06 7412.76 6381.44 3371.89 5876.01 6591.41 5962.88 17748.9 4854.16 3009.54 4075.89 7133.58 17915.4 6467.19 4977.45 1734.44 12894.8
internal_count=684226 251836 432390 237638 133709 118127 200527 51960 77697 41690 37111 40430 51700 30993 32673 27978 15373 28813 28689 44174 148567 37544 12605 18079 36007 194752 32891 23011 7210 111023
is_linear=0
shrinkage=0.1


Tree=13
num_leaves=31
num_cat=0
split_feature=11 2 11 11 11 12 11 11 6 12 5 12 2 6 12 12 5 5 12 2 6 4 12 12 4 6 5 6 4 2
split_gain=27863.5 3936.38 3142.01 901.634 811.291 802.716 1077.38 512.374 375.975 360.544 338.606 509.366 320.751 316.153 408.063 257.231 256.589 238.132 219.929 187.954 188.801 173.498 169.834 165.097 156.7 148.441 145.106 223.748 242.594 159.677
threshold=0.22823534905910495 0.20949616283178332 0.3909019678831101 0.10133335366845132 0.19090199470520022 0.48925496637821203 0.31215687096118933 0.26337255537509924 0.081976253539323821 0.37874510884284979 0.075499791651964201 0.44784307479858404 0.35439968109130865 0.096803203225135817 0.40721566975116735 0.36564710736274725 0.098461128771305098 0.08641426265239717 0.59654906392097484 0.242294616997242 0.099118065088987364 0.4683621227741242 0.62431374192237865 0.66462749242782604 0.31360253691673284 0.072928484529256835 0.027773389592766765 0.051273914054036147 0.19062595814466479 0.17685951292514804
decision_type=2 2 2 2 2 2 2 2 2 2 2 2 2 2 2 2 2 2 2 2 2 2 2 2 2 2 2 2 2 2
left_child=1 3 5 -1 9 7 16 13 26 19 15 -12 -11 14 -2 -6 -7 22 -18 20 -3 -4 -8 -19 -9 -21 -5 28 -28 -29
right_child=2 4 21 8 10 6 17 24 -10 12 11 -13 -14 -15 -16 -17 18 23 -20 25 -22 -23 -24 -25 -26 -27 27 29 -30 -31
leaf_value=0.11140812820552422 -0.029034355704281808 0.030737748261704053 -0.05358158891275383 0.074837610712733288 0.013249607153870281 0.03353236525368871 -0.032392834515794132 -0.032679094414952106 0.10798249037671036 0.072504438841934041 -0.029577899451644643 0.028333220755388827 0.029332748872371247 -0.058036721733509503 0.056737956849124305 0.060083181533199963 -0.025475577114250744 -0.066096826904745332 0.014696252065077329 0.047046172089132421 0.076194673328991283 -0.097132524254007688 0.035889500079022425 -0.029193436547167537 -0.072649278805498124 -0.0031828808904199161 0.010813973625724931 0.097565316672582281 0.077756070881786071 0.051779307255386792
leaf_weight=8102.5956271439791 3755.3288444057107 4739.2522753030062 981.86647810786963 4254.9832026511431 4315.1843715161085 2214.3813461884856 1952.5952207371593 1103.5319954901934 2010.8335695266724 5223.4621203243732 3928.7555345445871 2476.0292813777924 2566.5519674122334 3102.7413296550512 650.79110664874315 1610.4372455179691 2932.2519718259573 4723.371730491519 2546.2399116829038 781.90913444757462 1131.9330035299063 13381.153397351503 447.79317555576563 1630.8687390312552 8821.7446759939194 2376.9331077635288 1954.5446567237377 1183.8417153358459 748.73316037654877 2135.9982925355434
leaf_count=49023 28427 21049 10933 21131 21585 11442 15513 9782 10886 24140 22925 10909 10643 24387 3984 7562 17278 39170 13958 3386 5199 162269 3554 13790 80218 10525 9356 6380 3671 10472
internal_value=-0.000866741 0.0518097 -0.0549597 0.085512 0.028234 -0.0383439 -0.0224968 -0.0532942 0.0684376 0.0425177 0.00874945 -0.00719001 0.0582808 -0.0335846 -0.0163656 0.0259778 0.00480611 -0.0464885 -0.00680491 0.0289192 0.0395016 -0.0941554 -0.0196547 -0.0566253 -0.0682052 0.00925033 0.0607009 0.0507142 0.0293551 0.0681064
internal_weight=97786.6 49542 48244.7 20391.5 29150.4 33881.6 16447.5 17434.1 12288.9 16820 12330.4 6404.78 7790.01 7508.86 4406.12 5925.62 7692.87 8754.63 5478.49 9030.03 5871.19 14363 2400.39 6354.24 9925.28 3158.84 10278.1 6023.12 2703.28 3319.84
internal_count=683547 248842 434705 110919 137923 261503 114705 146798 61896 74942 62981 33834 34783 56798 32411 29147 42678 72027 31236 40159 26248 173202 19067 52960 90000 13911 51010 29879 13027 16852
is_linear=0
shrinkage=0.1


Tree=14
num_leaves=31
num_cat=0
split_feature=2 10 10 3 2 4 8 3 10 3 10 10 7 10 7 5 4 7 1 3 3 7 3 1 3 1 5 8 7 2
split_gain=18798.3 6668.04 3333.86 2544.65 1350.87 1114.86 837.011 750.648 492.203 469.911 576.848 415.401 407.875 444.504 378.581 685.667 475.604 405.655 306.986 338.636 294.889 290.212 262.814 236.089 476.264 264.286 217.657 318.159 216.518 189.812
threshold=0.24479015916585925 -0.041646108031272881 -0.024358019232749935 0.50751832127571117 0.36972929537296301 0.25827543437480932 0.029689302667975429 0.12620167434215548 -0.089626342058181749 0.19141408056020739 -0.077689349651336656 -0.1415729075670242 0.094016030430793776 0.0085019618272781389 0.045701341703534133 0.05510013364255429 0.35580486059188848 0.073179259896278395 0.14274511486291888 0.20312551409006122 0.23281279951334002 0.10962445661425592 0.42901611328125006 0.2605490535497666 0.30518440902233129 0.31701962649822241 0.0887640416622162 0.052710121497511871 0.047842225059866912 0.31524874269962316
decision_type=2 2 2 2 2 2 2 2 2 2 2 2 2 2 2 2 2 2 2 2 2 2 2 2 2 2 2 2 2 2
left_child=2 4 9 5 8 21 14 -4 29 -1 -11 -6 13 18 -7 16 -16 -18 28 -20 -14 -3 -13 -10 -25 -26 -8 -28 -9 -2
right_child=1 3 7 -5 11 6 26 12 23 10 -12 22 20 -15 15 -17 17 -19 19 -21 -22 -23 -24 24 25 -27 27 -29 -30 -31
leaf_value=0.11162974464650306 0.081998943695337292 0.0029102390351410344 0.1119004124354584 -0.088758158872813228 0.033068389157926155 -0.077468190545943741 0.025561427400469256 -0.070210640232925545 -0.013282505225097297 0.10218534476961641 0.046616211730309227 0.0093854685725372426 0.096443852758887894 -0.014050406939558445 0.023291876948032707 -0.055319356844529113 -0.068602889081218463 0.0068673797290305016 0.062498759294547603 0.004560167162763089 -0.0055501984200589435 0.073531648368508173 -0.03345228800219243 0.10221253161064625 -0.0224399222130819 0.051434865762571627 -0.033234646624860441 0.017152177826917522 0.082191852287832184 0.045069188796962159
leaf_weight=9044.0655002892017 3205.1204998642206 2694.8569806367159 928.1820003837347 12236.243281431496 1933.6714335009456 4333.3969680219889 1228.5073355287313 447.66424097120762 1374.2400147095323 4272.2651886492968 3319.5837215930223 2111.5929944589734 1016.5257474631071 4106.4956473261118 2107.0805988833308 15687.630882821977 1802.4573906362057 1177.4525930806994 2593.7372098714113 1650.8459245562553 393.08910602331161 742.13906121999025 4451.1024078428745 804.4878082498908 1075.915505439043 880.62745276838541 4881.2061011865735 1686.0326195508242 117.73747403919697 2460.0026465654373
leaf_count=57487 15053 12987 5998 155163 8807 41324 7933 1907 6422 24476 16022 10479 4606 17474 14731 128467 18596 8648 11997 6946 1654 3282 33773 3603 6173 4437 34965 9049 612 10598
internal_value=-0.00117242 -0.0299355 0.0677944 -0.049315 0.0215161 -0.0360342 -0.041695 0.0257592 0.0468158 0.0962313 0.0778874 -0.00766656 0.0180163 0.0101141 -0.0505822 -0.0449741 -0.0130706 -0.0387823 0.0307443 0.0399647 0.0680015 0.0181593 -0.0196689 0.0205856 0.0374426 0.0108106 -0.0130717 -0.0202986 -0.0384748 0.0659627
internal_weight=94764 66873.8 27890.2 48577 18296.8 36340.8 32903.8 11254.3 9800.39 16635.9 7591.85 8496.37 10326.1 8916.48 25108 20774.6 5086.99 2979.91 4809.98 4244.58 1409.61 3437 6562.7 4135.27 2761.03 1956.54 7795.75 6567.24 565.402 5665.12
internal_count=683669 534490 149179 435145 99345 279982 263713 51194 46286 97985 40498 53059 45196 38936 211766 170442 41975 27244 21462 18943 6260 16269 44252 20635 14213 10610 51947 44014 2519 25651
is_linear=0
shrinkage=0.1


Tree=15
num_leaves=31
num_cat=0
split_feature=11 10 11 2 10 11 11 1 11 10 1 10 10 6 4 6 4 2 1 4 10 7 2 7 2 10 1 11 4 7
split_gain=20434.6 4436.64 2668.64 1655.2 1630.5 1205.28 646.719 408.712 454.079 296.483 358.782 289.943 282.974 283.48 281.059 262.375 258.93 247.449 227.549 320.698 224.112 249.598 210.319 209.688 192.105 195.622 186.673 205.958 168.096 167.966
threshold=0.2324706166982651 -0.035332426428794854 0.3909019678831101 0.22667317837476733 -0.034404486417770379 0.10650982335209848 0.19090199470520022 0.42917646467685705 0.32800000905990606 1.0000000180025095e-35 0.18156863003969195 -0.20841433852910993 -0.20841433852910993 0.087158776819705977 0.3122378289699555 0.12016874924302103 0.12223225459456445 0.32978442311286932 0.13960786908864978 0.2022742033004761 0.040450610220432288 0.10580275207757951 0.33719009160995489 0.086171798408031478 0.17685951292514804 -0.089626342058181749 0.32831376791000372 0.2977255135774613 0.20468650758266452 0.054056707769632346
decision_type=2 2 2 2 2 2 2 2 2 2 2 2 2 2 2 2 2 2 2 2 2 2 2 2 2 2 2 2 2 2
left_child=1 3 4 24 11 16 9 14 -9 18 29 -2 -5 -14 17 -13 -3 -6 -7 -20 28 -22 23 -8 -1 -26 -17 -28 -12 -11
right_child=2 5 -4 12 7 6 22 8 -10 10 20 15 13 -15 -16 26 -18 -19 19 -21 21 -23 -24 -25 25 -27 27 -29 -30 -31
leaf_value=0.11094226854684748 0.07667158070467367 0.1128006329571617 -0.090133898843666599 0.080699733580326991 -0.047480313813523634 -0.044103522254912757 -0.0063243918525824677 -0.0075480891920919951 -0.054322815593780084 -0.060300041659479921 0.060674359428262818 0.016184540958361342 0.066654594583560309 0.028436112765637261 -0.068848921693076839 -0.063716175257744798 0.051153571593639896 0.025234639715040891 0.069618205731250077 0.020912735582895019 -0.029150082554025583 0.030665601191913062 0.018153927194728237 -0.041306207115195982 0.10465413073553916 0.064673288582195065 0.015943271959306976 -0.031964035915646075 0.016813997741204317 0.037692038396665191
leaf_weight=7160.0686909854412 482.9998367279768 1121.0054276883602 12479.287006504834 2072.5769991576672 3087.3765098825097 329.26680952310562 3590.5566413253546 3930.3940901234746 4397.5402059033513 997.05783452093601 1320.2748362571001 3804.0725142508745 2765.0521375983953 6510.4182722494006 10153.219624586403 789.613954231143 1737.1364794969559 551.60605635493994 2338.4693515002728 3204.3446092009544 1731.6803657710552 1168.2302363216877 1514.2082548215985 3277.7647466138005 2520.7818079143763 2378.5762433856726 1654.1209884658456 1961.5152644887567 2583.9370236247778 212.13584230840206
leaf_count=49660 2039 7778 173613 10310 27773 1510 19486 26342 42340 4304 5634 22540 12363 29400 101697 4229 8635 4458 11667 13672 7398 5012 7379 21446 15738 13393 8125 14110 11136 893
internal_value=-0.00117243 0.0433813 -0.0511207 0.0747063 -0.0353201 0.0141989 0.00635222 -0.0497403 -0.0322473 0.0195934 0.00708473 0.00137621 0.0472937 0.0398292 -0.0603028 -0.00305383 0.0753325 -0.036458 0.0366633 0.0414612 0.0160049 -0.00505331 -0.0155814 -0.0230187 0.100502 0.0852439 -0.0196668 -0.0100469 0.0316461 -0.0431087
internal_weight=91825.3 48533.5 43291.7 23407.5 30812.5 25126.1 22267.9 22120.1 8327.93 13885.4 8013.32 8692.32 11348 9275.47 13792.2 8209.32 2858.14 3638.98 5872.08 5542.81 6804.12 2899.91 8382.53 6868.32 12059.4 4899.36 4405.25 3615.64 3904.21 1209.19
internal_count=684080 256814 427266 130864 253653 125950 109537 202610 68682 61226 34377 51043 52073 41763 133928 49004 16413 32231 26849 25339 29180 12410 48311 40932 78791 29131 26464 22235 16770 5197
is_linear=0
shrinkage=0.1


Tree=16
num_leaves=31
num_cat=0
split_feature=11 10 11 3 10 4 11 12 11 10 4 10 12 6 2 12 6 10 12 10 3 5 4 6 10 6 4 0 5 10
split_gain=17206.6 3756.14 2588.27 1731.77 1486.75 1038.04 605.38 459.57 500.608 427.528 290.39 272.109 281.819 258.312 240.349 223.892 245.635 189.6 183.425 174.357 379.17 170.65 163.266 158.45 153.784 203.287 153.401 206.647 160.977 152.793
threshold=0.23121567815542224 -0.035332426428794854 0.3981176912784577 0.23549830168485644 -0.037430286407470696 0.12980236858129504 0.18752942234277728 0.52407845854759227 0.32078436017036444 -0.2467263117432594 0.31360253691673284 0.0034753829240798955 0.20831374078989032 0.12495711818337442 0.32978442311286932 0.41670589148998266 0.083501994609832778 -0.092008106410503374 0.63827452063560497 -0.096881136298179613 0.32221834361553198 0.0887640416622162 0.47054010629653936 0.051273914054036147 0.058217898011207588 0.10456399619579317 0.2022742033004761 0.1549019664525986 0.049241175875067718 -0.083515599370002733
decision_type=2 2 2 2 2 2 2 2 2 2 2 2 2 2 2 2 2 2 2 2 2 2 2 2 2 2 2 2 2 2
left_child=1 3 4 29 13 -3 11 10 -9 -5 14 26 23 17 -6 16 -8 -2 -15 20 -11 -10 -4 -13 -14 -26 27 28 -7 -1
right_child=2 5 22 9 7 6 15 8 21 19 -12 12 24 18 -16 -17 -18 -19 -20 -21 -22 -23 -24 -25 25 -27 -28 -29 -30 -31
leaf_value=0.11044162967682479 0.047715618167752563 0.10306136985661177 -0.042654344521951514 0.089588195918895053 -0.044818286823473795 0.0011436283201182906 -0.0043617676975216116 0.0012123483875616716 -0.015211045109386404 0.079384060420490954 -0.066049631650186819 -0.054454882471671517 0.025656648599122658 -0.027883456928690417 0.022794910319495036 0.017349773917082954 -0.043121283954034681 0.00383153162086997 0.015838833766037379 0.022589932889181642 0.023464626565577795 -0.059009613810961072 -0.092439192419406416 0.085820374064820057 -0.038588769743708555 0.025194396812645958 0.020877598509693434 0.072099771084816536 0.071982486981387289 0.086632413971488048
leaf_weight=5674.4469382464886 1592.6737580001354 1235.264647886157 704.16806892305613 1721.0036980956793 3285.2664079144597 1045.7425211668015 3901.8784336671233 3506.9349634870887 1174.1615603417158 2237.5188158452511 10194.512667164207 886.34161467850208 4725.5560761541128 3036.8621402084827 625.91788890957832 2022.2998595312238 2814.4356022849679 2578.3082141429186 1402.7185940444469 5057.3002021089196 2647.1228743642569 3670.4080190360546 10206.046690955758 88.571442887187004 1022.7310851365328 977.05627857148647 3427.7651706933975 1961.9441104233265 462.73698058724403 5133.9636223465204
leaf_count=41021 7400 8880 9445 9838 30375 5055 20677 22375 11159 11698 107608 3900 20226 17780 5029 10195 18730 16460 8728 22269 11790 37964 155754 401 4359 4123 14656 10216 2625 33809
internal_value=-0.000782777 0.040747 -0.0473242 0.0702951 -0.0326094 0.0137254 0.00899674 -0.0461551 -0.0275637 0.0435707 -0.0571624 0.0214579 0.00853581 0.00271916 -0.033998 -0.0118205 -0.0206037 0.0205885 -0.0140691 0.0356048 0.0490798 -0.0483943 -0.089226 -0.0417108 0.0158196 -0.00742558 0.0358825 0.0507029 0.022874 0.0991323
internal_weight=89021.7 47043.7 41978 22471.4 31067.8 24572.3 23337.1 22457.2 8351.5 11662.9 14105.7 14598.4 7700.26 8610.56 3911.18 8738.61 6716.31 4170.98 4439.58 9941.94 4884.64 4844.57 10910.2 974.913 6725.34 1999.79 6898.19 3470.42 1508.48 10808.4
internal_count=684545 254468 430077 130425 264878 124043 115163 214510 71498 55595 143012 65561 33009 50368 35404 49602 39407 23860 26508 45757 23488 49123 165199 4301 28708 8482 32552 17896 7680 74830
is_linear=0
shrinkage=0.1


Tree=17
num_leaves=31
num_cat=0
split_feature=11 10 11 3 10 9 9 10 9 10 9 10 9 10 2 11 9 10 3 3 10 9 2 12 6 11 11 3 12 11
split_gain=14611.8 3560.57 2239.55 2029 1128.79 815.404 768.753 1006.59 768.144 631.597 867.71 579.661 511.254 464.682 423.668 402.597 291.189 289.362 251.143 228.018 222.356 305.621 182.413 174.05 180.416 213.198 168.732 165.207 151.338 195.525
threshold=0.24062748998403552 -0.020175367593765255 0.3981176912784577 0.21992734819650653 -0.031509786844253533 0.034650385379791267 0.0021454989910125737 0.011302389204502107 -0.020664356648921963 -0.081494837999343858 -0.0093596652150154096 0.025794878602027897 0.035332515835762031 -0.1139048784971237 0.29405279457569128 0.093176484107971205 0.11062811315059663 0.064714580774307265 0.39987447857856756 0.39168474078178411 -0.060031056404113763 -0.018032789230346676 0.3511911034584046 0.41866673529148107 0.09757524356245996 0.17866669595241549 0.11984315142035486 0.25569328665733343 0.47749021649360662 0.29192157089710241
decision_type=2 2 2 2 2 2 2 2 2 2 2 2 2 2 2 2 2 2 2 2 2 2 2 2 2 2 2 2 2 2
left_child=1 3 4 20 8 28 15 -8 13 14 23 18 26 -2 -5 -3 -13 27 -7 -10 -1 -22 -12 24 -11 -26 -9 -14 -6 -30
right_child=2 6 -4 9 5 11 7 12 19 10 22 16 17 -15 -16 -17 -18 -19 -20 -21 21 -23 -24 -25 25 -27 -28 -29 29 -31
leaf_value=0.10533435985268778 0.020130848229566831 0.081498321207730165 -0.087570766178453607 0.077458145419440974 -0.071207337572408519 0.11712890971397755 0.059099702580342674 0.035447018935789373 0.10323701395382168 -0.0033028506687998102 0.081330578373066412 -0.042813363457751746 0.072912853750361994 -0.036239619632917157 0.032854520984769646 -0.026249558488690584 0.0082916123520978546 -0.00061200122760303802 0.013577410839155982 0.028441322409062227 0.036294034999838382 0.093463745194833914 0.020634739856940795 0.025659092339573294 0.0056273407522384918 -0.080276505060209155 -0.028299375144952961 0.023682078925283782 -0.0094558538828734967 -0.058696684478546535
leaf_weight=6393.1552202105522 2205.5993759706616 365.02969839423895 10164.434947185218 4386.5485313236713 7129.9692070931196 362.74740432202816 4363.4673842638731 459.43452880531549 676.41579430550337 2504.6390020623803 1769.6197830587626 4788.6188363432884 1217.8829544633627 4339.5856157392263 4138.7968707382679 6935.8705786839128 1453.3033238127828 2711.5107865184546 660.97727018594742 1025.5296006202698 1339.7954427301884 3095.6193473786116 687.52551583945751 1147.3301491737366 448.62616369128227 811.49690340459347 4315.2713383734226 1548.1027487292886 1022.3404263556004 3817.8629176840186
leaf_count=49922 10585 2511 166209 25624 82144 2586 22289 2281 3565 11993 7940 45906 5365 30751 18298 37280 10706 13524 4808 6402 8516 20884 2844 5252 2015 4729 23582 8194 7555 40551
internal_value=-0.000691046 0.0355125 -0.0474654 0.0600148 -0.0326326 -0.0459026 0.00563654 0.0188734 -0.00168129 0.0372712 0.0158305 -0.0194758 0.00175263 -0.0172439 0.0558044 -0.0208624 -0.0309146 0.022602 0.0502699 0.0581679 0.0933986 0.0761946 0.0643475 -0.00843888 -0.0188304 -0.0496932 -0.0221655 0.0453587 -0.0619431 -0.0482961
internal_weight=86287.1 48639.7 37647.4 26723.2 27482.9 19235.8 21916.6 14615.7 8247.13 15894.6 7369.24 7265.65 10252.2 6545.18 8525.35 7300.9 6241.92 5477.5 1023.72 1701.95 10828.6 4435.41 2457.15 4912.09 3764.76 1260.12 4774.71 2765.99 11970.2 4840.2
internal_count=684811 273043 411768 158017 245559 194256 115026 75235 51303 78695 34773 64006 52946 41336 43922 39791 56612 27083 7394 9967 79322 29400 10784 23989 18737 6744 25863 13559 130250 48106
is_linear=0
shrinkage=0.1


Tree=18
num_leaves=31
num_cat=0
split_feature=11 10 11 3 3 10 9 9 10 9 10 3 10 10 9 7 10 9 9 10 9 1 10 7 7 7 3 9 10 12
split_gain=12188.8 3141.54 2061.39 1649.55 1069.82 981.508 744.979 650.956 586.628 578.783 564.468 514.221 377.323 375.796 347.803 333.715 322.46 295.106 272.393 268.49 314.794 302.055 238.988 212.314 279.859 297.889 204.26 187.777 375.204 213.568
threshold=0.24203923344612124 -0.040583740919828408 0.3981176912784577 0.23549830168485644 0.20312551409006122 -0.037430286407470696 0.030412353575229648 0.022364795207977298 0.025794878602027897 -0.027169272303581234 0.019900858402252201 0.11983461305499078 -0.1139048784971237 -0.21960572153329846 -0.04021929204463958 0.084670208394527449 -0.085437595844268785 0.087648659944534316 0.069203257560729994 -0.0049758702516555777 -0.0098244249820709211 0.18917649239301684 0.036239534616470344 0.054056707769632346 0.035664461553096778 0.020993687212467197 0.34973940253257757 -0.0057324618101119986 -0.0085547640919685346 0.41866673529148107
decision_type=2 2 2 2 2 2 2 2 2 2 2 2 2 2 2 2 2 2 2 2 2 2 2 2 2 2 2 2 2 2
left_child=1 3 5 -1 11 9 -7 22 -8 12 26 -3 -2 -5 16 19 -15 -10 -12 20 -13 23 27 24 25 -21 -9 29 -29 -6
right_child=2 4 -4 13 7 6 8 10 17 -11 18 15 -14 14 -16 -17 -18 -19 -20 21 -22 -23 -24 -25 -26 -27 -28 28 -30 -31
leaf_value=0.094225564840392115 0.017900995914721714 0.10749571244780337 -0.085212443274810173 0.074460720889888851 -0.032249207270504641 -0.059236556987304193 0.04471599553153599 0.078839465262322772 -0.046337033652895883 0.050529350011014329 -0.0145039936782046 0.0042747930603038572 -0.035086794165778722 0.029679199335618602 0.051702530104325677 0.087497034436050253 -0.020751637772080434 -0.0014295692768212893 0.029812919656429376 -0.052746777442597349 0.074342519643067068 0.039977244294902632 -0.050604773197124156 0.042452154591627565 -0.078714610443235078 0.078279803607124415 0.0087487311995165414 0.047029956014312903 -0.016172966526057164 0.024728174196699024
leaf_weight=8861.0562506690621 2144.5831448063254 1017.4635668545961 9387.1287004686892 2186.0002672597766 4558.6299750730395 11205.653124839067 1222.1635208055377 1703.6927097067237 4236.1828088536859 1740.0157170370221 3552.108700633049 1073.2708198130131 3599.4342063292861 3786.6154650971293 3851.6979507356882 915.08850096166134 1906.140961997211 2235.5655756890774 2275.3599427267909 378.07677348703146 1592.7289179489017 1329.7206095978618 1860.9746603146195 403.75695566087961 821.08300093561411 320.69432756304741 550.0043087080121 1380.6252001151443 2938.2450589761138 768.80291984975338
leaf_count=70363 10259 8640 165691 13044 25523 127507 8954 7888 43723 9805 19877 5884 25192 18313 17336 5166 8906 17524 10610 1635 9261 5765 11201 1905 3670 1406 2320 6505 16600 4114
internal_value=-0.000774165 0.0321376 -0.044967 0.0616604 0.00998333 -0.0306479 -0.0427852 -0.00251777 -0.018825 2.59622e-06 0.0192355 0.0411704 -0.0153033 0.037061 0.0284952 0.0312963 0.0127931 -0.0308244 0.00279973 0.0226081 0.0461348 0.00332866 -0.0177944 -0.0220051 -0.0391285 0.00738662 0.0617341 -0.0114645 0.00403129 -0.0240268
internal_weight=83802.6 48031.8 35770.7 20591.5 27440.3 26383.6 18899.6 19588.4 7693.91 7484.03 8081.17 7851.88 5744.02 11730.5 9544.45 6834.42 5692.76 6471.75 5827.47 5919.33 2666 3253.33 11507.3 1923.61 1519.85 698.771 2253.7 9646.3 4318.87 5327.43
internal_count=684587 275932 408655 127962 147970 242964 197708 104638 70201 45256 40695 43332 35451 57599 44555 34692 27219 61247 30487 29526 15145 14381 63943 8616 6711 3041 10208 52742 23105 29637
is_linear=0
shrinkage=0.1


Tree=19
num_leaves=31
num_cat=0
split_feature=11 2 11 11 11 7 5 12 6 7 12 7 7 5 11 12 2 11 12 6 7 7 7 2 11 5 6 7 5 2
split_gain=10238.4 2857.44 1644.99 829.289 523.135 409.222 568.923 401.821 673.781 386.768 364.17 345.99 278.184 398.923 228.908 191.167 199.497 187.916 318.358 172.052 161.876 235.262 198.284 164.58 144.092 148.807 141.062 135.497 128.977 126.306
threshold=0.25678430497646337 0.20949616283178332 0.41686277091503149 0.098666694015264525 0.19090199470520022 0.050043474882841117 0.067216105759143843 0.44345098733901983 0.090889837592840209 0.086911011487245574 0.65788242220878612 0.092606097459793105 0.044084146618843086 0.040860047563910491 0.36439217627048498 0.37145105004310613 0.2751904577016831 0.34415689110755926 0.54603931307792675 0.15416113287210467 0.034319492056965835 0.048356706276535995 0.020993687212467197 0.16843304783105853 0.34415689110755926 0.047463417053222663 0.12402500957250596 0.053454417735338218 0.026912243105471138 0.42913644015789038
decision_type=2 2 2 2 2 2 2 2 2 2 2 2 2 2 2 2 2 2 2 2 2 2 2 2 2 2 2 2 2 2
left_child=1 3 5 -1 15 -2 11 8 12 20 17 24 -6 27 -12 -3 -17 18 -8 -20 22 28 -5 -23 25 -7 -9 -14 -22 -18
right_child=2 4 -4 9 7 6 10 26 -10 -11 14 -13 13 -15 -16 16 29 -19 19 -21 21 23 -24 -25 -26 -27 -28 -29 -30 -31
leaf_value=0.094732831449856836 -0.068042278678647553 0.013723047778138193 -0.087534305098988144 0.023448329396865666 -0.019109730844250553 0.019311330154251859 -0.051859024800600485 0.045409710861022509 -0.038656316816538611 0.089768394132351645 0.013671341508402846 0.040419171955863288 0.031951710703082163 0.0035204570700066726 -0.042479761090604876 0.065483439219757786 0.03311490022815728 -0.06718565845409584 0.021914979495157839 -0.02844510926754025 0.039551741229256004 0.081816822937650108 0.078386940479079695 0.031881723613219219 -0.044107688982152761 -0.036111043530558461 0.011503735198918279 0.090545317489365007 -0.012885422960390226 -0.0084449061873298533
leaf_weight=5193.3478845059872 3002.920079395175 8171.3695118874311 7463.8327222429216 1067.6321363598108 2652.5869009792805 1327.5517480894923 6118.6966852098703 1703.1457676738501 5085.0526253506541 1676.8007575646043 1946.2203749641776 1545.5309488214552 751.20972818136215 4046.1876204013824 1157.9862603619695 1743.1928190290928 4822.989523306489 3038.2169745787978 983.91589206457138 2184.8256952092052 665.17902228981256 862.33485367894173 1707.8390519768 2813.4856706038117 1224.8392384126782 762.82997351884842 4389.327375844121 831.5269617587328 1590.9710240885615 861.95645420253277
leaf_count=46768 38651 38710 144310 5595 17310 10616 62663 8558 38380 12371 14511 11023 4556 25123 16139 10250 22329 37390 6692 15214 4054 6260 10801 16565 14420 7151 21339 4309 8570 3558
internal_value=-0.00117248 0.0264693 -0.0466794 0.0621066 0.0106345 -0.0335885 -0.0284895 -0.000302629 -0.0100042 0.0457897 -0.0378878 0.00134433 0.00758889 0.0201704 -0.00727514 0.0242777 0.0358884 -0.0455975 -0.0385354 -0.012808 0.0373207 0.0279942 0.0572539 0.0435963 -0.0168721 -0.000913611 0.0209821 0.0627352 0.00257459 0.0268136
internal_weight=81393.5 50636.1 30757.4 15577.6 35058.5 23293.5 20290.6 19459 13366.6 10384.2 15429.9 4860.75 8281.51 5628.92 3104.21 15599.5 7428.14 12325.7 9287.44 3168.74 8707.44 5931.97 2775.47 3675.82 3315.22 2090.38 6092.47 1582.74 2256.15 5684.95
internal_count=684186 305406 378780 110984 194422 234470 195819 119575 89678 64216 152609 43210 51298 33988 30650 74847 36137 121959 84569 21906 51845 35449 16396 22825 32187 17767 29897 8865 12624 25887
is_linear=0
shrinkage=0.1


Tree=20
num_leaves=31
num_cat=0
split_feature=11 11 11 2 3 12 6 7 7 5 12 5 7 7 3 12 11 12 7 11 7 2 6 7 11 12 6 7 2 3
split_gain=8702.71 2567.07 1508.27 746.583 518.583 607.468 536.155 419.728 363.933 460.04 340.804 322.194 319.353 238.584 220.259 180.303 168.853 237.994 167.063 154.47 148.833 374.341 192.446 204.23 145.601 151.317 143.338 139.397 149.005 127.904
threshold=0.26086275279521948 0.14180394262075427 0.41686277091503149 0.12309192493557931 0.24852570891380313 0.44125494360923773 0.092397708445787444 0.044084146618843086 0.048894258216023452 0.073956441134214415 0.67560788989067089 0.044131480157375343 0.095441102981567397 0.10280539467930795 0.34057189524173742 0.34807844460010534 0.35984319448471075 0.54305890202522289 0.054677313193678863 0.35294122993946081 0.055294208228588111 0.18771678954362872 0.033874602988362319 0.020993687212467197 0.21145100146532061 0.38619612157344824 0.16219983249902728 0.10127554088830949 0.33268530666828161 0.32089267671108251
decision_type=2 2 2 2 2 2 2 2 2 2 2 2 2 2 2 2 2 2 2 2 2 2 2 2 2 2 2 2 2 2
left_child=1 3 8 -1 13 6 7 -6 29 12 16 18 -10 -3 -7 -13 17 -11 -9 -12 22 -22 23 -5 25 -8 -19 -23 -29 -2
right_child=2 4 -4 20 5 14 24 11 9 10 19 15 -14 -15 -16 -17 -18 26 -20 -21 21 27 -24 -25 -26 -27 -28 28 -30 -31
leaf_value=0.10326062342774256 -0.02584253859177409 0.023227996871825515 -0.085798624944176893 0.0074884236178214963 -0.034353697248173283 0.053822774472165262 -0.033567275149931915 0.017017673911159849 -0.01872104717842216 -0.052120193071871518 0.021268146895967125 -0.015740600032268882 0.034308229412315136 0.077565448147234997 0.014038847592710244 0.024468779085703076 -0.068649758251097079 0.0039576958971236668 0.073001883239611126 -0.030723683049184432 0.079713174693657754 0.0096903122948411545 0.0071991828679454171 0.077384724514353381 -0.047441642677314225 0.0088405325120167674 -0.034904826626601215 0.059148347979682672 0.018237845932176793 -0.079761980795254761
leaf_weight=2915.5679995268583 566.48533515632153 9277.0263076722622 6900.1101882271469 642.0010402649641 2028.6768392473459 1696.938548155129 2325.4384581074119 928.9414398893714 3716.5443868376315 5242.1493576392531 1275.7242726311088 2483.8801693916321 1635.3318389058113 885.15766199678183 7734.293883562088 2023.8214854449034 2253.8521674200892 1559.2818755879998 1250.6589923873544 1035.1110762059689 3490.0122103914618 1330.0747396275401 1829.2596874237061 1198.2840150296688 3206.1868603080511 1318.4101708158851 2425.1676702126861 2951.8663577437401 1274.7548238635063 1969.3734565377235
leaf_count=29566 7211 47814 144244 3344 15300 8880 12116 5648 37358 56450 9157 14868 11926 4472 37120 13339 31227 11832 6480 14138 29148 7390 10616 8277 28891 6659 18581 18372 5554 27733
internal_value=-0.000935078 0.0239036 -0.0450787 0.0576199 0.00891334 0.00116987 -0.0109643 0.00548866 -0.0321182 -0.0274024 -0.0370594 0.0175753 -0.0025173 0.027961 0.0211971 0.00231219 -0.0441121 -0.0381181 0.0491415 -0.00202097 0.0471555 0.0540457 0.0301688 0.0530007 -0.0318991 -0.0182234 -0.0196963 0.0379246 0.0468097 -0.0677169
internal_weight=79370.4 50791.3 28579.1 15631.8 35159.4 24997.2 15566 8715.98 21679 19143.2 13791.3 6687.3 5351.88 10162.2 9431.23 4507.7 11480.5 9226.6 2179.6 2310.84 12716.3 9046.71 3669.54 1840.29 6850.04 3643.85 3984.45 5556.7 4226.62 2535.86
internal_count=683711 313854 369857 112267 201587 149301 103301 55635 225613 190669 141385 40335 49284 52286 46000 28207 118090 86863 12128 23295 82701 60464 22237 11621 47666 18775 30413 31316 23926 34944
is_linear=0
shrinkage=0.1


Tree=21
num_leaves=31
num_cat=0
split_feature=11 10 11 3 10 9 4 9 9 10 10 10 9 9 10 9 2 10 10 3 3 10 10 9 4 9 10 3 10 10
split_gain=7246.22 2323.97 1852.77 1411.86 939.201 759.862 729.367 677.124 566.224 977.061 555.508 430.009 342.642 311.967 269.625 352.661 279.382 251.044 232.778 232.736 208.984 195.747 184.296 181.487 173.801 171.837 176.869 149.859 162.595 142.894
threshold=0.2324706166982651 -0.040583740919828408 0.41686277091503149 0.21992734819650653 -0.02694258093833923 0.028436645865440372 0.12223225459456445 -0.021240910515189167 -0.003532711416482925 0.0034753829240798955 0.033743798732757575 -0.085437595844268785 0.036805406212806709 0.073981657624244704 -0.21960572153329846 -0.033265203237533562 0.32685141265392309 -0.092008106410503374 0.044736176729202277 0.36966744065284735 0.32492996752262121 0.036239534616470344 0.074140191078186049 0.014754116535186769 0.4683621227741242 -0.081334225833415971 -0.23229044675827024 0.4043740332126618 0.016972184181213382 -0.011527158319950102
decision_type=2 2 2 2 2 2 2 2 2 2 2 2 2 2 2 2 2 2 2 2 2 2 2 2 2 2 2 2 2 2
left_child=1 3 4 -1 7 -6 -3 11 29 -10 27 25 21 -12 -5 17 -17 20 -14 -9 -16 23 -15 -11 -4 26 -2 28 -7 -8
right_child=2 6 24 14 5 10 8 19 9 12 13 -13 18 22 15 16 -18 -19 -20 -21 -22 -23 -24 -25 -26 -27 -28 -29 -30 -31
leaf_value=0.091274970777133368 0.072812566116713037 0.098301696526375243 -8.1653925200583391e-06 0.066101001395578174 -0.054837215596072499 0.11413369511269299 -0.0053351308877977611 0.096215589260017678 0.051581770292201769 -0.025912051998026819 -0.047583883678397998 -0.037265149017422831 0.047222917781868524 0.045806154527286431 0.055105708282613519 0.070071490517973734 0.010370905296254644 -0.013951358950465217 0.0020003380807190039 0.027421721345349887 0.0059152548179807083 -0.042427871189000821 -0.016195127437745011 0.016960318499656648 -0.086588988824207722 0.042240526241224569 -0.013058965817327753 0.0092726624990777055 0.023276636462282688 -0.032255646225081196
leaf_weight=6514.5252750515938 268.82792732864618 843.42988443374634 240.92947228252888 2028.0218737050891 10376.788240715861 387.11915922164917 4114.4280747845769 733.40053606033325 4920.416472107172 2003.36226054281 3606.955217808485 3641.7952118739486 1715.3374395370483 593.4058825224638 1569.184496961534 2415.8423072248697 1160.3666876107454 2406.3447538465261 3383.171915076673 1492.6534579508007 1920.9875479191542 2123.6968486011028 2495.7824789062142 1947.0258477330208 6153.2617759034038 1200.5137251466513 2225.7778034433722 975.42219825461507 400.98576837778091 3786.1401230171323
leaf_count=63232 1139 8837 4673 13776 132961 2696 22563 4046 25548 10289 42958 31693 7930 4924 9615 12281 4978 11335 16308 9607 8815 11514 22609 9774 139776 6352 11933 8057 3687 20275
internal_value=-0.000791878 0.0267352 -0.0346945 0.0540789 -0.0237449 -0.0367024 0.00690166 0.00177787 0.00368874 0.0144523 -0.0144579 -0.0128793 -0.00189949 -0.0276085 0.0330094 0.0259248 0.0507005 0.0108984 0.017215 0.0500867 0.0280313 -0.0179439 -0.00428523 -0.00478157 -0.0833267 0.0111547 -0.00380513 0.0354753 0.0679059 -0.0182361
internal_weight=77645.9 42852.3 34793.6 18015.3 28399.4 18836.5 24837 9562.97 23993.6 16093 8459.67 7336.91 11172.6 6696.14 11500.7 9472.73 3576.21 5896.52 5098.51 2226.05 3490.17 6074.08 3089.19 3950.39 6394.19 3695.12 2494.61 1763.53 788.105 7900.57
internal_count=684181 257070 427111 124032 282662 217892 133038 64770 124201 81363 84931 51117 55815 70491 60800 47024 17259 29765 24238 13653 18430 31577 27533 20063 144449 19424 13072 14440 6383 42838
is_linear=0
shrinkage=0.1


Tree=22
num_leaves=31
num_cat=0
split_feature=11 2 11 11 11 12 5 5 9 12 4 11 11 12 5 12 12 3 3 5 5 5 5 4 4 5 4 4 9 9
split_gain=6194.03 2137.2 1247.49 674.022 402.474 377.823 437.803 304.46 297.031 201.307 169.033 165.322 164.401 268.585 204.245 157.167 147.527 243.789 224.375 180.107 139.908 131.591 124.662 117.886 113.092 108.329 108.097 103.57 104.981 94.1881
threshold=0.26988236606121069 0.20003242045640948 0.43105886876583105 0.096000019460916533 0.1979608237743378 0.45678438246250158 0.087189882993698134 0.067216105759143843 0.085509985685348525 0.65129414200782787 0.28215530514717108 0.36439217627048498 0.33788236975669866 0.47466669976711279 0.12964218109846118 0.39388237893581396 0.38619612157344824 0.30965758860111242 0.25569328665733343 0.1009439565241337 0.02735469397157431 0.099269788712263121 0.082467827945947661 0.47470933198928839 0.31646825373172766 0.099269788712263121 0.3298207968473435 0.268497183918953 -0.012573495507240294 0.013735182583332064
decision_type=2 2 2 2 2 2 2 2 2 2 2 2 2 2 2 2 2 2 2 2 2 2 2 2 2 2 2 2 2 2
left_child=1 3 8 -1 16 6 15 20 9 12 -8 -11 13 24 -15 29 18 -18 19 27 -5 -7 -20 -4 -2 -13 -10 28 -3 -6
right_child=2 4 23 7 5 21 10 -9 26 11 -12 25 -14 14 -16 -17 17 -19 22 -21 -22 -23 -24 -25 -26 -27 -28 -29 -30 -31
leaf_value=0.090030954263105811 -0.0082208014746510041 -0.0067659384391697969 -0.0036475792240556887 0.046526988039363816 -0.012567497422715696 0.038861852201978193 0.00086019788692052492 0.079080143550553372 0.080554812411873788 0.013099598270071282 -0.046947121496602566 0.034089338001169076 -0.054376292490688982 0.0026675979391903074 -0.039303823940752762 0.030055694558876623 0.056112039018246199 0.017133782096310914 0.0072224157361329491 0.056082750683364879 0.017345685229141445 0.0081448463771346975 -0.035217242851163059 -0.087858896379538767 -0.054407849844255257 -0.049302074580068023 -0.0023710306906476078 0.070225955463355097 0.018966133098676355 0.011909815408445686
leaf_weight=3934.319951325655 607.98559637740254 2264.6818843632936 171.89344044774771 2960.2953836470842 5005.6156961768866 2040.0555636361241 933.26092418283224 1586.7224657014012 169.73073701933026 1471.8083049058914 3563.5813684239984 183.44346399232745 4791.6595625840127 2771.7341100499034 1993.1802154555917 1563.6335361599922 2329.3892855122685 5157.1104049906135 1411.7998074963689 1141.4767701923847 3692.1571213528514 4408.4753752574325 1357.7969654202461 5049.8871751278639 4140.5094972029328 1032.8544782996178 2128.1571246758103 309.98573870956898 5286.6123352274299 2291.8280014768243
leaf_count=44019 7420 12247 3559 19542 36136 9983 6408 12891 1184 11436 33149 2775 67699 21205 16672 10842 13028 24742 6879 5904 24060 22772 6816 124869 55148 17827 20920 1808 25412 16644
internal_value=-0.000384469 0.0193938 -0.0417267 0.0559794 0.00799301 -0.00201586 -0.0116121 0.0397194 -0.0299898 -0.0345528 -0.0370253 -0.00944468 -0.0392709 -0.0316627 -0.0148892 0.00128464 0.0182865 0.0292617 0.0113069 0.0189642 0.0303312 0.0178625 -0.0135837 -0.0850868 -0.0484942 -0.0367249 0.00375419 0.0135745 0.0112489 -0.00488018
internal_weight=75751.6 51238.8 24512.8 12173.5 39065.3 19806.5 13357.9 8239.17 19291.1 16993.2 4496.84 2688.11 14305.1 9513.41 4764.91 8861.08 19258.9 7486.5 11772.4 9002.76 6652.45 6448.53 2769.6 5221.78 4748.5 1216.3 2297.89 7861.28 7551.29 7297.44
internal_count=683996 333282 350714 100512 232770 135934 103179 56493 222286 200182 39557 32038 168144 100445 37877 63622 96836 37770 59066 45371 43602 32755 13695 128428 62568 20602 22104 39467 37659 52780
is_linear=0
shrinkage=0.1


Tree=23
num_leaves=31
num_cat=0
split_feature=11 10 11 2 4 9 10 10 9 9 9 10 12 10 9 10 10 9 10 9 12 9 11 6 10 8 12 9 12 4
split_gain=5123.8 2333.8 1281.81 1260.89 781.469 606.191 1237.99 507.445 515.689 450.452 441.099 326.924 302.38 279.421 325.673 278.541 227.237 225.468 194.399 224.729 178.449 174.93 174.19 159.83 150.702 147.027 127.604 135.797 181.708 123.036
threshold=0.26211763918399816 -0.05078452825546264 0.43105886876583105 0.26741208136081701 0.12223225459456445 -0.0093596652150154096 -0.0035369321703910823 -0.01601198315620422 0.032470881938934333 -0.0017707496881484983 0.031091563403606418 0.040450610220432288 0.25725494325160986 -0.1051020324230194 -0.044734761118888848 0.043004035949707038 -0.074149996042251573 0.1040758788585663 0.023598179221153263 0.010816618800163271 0.47466669976711279 0.067726224660873427 0.16988237947225573 0.10789846628904344 -0.2467263117432594 0.032279776409268386 0.23733336478471759 0.013235777616500856 0.47184319794178015 0.24668934196233752
decision_type=2 2 2 2 2 2 2 2 2 2 2 2 2 2 2 2 2 2 2 2 2 2 2 2 2 2 2 2 2 2
left_child=1 3 7 12 -3 20 26 9 -9 16 18 -12 -1 -14 -15 -10 -2 -17 19 -8 22 -13 -6 -5 -25 -26 -7 -28 -29 -21
right_child=2 4 -4 23 5 6 10 8 15 -11 11 21 13 14 -16 17 -18 -19 -20 29 -22 -23 -24 24 25 -27 27 28 -30 -31
leaf_value=0.09497001422167034 0.0032128148507202456 0.094872172090824478 -0.083326474715336246 0.04201471863647295 -0.0084265984545868877 0.072722187515732756 -0.026892642436990868 -0.056848004467865025 0.021582586933659234 0.052131199272306632 0.040725672700021739 -0.021723029325873746 0.079847719250004154 -0.013168538004710358 0.063049609074819365 -0.04341392899129054 -0.034549169720093503 0.0035441394281179928 -0.038306288924636937 0.039005547356584507 0.022156975681822771 0.01525494436266271 -0.038770082298653342 0.054201740263728086 -0.016309606851684349 0.018330176305366198 0.022106307818876268 0.078922714911253564 0.016837373040390343 -0.011860618433328292
leaf_weight=3901.1670534238219 3160.432215962559 885.37935709953308 4835.4740563072264 2337.5289150252938 3072.0138510465622 1520.3399383947253 2628.5046631544828 6887.0941916182637 1432.6133313849568 1151.5261076577008 2550.5262393578887 2540.1154682561755 2687.8891691192985 934.32146174460649 1401.6224830746651 3266.9728189110756 3214.2750715389848 1488.3195324353874 3830.8236574530602 1143.9261555224657 809.50670436024666 2577.4359826371074 4924.7337027564645 714.5572848841548 1970.5513433143497 3239.934863306582 2263.6583663970232 1364.8374401479959 720.14026769995689 813.83703297749162
leaf_count=43931 19474 10760 128569 10962 16816 10384 16087 104767 13647 8183 12878 16092 23502 5286 8920 42698 36088 13931 25793 5324 4185 12913 35436 4025 9313 15051 12610 7183 3119 5948
internal_value=-0.00059867 0.018358 -0.0369916 0.0480216 0.00224697 -0.000419074 0.00847183 -0.026116 -0.0380234 -0.00542984 -0.0058721 0.0114777 0.0740822 0.0578622 0.0325642 -0.0170717 -0.0158277 -0.0287169 -0.0216779 -0.00778859 -0.0225843 -0.00309921 -0.0271134 0.0198716 0.0111358 0.00522977 0.0477844 0.0390658 0.0574788 0.0178606
internal_weight=74270.1 48833.4 25436.7 17187.6 31645.8 30760.4 21954.1 20601.2 13075 7526.23 16085.2 7668.08 8925 5023.83 2335.94 6187.91 6374.71 4755.29 8417.09 4586.27 8806.25 5117.55 7996.75 8262.57 5925.04 5210.49 5868.98 4348.64 2084.98 1957.76
internal_count=683875 316518 367357 120990 195528 184768 128331 238788 175043 63745 95035 41883 81639 37708 14206 70276 55562 56629 53152 27359 56437 29005 52252 39351 28389 24364 33296 22912 10302 11272
is_linear=0
shrinkage=0.1


Tree=24
num_leaves=31
num_cat=0
split_feature=11 10 3 11 9 10 3 9 10 3 9 10 9 9 11 12 12 10 10 9 9 10 10 10 3 10 9 12 2 10
split_gain=4379.93 2299.35 1506.55 898.376 564.091 968.221 449.561 381.495 680.711 360.105 304.972 279.279 380.952 359.149 255.497 237.178 234.698 230.881 169.734 264.581 167.22 158.604 157.721 157.646 150.241 142.71 144.409 144.026 139 138.443
threshold=0.29035295546054846 -0.03244232386350631 0.21283119171857837 0.4384314119815827 0.0080001577734947222 0.0092249214649200457 0.11983461305499078 -0.026533365249633786 -0.1139048784971237 0.3375303596258164 0.036030337214469917 -0.0013975501060485838 0.060974463820457465 0.004345118999481202 0.19968631118535998 0.47466669976711279 0.44784307479858404 0.064714580774307265 -0.058614864945411675 -0.058502346277236932 0.095301419496536269 0.070522755384445204 -0.092008106410503374 0.024328783154487613 0.26199746131896978 0.0085019618272781389 -0.0084468349814414961 0.38431374728679663 0.40656298398971563 -0.26389952003955836
decision_type=2 2 2 2 2 2 2 2 2 2 2 2 2 2 2 2 2 2 2 2 2 2 2 2 2 2 2 2 2 2
left_child=1 2 -1 11 6 28 -3 8 9 -4 23 13 -13 22 25 -16 -9 24 19 -10 -19 -14 -2 -7 -12 26 -8 -27 -6 -11
right_child=3 4 7 -5 5 10 14 16 18 29 17 12 21 -15 15 -17 -18 20 -20 -21 -22 -23 -24 -25 -26 27 -28 -29 -30 -31
leaf_value=0.082514501646078695 0.0013886788990607535 0.098841008948332462 0.068879067395217694 -0.083050634851644434 0.05757108041855185 0.00071226047571875002 -0.015593729239214075 0.064432703143809333 -0.019935966953764421 0.059634680238433407 0.053715381598384362 -0.057264047813915545 0.026468578623694686 0.041056682183209729 -0.045721803295556765 0.010142984257076373 0.02104130254442628 -0.025699459739540027 -0.03217753986870233 0.032919534701462701 0.01542325549567519 -0.026673565090259921 -0.036484873998974231 -0.03516963164890808 0.011097185491117477 -0.041991241391232691 0.01752910423381587 0.04214238383050592 0.0034086025682234541 0.0092018523510988669
leaf_weight=5682.5224893838167 1588.8120320849121 315.27899069339037 2260.074520200491 4181.5249065682292 3568.7739351801574 1840.2677238173783 2975.9467375651002 2938.4253370687366 2229.3233731687069 662.96434023976326 1269.507682569325 5669.9836134538054 762.33764907717705 985.61224815249443 5070.0112359188497 893.97495967894793 2164.9201103150845 2391.1510554663837 2216.2528477497399 1646.5475682392716 1686.1108662933111 2132.9304364807904 3570.6771655157208 3658.8500666245818 2374.0141796804965 1765.0763290151954 2360.125157803297 229.98193667829037 546.36732010170817 3041.1806365475059
leaf_count=65526 10427 4211 17605 120552 21594 12658 14435 15867 11144 3967 5873 92297 7762 8607 54412 6514 9954 16933 13909 8360 8380 26172 44724 28969 15568 8208 12200 1066 2541 13910
internal_value=-0.000727435 0.0138213 0.0378865 -0.0421495 -0.00394239 0.00802085 -0.0191795 0.0231077 0.0134069 0.0374218 -0.00516484 -0.030523 -0.0421939 -0.0142558 -0.0219783 -0.0373479 0.0460254 0.0076535 -0.0101038 0.00251811 -0.00869357 -0.012681 -0.0248221 -0.0231618 0.0259466 -0.0094748 -0.000943621 -0.0322927 0.0503799 0.0182283
internal_weight=72679.5 53787.6 22842.2 18891.9 30945.4 17335 13610.4 17159.7 12056.3 5964.22 13219.9 14710.4 8565.25 6145.1 13295.1 5963.99 5103.35 7720.78 6092.12 3875.87 4077.26 2895.27 5159.49 5499.12 3643.52 7331.13 5336.07 1995.06 4115.14 3704.14
internal_count=684345 373804 160242 310541 213562 112516 101046 94716 68895 35482 88381 189989 126231 63758 96835 60926 25821 46754 33413 19504 25313 33934 55151 41627 21441 35909 26635 9274 24135 17877
is_linear=0
shrinkage=0.1


Tree=25
num_leaves=31
num_cat=0
split_feature=11 10 4 11 9 10 10 9 10 9 10 9 7 4 10 9 9 10 9 9 11 4 10 4 12 10 4 10 10 10
split_gain=3746.27 1794.99 1270.93 1037.18 466.916 496.339 441.242 616.467 419.17 385.029 375.503 437.019 246.73 242.138 235.38 231.735 214.599 211.782 204.323 181.247 176.799 182.048 166.449 133.014 132.986 128.884 145.703 127.598 127.596 122.359
threshold=0.26988236606121069 -0.015267968177795408 0.20703305304050448 0.4384314119815827 0.014242537319660189 0.019900858402252201 -0.20841433852910993 -0.013985611498355864 -0.064502105116844163 -0.058502346277236932 -0.021819643676280972 0.032470881938934333 0.14595798403024676 0.11550552770495416 0.041297331452369697 -0.015933819115161892 0.15159972012043002 -0.060031056404113763 0.060974463820457465 -0.015446867793798445 0.21145100146532061 0.37912210822105413 -0.085437595844268785 0.33987307548522955 0.20831374078989032 0.062463909387588508 0.26041030883789068 0.087830916047096266 0.036239534616470344 -0.1139048784971237
decision_type=2 2 2 2 2 2 2 2 2 2 2 2 2 2 2 2 2 2 2 2 2 2 2 2 2 2 2 2 2 2
left_child=1 2 17 10 13 -6 -4 8 9 29 15 -12 -9 -3 -13 22 -16 -1 25 -19 24 -22 -2 -10 -15 26 -7 -20 -26 -8
right_child=3 4 6 -5 5 18 7 12 23 -11 11 14 -14 20 16 -17 -18 19 27 -21 21 -23 -24 -25 28 -27 -28 -29 -30 -31
leaf_value=0.094053173903197812 0.0042882453623100314 0.10592771610519003 0.059141857142980959 -0.081798322616623897 0.040386898768282518 0.012518330149133901 0.013841225327712398 0.058168432631330584 -0.028804432605895561 0.047798680872497917 -0.053497115085729435 0.021623178814762591 0.011396810989607089 -0.040831379545358565 -0.034676737338116874 0.030790451104133656 0.032197998565368639 0.020573663868004511 0.03263953997731827 0.072588338858802809 -0.049342538138866493 0.025629275065409823 -0.032557409902494581 0.011412992233286698 0.00035390461272294833 -0.038515951306420493 -0.026542318481996161 -0.0048589169743568457 -0.039856773574141573 -0.019655390918876154
leaf_weight=2757.339097648859 2300.7795975543559 148.00447344779968 2614.3482073247433 3877.701864361763 3358.616758685559 2008.3093910440803 2640.2394584268332 3625.682008266449 3805.1681317389011 2695.9301206991076 6276.5933058038354 1325.6712993346155 1637.1443370655179 1432.8870390281081 3881.1135232076049 1397.5756188295782 547.54426937177777 987.03085170686245 1826.1703895181417 2085.1150449216366 3072.9691305607557 362.04284199699759 2624.7479859218001 1049.1052423082292 4545.0425196513534 1797.3094876818359 1820.751773506403 1803.7314089611173 954.94345458596945 1857.910842962563
leaf_count=36910 14245 2174 21266 120785 18580 9527 14904 19704 23312 15689 106217 12759 7589 6953 52276 10206 5157 8429 9319 20632 34226 2502 30039 6489 22192 12827 15830 9497 4898 9452
internal_value=-0.00077255 0.0147052 0.0328647 -0.0348068 -0.00551459 0.00745737 0.0208492 0.0150662 0.0025942 0.0179159 -0.0248788 -0.0352482 0.0436189 -0.0210758 -0.0153431 -0.00514885 -0.0264086 0.0739342 -0.00449103 0.0558769 -0.0228888 -0.0414407 -0.0153463 -0.0201126 -0.0136969 -0.0164247 -0.00605535 0.0140062 -0.00662774 5.82136e-06
internal_weight=71117.5 48885.8 25755 22231.7 23130.8 12614.9 19925.5 17311.2 12048.4 7194.08 18354 12030.9 5262.83 10515.9 5754.33 6323.1 4428.66 5829.48 9256.27 3072.15 10367.9 3435.01 4925.53 4854.27 6932.87 5626.37 3829.06 3629.9 5499.99 4498.15
internal_count=684585 332901 184376 351684 148525 75580 118405 97139 69846 40045 230899 176409 27293 72945 70192 54490 57433 65971 57000 29061 70771 36728 44284 29801 34043 38184 25357 18816 27090 24356
is_linear=0
shrinkage=0.1


Tree=26
num_leaves=31
num_cat=0
split_feature=11 11 11 1 4 12 6 7 5 7 7 5 4 5 12 7 7 7 8 11 8 4 4 7 12 6 4 6 7 7
split_gain=3186.36 1399.03 784.456 509.177 266.117 346.629 496.424 296.925 359.519 272.661 257.911 382.939 231.247 215.325 205.452 202.33 179.377 164.171 152.175 141.612 137.977 133.652 123.017 118.966 116.908 137.033 107.336 100.501 96.5638 87.7451
threshold=0.29192157089710241 0.13803923875093463 0.4384314119815827 0.11592159792780878 0.24410143494606021 0.44345098733901983 0.10067966952919961 0.043540444225072868 0.037821915000677116 0.096157625317573561 0.054677313193678863 0.067216105759143843 0.26652947068214422 0.096767965704202666 0.69411775469779979 0.090491000562906279 0.075656630098819747 0.053454417735338218 0.019711219705641273 0.36219610273838049 0.057937914505600936 0.43370354175567633 0.47470933198928839 0.15878587216138842 0.54901966452598583 0.14237259328365329 0.30935288965702062 0.040299218147993095 0.072539877146482482 0.11488572135567666
decision_type=2 2 2 2 2 2 2 2 2 2 2 2 2 2 2 2 2 2 2 2 2 2 2 2 2 2 2 2 2 2
left_child=1 3 10 -1 9 6 7 -6 17 16 -2 15 -8 -7 19 21 -3 27 29 24 26 -12 -4 -14 -13 -26 -15 -9 -23 -10
right_child=2 4 22 -5 5 13 12 8 18 -11 11 14 23 20 -16 -17 -18 -19 -20 -21 -22 28 -24 -25 25 -27 -28 -29 -30 -31
leaf_value=0.089233066855726406 -0.064651907175269183 0.018547843902354311 0.028511185586955853 0.033120870105837551 -0.028317663283844358 0.030622151227012975 0.015434803031770729 0.044467828758569201 -0.013401407673726384 0.060374385986801171 0.02146007261210206 -0.045106812317664877 -0.045386400221635925 0.048919230121268864 0.0016466126061001848 0.042982033527931042 -0.018485155250340873 0.069896198391476511 0.019730718198979799 -0.058641021965723177 0.028242381742406515 -0.060956432498777996 -0.082245284916605696 0.034958812501744367 0.028779345503523415 -0.026354294420783738 -0.0062790695459394143 -0.016018329616655971 -0.0010740480426400358 0.060947978534199754
leaf_weight=1933.9638852328062 1574.8172841947526 6505.9906810000539 103.25364501401782 9872.337894950062 2684.4485470950603 3983.0986755676568 805.47181780636311 588.64921409636736 4963.6959796883166 1302.8249884620309 755.25248952209949 2485.6327952742577 4804.3706350624561 371.49744734913111 1540.1129159927368 1126.6814118437469 1637.0455713570118 1179.8798056691885 2344.5127446018159 2379.5195953175426 1701.935718588531 583.89421266317368 3485.5980304125696 191.64144809544086 562.88030284270644 2264.1948216333985 6811.8769262097776 515.06034329161048 499.78407377563417 163.97712322324514
leaf_count=29845 27992 36791 2725 76172 26907 21780 4149 4573 38198 7029 7735 32961 42941 1833 21792 9933 8633 6872 15844 44741 7968 9772 117953 1146 4835 21275 40388 4063 6335 1171
internal_value=-0.000292321 0.0120172 -0.0374177 0.0423125 0.00319795 -0.00126559 -0.0101313 0.00113421 0.00923834 0.0178987 -0.026567 -0.0216501 -0.034288 0.011302 -0.0316921 0.00961216 0.0111029 0.0439635 -0.0013741 -0.0383671 0.0026412 -0.010833 -0.0790587 -0.0423044 -0.0292866 -0.015377 -0.00342442 0.0162412 -0.0333391 -0.0110238
internal_weight=69723.9 52362.3 17361.6 11806.3 40556 31110.1 18241.7 12440.2 9755.78 9445.86 13772.8 12198 5801.48 12868.4 9232.34 2965.61 8143.04 2283.59 7472.19 7692.23 8885.31 1838.93 3588.85 4996.01 5312.71 2827.08 7183.37 1103.71 1083.68 5127.67
internal_count=684352 376303 308049 106017 270286 217833 145864 97628 70721 52453 187371 159379 48236 71969 125604 33775 45424 15508 55213 103812 50189 23842 120678 44087 59071 26110 42221 8636 16107 39369
is_linear=0
shrinkage=0.1


Tree=27
num_leaves=31
num_cat=0
split_feature=10 3 11 9 10 9 3 10 10 11 9 9 12 10 9 11 4 10 10 4 9 9 10 11 4 9 3 8 9 10
split_gain=2869.63 1569.21 1005.28 749.961 1008.6 595.947 474.525 438.371 349.276 325.69 260.884 249.658 224.215 215.06 323.387 208.347 153.735 153.087 142.579 138.516 128.597 128.581 147.56 144.438 126.355 114.549 112.725 111.146 127.722 262.595
threshold=0.00068646669387817394 0.20094230026006701 0.41686277091503149 -0.0017707496881484983 -0.069114297628402696 0.028436645865440372 0.34819222986698156 -0.040583740919828408 0.043004035949707038 0.20815686136484149 0.073981657624244704 -0.0039796531200408927 0.48039217293262487 -0.11722159385681151 -0.058502346277236932 0.35529416799545294 0.47054010629653936 0.082012906670570387 -0.23229044675827024 0.12223225459456445 -0.069223575294017778 0.016336955130100254 -0.011527158319950102 0.22086278349161151 0.30313040316104894 0.12982779741287234 0.11983461305499078 0.031404091045260436 -0.024731308221817013 -0.02876416593790054
decision_type=2 2 2 2 2 2 2 2 2 2 2 2 2 2 2 2 2 2 2 2 2 2 2 2 2 2 2 2 2 2
left_child=1 7 5 4 6 9 13 -1 24 26 -10 19 21 -3 -15 27 -4 -12 -8 -9 -20 22 -5 -23 -7 -19 -2 28 -6 -30
right_child=2 3 16 12 15 8 18 11 10 -11 17 -13 -14 14 -16 -17 -18 25 20 -21 -22 23 -24 -25 -26 -27 -28 -29 29 -31
leaf_value=0.084495981568913206 0.10508615513941209 0.062563804857905456 0.010257224337471768 0.053116358999602799 -0.031623741029654817 0.039157856757190808 0.039160753719254662 0.09706488433224103 -0.029231306778740297 -0.046190480005768898 0.03437601786478247 0.062700149386001811 0.016424027584133256 -0.020989556649631157 0.053473743218622742 -0.057890994737958473 -0.080762466675277422 -0.023001854406908953 -0.011705777448998783 -0.0006393360836978078 0.018914656345117811 0.053992651195822708 -0.0025229601296343301 0.11625393881901946 0.004385321249254598 0.014170585804637845 -0.016279889265030292 0.0064108726926589161 0.026566486080063664 -0.027580298717545127
leaf_weight=3646.5757873319089 77.541958559304476 2695.805409386754 197.28392487391829 1536.8746042773128 4907.3245629630983 2083.5698534026742 968.7111841738224 159.67109416052699 4833.1413898132741 7347.9685557112098 1221.6563910469413 1626.0672980286181 3136.2140012551099 1026.9114923030138 1349.8904024809599 1359.999286910519 3124.7313659228384 1917.549931075424 4339.7504317611456 1590.2500568106771 2005.2970210537314 1317.9813019260764 690.95156834647059 519.45560558140278 2096.5027970820665 1460.3148602992296 5857.2704997807741 1788.8549403697252 1434.7000370547175 2383.8481902889907
leaf_count=53162 1208 22772 4628 8996 38614 11201 5611 2616 49366 106440 8241 14481 21473 5521 8239 33321 112375 16700 25953 9804 11619 7022 5205 3031 17321 9664 28192 12019 8341 21600
internal_value=-0.000394294 0.0177153 -0.0234588 0.00817541 -0.000236178 -0.0170485 0.0197277 0.0604562 -0.0023445 -0.0321178 -0.0130077 0.0344896 0.0365132 0.0432301 0.0213014 -0.0210602 -0.0753571 0.00403998 0.00342708 0.00827566 -0.00202846 0.0520114 0.03586 0.0715943 0.0217178 -0.00693151 -0.0146942 -0.0162964 -0.0209515 -0.00723634
internal_weight=68702.7 38485.1 30217.5 31462.6 24261.1 26895.5 12386.4 7022.56 13612.7 13282.8 9432.66 3375.99 7201.48 5072.61 2376.8 11874.7 3322.02 4599.52 7313.76 1749.92 6345.05 4065.26 2227.83 1837.44 4180.07 3377.86 5934.81 10514.7 8725.87 3818.55
internal_count=684736 319400 365336 239337 193610 248333 79715 80063 112493 135840 83971 26901 45727 36532 13760 113895 117003 34605 43183 12420 37572 24254 14201 10053 28522 26364 29400 80574 68555 29941
is_linear=0
shrinkage=0.1


Tree=28
num_leaves=31
num_cat=0
split_feature=10 3 4 9 9 10 10 3 9 12 10 9 3 10 1 12 10 4 9 10 9 10 9 1 10 9 9 10 10 2
split_gain=2302.38 1522.75 871.029 603.298 595.601 722.296 537.701 475.348 341.409 232.933 215.269 197.842 174.955 173.847 169.352 163.822 148.216 138.695 137.848 134.432 316.267 120.994 117.697 113.843 108.017 136.104 92.671 88.382 84.3726 79.1426
threshold=-0.011527158319950102 0.1985769867897034 0.48902466893196112 0.014242537319660189 -0.0089023858308792097 -0.092008106410503374 0.019900858402252201 0.31696195900440222 0.053874477744102485 0.46917654573917394 -0.053326100111007683 -0.012573495507240294 0.58761805295944225 0.070522755384445204 0.11592159792780878 0.72815692424774181 -0.26389952003955836 0.29549381136894232 -0.09567773342132567 -0.048354223370552056 -0.044734761118888848 0.072882264852523818 0.12982779741287234 0.43670587241649633 0.013458624482154848 0.0030033588409423832 -0.021787509322166439 -0.040583740919828408 -0.17984336614608762 0.21184574812650683
decision_type=2 2 2 2 2 2 2 2 2 2 2 2 2 2 2 2 2 2 2 2 2 2 2 2 2 2 2 2 2 2
left_child=1 10 3 14 5 7 23 -3 17 27 -1 -12 15 -10 -2 -4 -9 21 28 20 -7 -8 -15 -5 25 -16 -21 -6 -18 -27
right_child=2 4 12 6 9 19 8 16 13 -11 11 -13 -14 22 24 -17 18 -19 -20 26 -22 -23 -24 -25 -26 29 -28 -29 -30 -31
leaf_value=0.087241583741448359 0.098054469618299223 0.058209345879710994 -0.052917877275556052 0.042570085307023629 0.068776019944209274 -0.023692925291210441 -0.002454072553070754 0.050387514760618438 0.028267305396079058 0.014478119423878812 0.012835849797551159 0.069185659913283168 -0.08167764551115872 -0.016308556021428691 -0.030399408086254232 0.0059405945760385879 0.0083197026660848366 -0.039979082890789185 0.02041682045925157 -0.0341745578716885 0.024097654610088101 -0.048461977514875756 0.018663883699496855 0.00044150081558500909 -0.040626089817628594 0.030476876088954642 -0.0063117363249530758 0.037673098411336717 -0.02370178854216071 -0.014069308636982657
leaf_weight=2706.6746902950108 103.56620479375124 2571.2558638229966 2800.7091473620385 2951.7606481797993 1673.7895180210471 3528.6901470627636 2904.6742462590337 717.29362959414721 2401.3232818245888 3061.6614180412143 1027.9702064208686 1581.8371569178998 1788.3551663588732 3015.1927389558405 4555.526028752327 568.94675843417645 1382.7852741628885 3247.5100125577301 2432.1684304475784 4254.9081391654909 2279.1336547303945 711.65216083079576 1413.3890113309026 819.52539712190628 5484.6170763466507 641.67563638091087 1659.1673533469439 2011.6262661963701 2032.0404557920992 1053.8451918680221
leaf_count=44265 1769 22970 69056 19075 10584 27275 17125 4958 16688 19591 8821 17413 67458 27746 41687 9695 7128 46898 12801 46139 14626 4565 9786 6188 59303 3418 14246 11469 11679 9752
internal_value=-0.000436549 0.0184759 -0.0185032 -0.0118333 0.00903747 0.000683077 -1.97809e-05 0.0217625 -0.00922786 0.0348637 0.0674826 0.0469902 -0.056397 0.00660109 -0.0292603 -0.04298 0.00748614 -0.0249786 0.00222311 -0.0157453 -0.00493872 -0.0115079 -0.00514705 0.0334153 -0.0303838 -0.0213974 -0.0263578 0.051799 -0.0107351 0.00278935
internal_weight=67383.3 32921 34462.3 29304.3 27604.5 20857.4 17465 9135.54 13693.7 6747.08 5316.48 2609.81 5158.01 6829.91 11839.2 3369.66 6564.29 6863.84 5846.99 11721.9 5807.82 3616.33 4428.58 3771.29 11735.7 6251.05 5914.08 3685.42 3414.83 1695.52
internal_count=684174 273965 410209 264000 203466 161822 148071 59536 122808 41644 70499 26234 146209 54220 115929 78751 36566 68588 31608 102286 41901 21690 37532 25263 114160 54857 60385 22053 18807 13170
is_linear=0
shrinkage=0.1


Tree=29
num_leaves=31
num_cat=0
split_feature=10 3 3 9 10 9 10 3 10 9 9 7 4 7 4 1 5 7 4 5 7 2 7 4 10 7 9 2 10 7
split_gain=1990.38 1351.16 817.285 498.203 474.867 417.628 603.506 397.569 281.022 280.385 240.566 208.137 185.924 156.438 153.34 151.698 140.176 218.194 156.473 139.938 135.502 131.505 130.836 123.942 113.024 111.525 109.878 103.31 97.5062 89.5208
threshold=-0.012301385402679442 0.21051054447889331 0.53269881010055553 0.01688596606254578 0.028983160853385929 -0.0061803758144378653 -0.099455729126930223 0.32221834361553198 -0.060031056404113763 0.072330072522163405 -0.010275222361087797 0.14595798403024676 0.24668934196233752 0.092606097459793105 0.34140664339065557 0.12031374499201776 0.026025872677564624 0.048356706276535995 0.19062595814466479 0.10527831688523294 0.20033592730760577 0.20949616283178332 0.043540444225072868 0.3078379631042481 -0.2467263117432594 0.20602549612522128 -0.14304683357477185 0.16843304783105853 0.089272156357765212 0.11645788699388505
decision_type=2 2 2 2 2 2 2 2 2 2 2 2 2 2 2 2 2 2 2 2 2 2 2 2 2 2 2 2 2 2
left_child=1 8 3 12 21 6 7 -3 -1 23 -10 -7 13 15 -11 -2 -17 18 -18 22 -21 -5 -8 28 -9 -4 -26 -19 -6 -30
right_child=2 5 25 4 9 11 19 24 10 14 -12 -13 -14 -15 -16 16 17 27 -20 20 -22 -23 -24 -25 26 -27 -28 -29 29 -31
leaf_value=0.084440217157938993 0.09037381563393565 0.058214966698172083 -0.072645403714895349 0.061931489932845252 -0.0036854253077701774 0.046201356373568883 -0.03738716101684305 0.041626595068592877 0.012050669952665138 0.030624429404732225 0.066661245277028158 0.00689915651799217 -0.0355250568609271 0.044267815684509743 -0.0062651601241625124 0.0040220208531161839 -0.097297464459153674 0.049900422542653596 0.013443644036988674 -0.037003959311115449 0.0070422354602370611 0.017801705072839739 -0.0002388511032793739 -0.036702039093694953 -0.021022623727025014 -0.025385703558240422 0.011911475291862105 -0.023366888157358493 -0.06025231031711839 0.043940139760767959
leaf_weight=2688.3771641068161 128.0912119820714 2211.8382485061884 2752.2868239004165 802.72528856620193 3165.6467023380101 3592.3091935031116 1098.5763319637626 880.13795413076878 1538.2122269049287 1771.330856718123 1696.0535973533988 2156.2667096480727 8553.0181883834302 463.15907757729292 3096.7530029658228 1538.9632435701787 675.32854632660747 217.70269878953695 157.31258556246758 3345.8743235524744 882.70208963192999 4253.0150831285864 6920.9970843028277 3696.6744892764837 1400.4079463519156 610.00381867587566 3662.0514771752059 1659.2839651703835 581.61972871795297 96.084326457232237
leaf_count=45855 2176 20018 102812 5191 20217 21632 9261 5875 13457 10095 19550 12594 116181 2261 27829 7201 3164 1297 713 35010 7798 30453 53387 56366 7336 14626 19451 7638 4018 706
internal_value=-0.000478042 0.0174195 -0.0172536 -0.0121521 -0.00102469 0.00765187 0.000943963 0.0220223 0.0605481 -0.0115505 0.0406885 0.0314593 -0.0266619 -0.0109989 0.00715771 -0.0168474 -0.0200801 -0.0337691 -0.0763749 -0.0130893 -0.0278095 0.0248084 -0.00532768 -0.0236291 0.00855137 -0.0640713 0.00280105 -0.014869 -0.0110551 -0.04548
internal_weight=66292.8 32073.8 34219 30856.7 17463.8 26151.2 20402.6 8154.44 5922.64 12408.1 3234.27 5748.58 13392.9 4839.84 4868.08 4376.68 4248.59 2709.63 832.641 12248.1 4228.58 5055.74 8019.57 7540.03 5942.6 3362.29 5062.46 1876.99 3843.35 677.704
internal_count=684168 271224 412944 295506 154875 192362 158136 52680 78862 119231 33007 34226 140631 24450 37924 22189 20013 12812 3877 105456 42808 35644 62648 81307 32662 117438 26787 8935 24941 4724
is_linear=0
shrinkage=0.1


Tree=30
num_leaves=31
num_cat=0
split_feature=11 10 3 11 3 9 10 3 10 9 7 5 9 7 10 4 11 4 11 2 10 4 10 6 8 4 11 7 2 9
split_gain=1736.52 975.83 924.251 600.944 329.197 264.34 444.537 254.209 283.272 310.98 232.837 307.047 207.639 162.308 141.672 136.567 195.839 123.42 115.584 127.257 114.25 102.371 94.5915 90.7372 140.815 83.9199 82.4784 81.5416 79.4048 79.0718
threshold=0.29325491189956671 -0.037430286407470696 0.19397956877946856 0.45113725960254675 0.11983461305499078 0.00042305141687393194 0.0034753829240798955 0.29413624107837683 -0.11722159385681151 -0.029134005308151242 0.054677313193678863 0.079283181577920928 0.035332515835762031 0.085422243922948851 0.046515718102455146 0.38441662490367895 0.23121567815542224 0.44358707964420324 0.35984319448471075 0.46140018105506903 -0.30723661184310908 0.29701891541481024 0.024328783154487613 0.11132340133190156 0.031976005062460906 0.3354486227035523 0.39341177046298986 0.052897473797202117 0.39504127204418188 0.10069510340690614
decision_type=2 2 2 2 2 2 2 2 2 2 2 2 2 2 2 2 2 2 2 2 2 2 2 2 2 2 2 2 2 2
left_child=1 2 -1 10 -3 15 28 8 -4 21 -2 13 22 17 -14 16 25 -12 19 -13 -9 -10 -8 27 -25 -6 -15 -22 -7 -16
right_child=3 4 7 -5 5 6 12 20 9 -11 11 18 14 26 29 -17 -18 -19 -20 -21 23 -23 -24 24 -26 -27 -28 -29 -30 -31
leaf_value=0.079073873274226908 -0.059784424508598569 0.085780375579668874 0.069413023057941725 -0.074978641632775761 -0.013879708069186165 0.036155597938339945 -0.0044504061191777055 0.060397447376668904 -0.014886334600501065 0.047576045086836383 0.015123166570399369 -0.030972117090602248 0.02499909317845074 0.02249570236954232 -0.011809941103865273 0.021317783007168627 -0.045691022322970454 -0.038694818599704854 -0.0422470707344101 0.0012899775927727598 -0.0280678779131419 0.045821145494310378 -0.027705639208553141 -0.018513908032554541 0.010884430626847002 0.045121161847911456 0.090217383159967357 0.025178931984573771 -0.0014003897719020964 0.014135299868009222
leaf_weight=2840.8827767372131 1387.8166893944144 418.30741474032402 1618.5583182387054 2463.3944608792663 7332.7039028853178 3896.5155157446861 3145.4757754541934 396.77166492491961 1881.748988058418 2139.2326601929963 815.21990520879626 2965.8425535112619 2656.9463484585285 1495.6265856586397 3570.9289572127163 890.03263832256198 2223.3237215839326 892.7722123619169 3083.452472018078 2080.1569146700203 320.29958657920361 325.87865015119314 3939.9465116597712 2706.2404570057988 4094.3387353010476 249.26773124560714 204.41956358589232 2817.3002642169595 658.04980793967843 1750.4476770758629
leaf_count=51059 28335 7972 17934 107360 42472 24424 22443 3408 11622 14601 8938 37009 14576 13232 26441 6389 34499 16921 69084 20216 2160 1652 34582 14439 20386 1575 4422 14724 3058 8448
internal_value=-0.000347082 0.00871394 0.026438 -0.0297129 -0.00232542 -0.00354122 0.0033537 0.0172645 0.0337017 0.0204046 -0.0210859 -0.0164309 -0.00492344 0.0087647 0.00614063 -0.0161885 -0.0195929 -0.0130076 -0.0269934 -0.0176724 0.00777671 -0.00592501 -0.0173818 0.00567588 -0.000814422 -0.01194 0.0306388 0.0197433 0.0307295 -0.00327535
internal_weight=65261.9 49873.2 19141.3 15388.7 30731.9 30313.6 19618.3 16300.4 5965.42 4346.86 12925.3 11537.5 15063.7 3408.04 7978.32 10695.3 9805.3 1707.99 8129.45 5046 10335 2207.63 7085.42 9938.18 6800.58 7581.97 1700.05 3137.6 4554.57 5321.38
internal_count=684381 378864 151985 305517 226879 218907 133972 100926 45809 27875 198157 169822 106490 43513 49465 84935 78546 25859 126309 57225 55117 13274 57025 51709 34825 44047 17654 16884 27482 34889
is_linear=0
shrinkage=0.1


Tree=31
num_leaves=31
num_cat=0
split_feature=11 10 2 11 9 10 9 10 7 9 11 4 9 10 10 1 10 12 1 11 7 5 7 12 4 9 10 12 2 5
split_gain=1505.1 901.965 949.185 370.415 359.088 322.69 312.634 400.154 220.226 203.729 194.403 189.257 186.812 238.443 155.17 143.438 139.084 130.447 124.463 119.054 117.209 283.148 117.707 115.224 100.196 97.1918 93.734 112.639 89.8892 86.5966
threshold=0.33568628132343298 -0.021819643676280972 0.17685951292514804 0.44596078991889959 -0.021787509322166439 -0.063007321208715425 0.0094045251607894915 0.015549093484878542 0.14256391674280169 0.044961571693420417 0.23670586198568347 0.41127607226371771 -0.059875942766666405 -0.16413225978612897 0.064714580774307265 0.11160785704851152 -0.05078452825546264 0.41474512219429022 0.35545100271701818 0.2047059163451195 0.061619402840733535 0.082467827945947661 0.081010200083255782 0.72517660260200512 0.48292328417301184 0.097909703850746169 0.045604690909385688 0.18698041141033175 0.20486149191856387 0.034429384395480163
decision_type=2 2 2 2 2 2 2 2 2 2 2 2 2 2 2 2 2 2 2 2 2 2 2 2 2 2 2 2 2 2
left_child=1 2 -1 20 5 12 10 28 16 19 15 -12 13 -4 -11 -3 -6 26 -7 -9 -2 22 -22 -23 -5 -16 27 -17 -8 -29
right_child=3 6 4 24 8 18 7 9 -10 14 11 -13 -14 -15 25 17 -18 -19 -20 -21 21 23 -24 -25 -26 -27 -28 29 -30 -31
leaf_value=0.070938293469131136 -0.061399262159192405 0.09782160865890159 0.025364916893052893 0.030156604100666385 0.060518510456598174 -0.026749523747857346 0.05756469807206735 -0.0041844295988262481 0.0044949934926077533 0.023937876366969781 -0.049265117085260726 0.0088033997441202497 0.034381620799450521 -0.010800194666601667 -0.019632054591823177 -0.045514238688601286 0.027040060559913665 0.027317395808820401 0.018827193588290152 -0.031896450598633441 -0.018967454772737969 -0.041042635561224144 0.035345574622660525 0.0066956948732625025 -0.075454730672732714 0.009803392015526699 -0.052941875375485406 0.010997756269712942 0.021582505485891371 -0.015287914631539662
leaf_weight=3181.1342315487564 813.2418883703649 121.53737982362509 3188.5895157940686 93.442307403311133 2295.3419662863016 3646.455972597003 861.24559522047639 2846.7718080319464 2207.7926885671914 2775.1485232710838 2869.9141823425889 697.72075432538986 2961.3270621411502 4257.0297774374485 2441.2952101305127 888.69189345836639 2701.3756018988788 779.17043499276042 716.99044124037027 3403.9923152476549 657.79318483918905 3706.2702578622848 1014.2863171212375 585.46934116072953 2324.8944474775344 2075.2843732833862 619.18288018554449 1796.1761342771351 3581.1525805182755 4146.9408877268434
leaf_count=56775 17610 2577 21843 2927 17886 26825 6835 13746 11200 17228 51831 7646 19071 22968 20584 4677 16870 4480 5489 44982 11785 71548 12747 11623 109587 11323 4260 9786 21573 25111
internal_value=-0.000324576 0.00592994 0.0198847 -0.0377754 0.012494 0.00356624 -0.00580904 0.00251481 0.0307974 -0.00602836 -0.0183688 -0.0379087 0.0131371 0.00468753 0.00532773 -0.0100218 0.0424191 -0.0116144 -0.0192605 -0.0192756 -0.025786 -0.0209297 0.0139789 -0.0345303 -0.071374 -0.00610701 -0.0156856 -0.0123089 0.0285584 -0.00734365
internal_weight=64255.7 55060.3 25156 9195.4 21974.9 14770.4 29904.2 17984.9 7204.51 13542.5 11919.3 3567.63 10406.9 7445.62 7291.73 8351.7 4996.72 8230.16 4363.45 6250.76 6777.06 5963.82 1672.08 4291.74 2418.34 4516.58 7450.99 6831.81 4442.4 5943.12
internal_count=683393 445566 198927 237827 142152 96196 246639 136271 45956 107863 110368 59477 63882 44811 49135 50891 34756 48314 32314 58728 125313 107703 24532 83171 112514 31907 43834 39574 28408 34897
is_linear=0
shrinkage=0.1


Tree=32
num_leaves=31
num_cat=0
split_feature=11 2 11 2 7 7 5 12 5 7 3 6 3 5 7 4 12 3 7 7 3 4 4 7 3 4 7 4 6 12
split_gain=1300.73 785.636 487.16 285.062 395.797 194.762 207.375 182.681 293.006 227.286 208.771 232.675 195.909 189.035 162.524 162.489 156.55 153.893 130.52 157.844 194.288 120.098 115.593 114.628 129.732 98.9587 157.016 178.775 96.3939 230.641
threshold=0.30070592463016516 0.12309192493557931 0.45113725960254675 0.2167235463857651 0.087601069360971465 0.054677313193678863 0.070963691920042052 0.45223532617092138 0.062097720801830299 0.04463151469826699 0.30677196383476263 0.11571798473596574 0.34973940253257757 0.039791679009795196 0.11797741800546648 0.26254281401634222 0.66886278986930858 0.26602236926555639 0.034319492056965835 0.048356706276535995 0.17193972319364551 0.18771086633205417 0.31507168710231787 0.079637888818979277 0.41388934850692755 0.20703305304050448 0.020993687212467197 0.18476469069719317 0.13090620189905169 0.55482354760169994
decision_type=2 2 2 2 2 2 2 2 2 2 2 2 2 2 2 2 2 2 2 2 2 2 2 2 2 2 2 2 2 2
left_child=1 -1 5 4 18 -2 23 8 9 17 14 -12 -9 -11 22 -16 -8 -5 25 21 -21 -20 -10 24 -7 26 27 -3 -14 -30
right_child=2 3 -4 7 -6 6 16 12 10 13 11 -13 28 -15 15 -17 -18 -19 19 20 -22 -23 -24 -25 -26 -27 -28 -29 29 -31
leaf_value=0.084642144274577918 -0.059755879782337151 -0.016047104685986698 -0.071777742389796131 0.0096015279528924996 0.060235397328088636 0.040497392635397624 -0.033119070705787679 0.033123638928053069 -0.014979400369261379 0.039846848911338828 -0.012134156872263782 -0.059453325168652593 0.019001873350885032 0.0045596335865989218 0.058366874386159111 -0.00034650873038973793 -0.0005936179689929376 -0.030532066105492112 -0.034290244053113143 0.051956497407429671 0.0010143457139979658 0.020218122988283502 0.067753920549847302 0.025779503208099044 -0.033683592027402301 -0.020811920093558672 0.06266740200621003 0.093082190433763257 -0.026910960923347646 0.0088911986087985024
leaf_weight=1274.0009283572435 1094.137669891119 711.36928598582745 2131.3110320847481 1905.7753567695618 1965.1230686791241 315.84089291840792 5361.0437923297286 2893.1877271384001 6855.8670405074954 2777.1930645704269 2430.9281758442521 1814.9954990521073 3212.1544888280332 3348.6144872009754 691.75050506740808 1479.4582747928798 2044.0208158008754 1916.0046491920948 1524.5335684679449 1013.8598924204707 2862.2756908424199 550.05513355508447 173.14183371141553 1565.0337961912155 929.76102202199399 329.01720941066742 1155.0107273831964 190.2658078931272 2506.7704116478562 6376.2096318528056
leaf_count=29438 24775 4198 106900 10377 24251 3088 86658 18147 43747 18462 29425 20462 20137 21837 3762 10420 36495 26593 10162 12566 20531 4100 1148 16032 17447 2147 10442 1186 16581 32305
internal_value=-0.000308011 0.00712168 -0.0279224 0.00509304 0.0198634 -0.019658 -0.0153633 0.00112876 -0.00439341 0.00861813 -0.0140195 -0.0323616 0.00974775 0.0205574 -0.00555455 0.0183597 -0.0241411 -0.010519 0.0103466 0.00242397 0.014339 -0.0198379 -0.0129415 0.00776295 -0.0148739 0.0301086 0.0382547 0.00698169 0.00415618 -0.00121214
internal_weight=63398.7 49957.6 13441.1 48683.6 10301.5 11309.8 10215.7 38382.1 23393.7 9947.59 13446.1 4245.92 14988.3 6125.81 9200.22 2171.21 7405.06 3821.78 8336.39 5950.72 3876.14 2074.59 7029.01 2810.64 1245.6 2385.66 2056.65 901.635 12095.1 8882.98
internal_count=683819 392424 291395 362986 89583 184495 159720 273403 186233 77269 108964 49887 87170 40299 59077 14182 123153 36970 65332 47359 33097 14262 44895 36567 20535 17973 15826 5384 69023 48886
is_linear=0
shrinkage=0.1


Tree=33
num_leaves=31
num_cat=0
split_feature=11 2 3 7 11 12 3 3 4 12 7 7 7 7 9 12 7 12 4 3 7 7 7 7 3 12 7 4 11 4
split_gain=1086.48 733.716 329.273 334.29 304.332 236.502 218.962 200.504 243.534 166.407 283.471 126.948 248.676 123.326 115.606 114.827 104.081 101.674 97.5131 125.29 182.837 148.417 201.332 125.853 123.428 122.796 119.835 106.968 94.9915 83.609
threshold=0.34415689110755926 0.11800357326865198 0.25337709486484533 0.10280539467930795 0.46384321153163915 0.47749021649360662 0.36137957870960241 0.30965758860111242 0.32188901305198675 0.38619612157344824 0.089739982038736357 0.048894258216023452 0.10809346288442613 0.041377622634172447 0.075710564851760878 0.61992159485816967 0.14484662562608722 0.38619612157344824 0.26652947068214422 0.20312551409006122 0.08174584805965425 0.035664461553096778 0.048356706276535995 0.019354731775820259 0.15519562363624576 0.26400004327297216 0.077013179659843459 0.18476469069719317 0.29325491189956671 0.38097509741783148
decision_type=2 2 2 2 2 2 2 2 2 2 2 2 2 2 2 2 2 2 2 2 2 2 2 2 2 2 2 2 2 2
left_child=1 -1 3 18 14 7 -7 8 9 10 13 -9 17 -4 -2 16 -8 -13 19 20 21 23 -23 27 -24 -22 -21 -3 -19 -14
right_child=4 2 5 -5 -6 6 15 11 -10 -11 -12 12 29 -15 -16 -17 -18 28 -20 26 25 22 24 -25 -26 -27 -28 -29 -30 -31
leaf_value=0.087083641069467449 -0.031754986648688525 -0.018125753692119117 -0.020679543794539627 0.051591485105352677 -0.072398215295697843 0.032582221930935372 0.0077224808475659414 -0.048805173574839197 0.059481174802077943 0.021912904994083552 -0.032654195326677772 -0.03090021413950363 -0.039843116332375222 0.014376063197722725 0.0028836833540894073 0.012863284134363532 -0.014441823274702316 0.022562494278221185 0.066550020921736189 0.0077146263648522981 0.083584271143464006 -0.026641003648343476 0.063334080418748856 0.049593923942162832 0.0070119752108749548 0.0088589072037786876 -0.019779665336762509 0.090135733830754905 -0.017339001874564029 -0.0039787862968595714
leaf_weight=1055.3488948494196 4830.5670040156692 607.18784419819713 1386.120547965169 2123.8684532754123 1732.2419050801545 2676.5169738195837 3520.5996514968574 1364.5817140862346 635.12707129493356 1963.7152212671936 3411.3835120797157 705.61125955358148 3266.3338219560683 3636.0851406082511 1203.5773672554642 5426.5613311193883 5320.5580843687057 2123.5047560073435 290.00658274814487 4786.9522368237376 633.92337859794497 1686.3811812251806 487.66441387310624 1421.047416947782 1925.0163292586803 336.72196659818292 2370.1563955955207 107.40981278195977 829.76866175979376 811.51926792040467
leaf_count=26955 110857 3603 14227 19187 94054 16232 26876 27728 5194 12895 24376 8572 38189 25274 21840 31230 34843 19652 2154 25924 9128 11644 7328 13120 15806 3108 13048 700 12576 7433
internal_value=-0.000443542 0.00450805 0.00288987 0.0145144 -0.0354521 -0.00236979 0.00633605 -0.00969649 -0.000632583 -0.00430468 -0.0104093 -0.0206836 -0.0157236 0.00470077 -0.0248459 0.00141246 -0.00561587 0.00320334 0.00914015 0.00798093 0.0172895 0.0110042 -0.000132455 0.0323795 0.0183961 0.0576617 -0.00139042 -0.00185318 0.0113515 -0.0327059
internal_weight=62676.1 54909.7 53854.3 16776.3 7766.39 37078 16944.2 20133.8 11032.4 10397.3 8433.59 9101.32 7736.74 5022.21 6034.14 14267.7 8841.16 3658.88 14652.5 14362.5 7205.35 6234.71 4099.06 2135.65 2412.68 970.645 7157.11 714.598 2953.27 4077.85
internal_count=683753 457002 430047 124750 226751 305297 109181 196116 81966 76772 63877 114150 86422 39501 132697 92949 61719 40800 105563 103409 64437 52201 34778 17423 23134 12236 38972 4303 32228 45622
is_linear=0
shrinkage=0.1


Tree=34
num_leaves=31
num_cat=0
split_feature=10 12 11 9 10 10 9 12 9 10 11 9 5 10 9 9 8 12 7 7 7 8 10 4 10 9 9 10 10 10
split_gain=1015.95 591.191 499.421 356.858 467.877 346.374 300.416 252.622 222.195 166.785 161.232 158.432 152.586 157.897 206.188 150.355 137.01 134.835 126.953 116.857 123.788 112.492 107.957 100.212 99.2521 118.123 94.4491 103.26 91.4761 86.5571
threshold=0.0020795166492462163 0.23733336478471759 0.41458825767040258 -0.003532711416482925 -0.13238719105720517 -0.03345945477485656 0.024100132286548618 0.36956866085529333 -0.0044479817152023307 0.046515718102455146 0.2528627365827561 0.09012447297573091 0.10790682584047319 -0.053326100111007683 -0.046731919050216668 0.073981657624244704 0.036535384133458144 0.42462751269340521 0.14815741777420047 0.047842225059866912 0.033594332635402686 0.027152924798429016 0.086382761597633376 0.26041030883789068 -0.30723661184310908 -0.16291435807943341 0.019033417105674747 -0.040583740919828408 0.058217898011207588 0.070522755384445204
decision_type=2 2 2 2 2 2 2 2 2 2 2 2 2 2 2 2 2 2 2 2 2 2 2 2 2 2 2 2 2 2
left_child=1 5 6 4 7 -1 10 -3 19 -8 17 -4 13 14 -6 -11 23 28 26 20 -7 -15 -17 -14 -9 -26 27 -5 -2 -13
right_child=2 3 11 18 12 8 9 24 -10 15 -12 29 16 21 -16 22 -18 -19 -20 -21 -22 -23 -24 -25 25 -27 -28 -29 -30 -31
leaf_value=0.072969611278124763 -0.015725347917046689 0.079360679769199527 -0.073736902288938394 0.04849341937101545 -0.0057570788667386354 0.0029894000235090551 0.012828134283300119 0.058924583005978914 0.049764084106839718 -0.022879943211292317 -0.041876568626669219 0.13477489293820785 0.040485821314786931 -0.017878145801872542 0.034411431438465118 0.027785693050424987 -0.0035578727875152567 0.025050710149803146 0.0049156525574418092 0.03551108664645293 -0.072308039415353118 0.022695148792585818 -0.0067836230281013727 -0.039718696053595792 -0.014014491544527477 0.02202753561246178 0.048089668115833185 0.0093943863414337209 -0.053094157122289258 -0.021121127741913756
leaf_weight=2172.1013765521348 5585.8780216667801 726.67321003973484 1799.4686899799854 971.60270207934082 3213.2984759099782 482.75122348032892 5092.7056218460202 487.61779369413853 1143.2049805242568 4437.1390970628709 3405.7824540361762 38.918799130246043 163.99879265576601 5700.9944271016866 2121.6206167638302 1271.098341261968 2228.7018487937748 738.33622181415558 2439.543704835698 376.16597365029156 398.60963980294764 776.40948860533535 3122.7265408802778 3110.1833948474377 1291.9093942251056 3070.5606726892292 2244.6835614740849 2216.0936587899923 742.10012140125036 419.53882374055684
leaf_count=45903 37240 10432 96416 7484 22226 3294 38022 5755 11442 50483 70989 1365 1216 56717 15391 8715 18810 5200 16081 2922 2540 7039 24829 38706 7980 18586 14836 17142 6103 19939
internal_value=-0.000631877 0.0104865 -0.0153723 0.00549965 -0.000816118 0.0440354 -0.0112079 0.024375 0.0178567 -0.00158411 -0.0240036 -0.0603665 -0.00892949 -0.00252226 0.0102174 -0.00989547 -0.0226831 -0.0153892 0.0238662 -0.01115 -0.0310651 -0.0130149 0.003217 -0.0357014 0.0161366 0.011354 0.0323765 0.0213117 -0.0201077 -0.007887
internal_weight=61990.4 35336.7 26653.7 30763.9 22892 4572.83 24395.8 5576.76 2400.73 13923.7 10472.1 2257.93 17315.2 11812.3 5334.92 8830.96 5502.88 7066.31 7871.92 1257.53 881.361 6477.4 4393.82 3274.18 4850.09 4362.47 5432.38 3187.7 6327.98 458.458
internal_count=683803 324502 359301 258401 202858 66101 241581 42753 20198 122049 119532 117720 160105 101373 37617 84027 58732 48543 55543 8756 5834 63756 33544 39922 32321 26566 39462 24626 43343 21304
is_linear=0
shrinkage=0.1


Tree=35
num_leaves=31
num_cat=0
split_feature=10 3 11 10 9 10 9 9 10 9 4 11 12 12 12 11 9 12 12 11 12 10 4 3 10 4 5 11 5 4
split_gain=830.709 551.918 477.426 298.779 297.238 322.566 254.07 240.96 253.606 194.529 168.616 157.886 137.633 122.738 122.044 109.431 107.773 93.945 85.0497 104.198 84.4255 135.547 83.8203 81.5731 80.7077 78.6424 78.5589 75.0298 74.633 72.6657
threshold=-0.0013975501060485838 0.20094230026006701 0.4384314119815827 -0.06153243035078048 -0.00041772425174713129 -0.075944039970636354 0.022972345352172855 -0.069223575294017778 -0.17984336614608762 -0.0098244249820709211 0.3078379631042481 0.2528627365827561 0.41474512219429022 0.47184319794178015 0.47184319794178015 0.36682352423667913 0.10720345377922059 0.44125494360923773 0.49835301935672766 0.35074509680271154 0.38996084034442907 0.089272156357765212 0.34906321763992315 0.32776676118373876 0.063587769865989699 0.12223225459456445 0.06795078888535501 0.20133333653211596 0.06795078888535501 0.24410143494606021
decision_type=2 2 2 2 2 2 2 2 2 2 2 2 2 2 2 2 2 2 2 2 2 2 2 2 2 2 2 2 2 2
left_child=1 3 6 -1 5 7 11 8 23 25 20 14 -9 27 24 -7 -4 -12 -13 26 21 29 -19 -3 -2 -5 -20 -6 -27 -8
right_child=2 4 16 9 13 15 10 12 -10 -11 17 18 -14 -15 -16 -17 -18 22 19 -21 -22 -23 -24 -25 -26 28 -28 -29 -30 -31
leaf_value=0.076099290882045756 -0.013221604548363764 0.055033932959385051 -0.075657344774610349 0.077787295150502311 0.02314165285575984 -0.0091910914616965111 0.022990215334931674 0.055657279610843824 -0.014618763209844444 0.044867302737963535 -0.037279010941634973 -0.052301915906581134 0.016624009102949682 0.0093067252072249439 0.034418608084389471 -0.044610291417726107 -0.0021526294766749834 0.021678328965959223 0.070647970863601611 -0.046583994688332686 0.033266160490705347 -0.034174200356099964 -0.010452943019643036 0.014757561895551552 -0.05112010552423249 -0.019611921289285954 -0.010601007290318119 0.05330538711264754 0.050979329768552545 -0.0039290440235952555
leaf_weight=1621.9647365286946 6458.2779870238155 668.3045132830739 1424.3538891598582 109.07018675282598 1772.0193894691765 10820.034738376737 2469.0202354155481 1513.6400136388838 4165.9090008083731 1893.3840996120125 1137.6945935897529 2001.5770189706236 2240.4437546767294 3019.0433543901891 503.87306738272309 948.78023551777005 231.9539076667279 928.86554545909166 145.21193735301495 820.41641671396792 1347.3695509620011 748.33446535840631 6446.5074756797403 2031.2588362433016 615.46529379114509 1163.5514550022781 659.35514145344496 1542.4361948277801 171.89819659292698 1688.5792163126171
leaf_count=40894 44068 9585 88470 2763 11244 86733 12198 12232 26858 23690 17751 46460 13085 20222 2714 31475 12382 6853 1563 24796 8053 4805 75480 11870 5433 9442 9276 9328 1881 12831
internal_value=-0.000456438 0.0100858 -0.0133092 0.0408901 0.00476631 -0.000644425 -0.00998933 0.0119916 0.000852879 0.0237811 -0.00137366 -0.0213442 0.0323622 0.0238928 -0.0131319 -0.0120465 -0.0653635 -0.0105321 -0.0385036 -0.0215074 0.0110944 0.00500518 -0.00640628 0.0247284 -0.016519 -0.0038573 0.00406318 0.0371788 -0.0105255 0.0120572
internal_weight=61308.6 33681.7 27626.9 4959.87 28721.9 22388.4 25970.5 10619.6 6865.47 3337.9 14766.4 11204.2 3754.08 6333.5 7577.62 11768.8 1656.31 8513.07 3626.56 1624.98 6253.3 4905.93 7375.37 2699.56 7073.74 1444.52 804.567 3314.46 1335.45 4157.6
internal_count=684435 311302 373133 78670 232632 191838 272281 73630 48313 37776 137971 134310 25317 40794 52215 118208 100852 100084 82095 35635 37887 29834 82333 21455 49501 14086 10839 20572 11323 25029
is_linear=0
shrinkage=0.1


Tree=36
num_leaves=31
num_cat=0
split_feature=10 2 11 9 10 9 10 10 9 10 9 9 10 11 8 4 12 2 2 10 12 9 11 9 2 12 5 12 11 10
split_gain=709.503 514.505 417.096 296.622 295.748 252.989 212.256 210.952 192.078 179.309 153.288 146.593 144.587 129.914 114.964 109.659 90.6378 87.009 86.8328 98.3526 180.694 99.6837 89.4298 81.8653 81.0718 80.0375 79.9164 74.5063 143.043 72.3487
threshold=-0.0049758702516555777 0.16843304783105853 0.44345103204250341 -0.018032789230346676 -0.085437595844268785 0.017422050237655643 -0.024358019232749935 0.028983160853385929 -0.07295778393745421 -0.18953208625316617 -0.0089023858308792097 0.053874477744102485 0.084870308637619032 0.21145100146532061 0.028890786692500118 0.49103118479251867 0.21631377190351489 0.20949616283178332 0.39954631030559545 -0.053326100111007683 0.39780393242836004 0.025924652814865116 0.21631373465061191 0.13587868213653567 0.1128828562796116 0.38243143260478979 0.10962836071848871 0.48329415917396551 0.32423533499240881 0.14193475246429446
decision_type=2 2 2 2 2 2 2 2 2 2 2 2 2 2 2 2 2 2 2 2 2 2 2 2 2 2 2 2 2 2
left_child=1 6 5 4 8 13 -1 17 9 -3 -8 -9 -13 16 26 -4 24 -7 19 20 -5 -21 -20 -14 -2 -10 -6 -15 -29 -25
right_child=2 3 15 18 14 7 10 11 25 -11 -12 12 23 27 -16 -17 -18 -19 22 21 -22 -23 -24 29 -26 -27 -28 28 -30 -31
leaf_value=0.066759321789902029 0.10166081775067004 0.023083409284688775 0.035352462251869214 0.067153745601432543 -0.015565224141792067 0.051810953718191548 -0.035615390784606543 -0.02104651599705611 0.056596616229136046 -0.012272978270999808 0.04581838189335638 0.01750839723564063 -0.021152384832056045 -0.04162751344274352 0.0050028184610880237 -0.070702489386866213 -0.0034346013219770603 0.011716713580631994 -0.034611653998921021 0.010625407743732161 0.011619536936704443 0.045341981893249263 0.012234672724314331 0.039162448150133145 -0.039594499002487855 0.020799559082600907 -0.043087686478666558 0.015081553380974583 -0.040480976905429032 -0.0090364296982693507
leaf_weight=2084.7781942617148 42.113196989521384 2311.9434979651123 104.82416777964681 1263.5385204907507 5942.4005340151489 634.26333138346672 417.9854630716145 5098.4847981110215 938.20954786986113 3778.9267383795232 517.13898818939924 3075.8997077252716 2727.8010742571205 3280.4038153663278 2351.916891740635 1394.4049907410517 4207.6008975915611 3690.956615768373 501.81770461797714 4506.5479284785688 1092.4752523452044 1013.0016380809247 2168.2062001600862 499.96282407641411 1154.6542978808284 1868.5418833717704 1282.7657291553915 809.71687239408493 1083.1481659840792 825.8503737654537
leaf_count=50029 1221 18039 4178 14075 53586 4239 2800 62707 10138 23679 5784 24931 30023 60774 23076 93989 21770 27571 2098 32151 5979 5940 20338 3253 5804 10983 19128 8678 30896 6371
internal_value=-0.000501527 0.00972087 -0.0119415 0.00563304 -0.00200527 -0.00910419 0.0490036 -0.00138499 0.0111213 0.00114743 0.00941881 -0.00809893 0.00116019 -0.0211842 -0.0142006 -0.0632873 -0.0103413 0.0175963 0.0190145 0.024298 0.0414027 0.0169969 0.00343014 -0.0112449 -0.0346238 0.0327654 -0.0204516 -0.0325114 -0.0167128 0.00913932
internal_weight=60670.3 32040.2 28630.1 29020.3 18474.7 27130.9 3019.9 16553.2 8897.62 6090.87 935.124 12228 7129.51 10577.6 9577.08 1499.23 5404.37 4325.22 10545.6 7875.56 2356.01 5519.55 2670.02 4053.61 1196.77 2806.75 7225.17 5173.27 1892.87 1325.81
internal_count=684228 297823 386405 239210 158629 288238 58613 159095 62839 41718 8584 127285 64578 129143 95790 98167 28795 31810 80581 58145 20054 38091 22436 39647 7025 21121 72714 100348 39574 9624
is_linear=0
shrinkage=0.1


Tree=37
num_leaves=31
num_cat=0
split_feature=10 3 3 9 10 9 10 10 3 9 9 10 7 1 9 10 9 9 5 3 2 10 7 5 5 2 4 10 7 7
split_gain=613.852 504.618 343.574 229.951 200.331 197.604 258.493 182.345 172.862 155.875 145.033 109.818 106.351 87.2994 86.5692 82.685 246.898 80.764 80.0759 72.7249 69.3884 62.9228 62.3746 180.746 165.464 96.9425 90.8884 62.1238 61.1578 58.1906
threshold=-0.010076642036437987 0.19397956877946856 0.54765143990516674 0.013235777616500856 0.023598179221153263 -0.010275222361087797 -0.13697160780429837 -0.074149996042251573 0.33048328757286077 -0.016964863985776898 0.048662379384040839 0.064714580774307265 0.14139421284198764 0.41192163527011877 0.11916227638721467 -0.054652672260999673 -0.052204519510269158 0.063442125916481032 0.062833361327648177 0.11378285288810731 0.20486149191856387 0.14193475246429446 0.048356706276535995 0.028631908819079403 0.034429384395480163 0.17685951292514804 0.31646825373172766 0.068113073706626906 0.041377622634172447 0.23869661986827853
decision_type=2 2 2 2 2 2 2 2 2 2 2 2 2 2 2 2 2 2 2 2 2 2 2 2 2 2 2 2 2 2
left_child=1 7 3 19 20 6 8 -1 -3 -9 -6 -12 -7 -10 18 16 -8 -4 -13 -2 -5 -16 23 26 -24 -26 -21 -19 -17 -27
right_child=2 5 17 4 10 12 15 9 13 -11 11 14 -14 -15 21 28 -18 27 -20 22 -22 -23 24 -25 25 29 -28 -29 -30 -31
leaf_value=0.079935624009612447 0.10341228266061216 0.050677895983706492 -0.067915959726085814 0.046998024454621604 -0.019262528183967786 0.028548153466787653 -0.014036656234936532 -0.0066558011500801179 0.0036755747673468371 0.048015788713764392 0.019408413702634429 0.010922719026852136 0.0027086914330957403 0.059660315030199952 0.02914842460701669 -0.043040277736907329 0.022125499642412224 0.058528080139149036 -0.024131185627569551 -0.0079966782760360934 0.012297230096506819 -0.0075185790339446536 0.039191283467791466 -0.069657932460346933 0.03956292233752344 -0.022332618389499879 -0.069363005759261825 -0.035620586178215556 -0.011896872026734241 0.092268312779917941
leaf_weight=1074.8971760310233 47.979052659124136 1315.1560607403517 1175.4200954437256 679.73704983852804 5541.8241604315117 4550.4307589586824 4893.6167198959738 771.10346114821732 3326.473801240325 1611.0472221337259 2453.8164960043505 866.78777291066945 2450.708102309145 303.98269118182361 956.9335957672447 708.91820559091866 3074.0401550941169 79.149008919484913 2625.848528589122 1826.1592461969703 3784.8405313948169 916.00873804278672 522.44377771671861 899.79492039978504 270.00731850042939 6595.8428283687681 278.10564006492496 612.05203656852245 5703.9292659983039 44.607047712430358
leaf_count=32196 1567 17193 70993 5076 68938 31505 36081 9807 18034 25863 18814 10491 15295 1873 6438 6846 21081 2681 29173 13409 28232 7217 7710 9466 1608 84828 8884 28610 62924 244
internal_value=-0.000358702 0.00982585 -0.0104106 -0.00767078 -0.000758824 0.00510916 -0.000105274 0.045746 0.0196157 0.0303186 -0.0068868 0.00188423 0.0195032 0.00836325 -0.00613003 -0.00688754 -8.47603e-05 -0.051965 -0.0154317 -0.019422 0.0175805 0.0112155 -0.0199867 -0.0321469 -0.0150721 -0.0191745 -0.016107 -0.0248397 -0.0153397 -0.0215628
internal_weight=59961.7 29784.3 30177.4 28310.7 17825.8 26327.3 19326.1 3457.05 4945.61 2382.15 13361.2 7819.4 7001.14 3630.46 5365.58 14380.5 7967.66 1866.62 3492.64 10484.9 4464.58 1872.94 10437 3004.06 7432.9 6910.46 2104.26 691.201 6412.85 6640.45
internal_count=683077 278698 404379 302095 174379 210832 164032 67866 37100 35670 141071 72133 46800 19907 53319 126932 57162 102284 39664 127716 33308 13655 126149 31759 94390 86680 22293 31291 69770 85072
is_linear=0
shrinkage=0.1


Tree=38
num_leaves=31
num_cat=0
split_feature=11 2 11 2 7 8 6 7 4 6 12 4 6 7 12 7 12 6 12 6 11 12 6 4 12 4 6 6 8 7
split_gain=562.164 475.013 196.121 155.21 320.117 159.025 168.018 201.369 240.713 209.581 115.125 94.3035 93.3044 270.561 101.772 84.9886 83.8001 80.6437 98.0206 75.7892 73.0908 103.856 119.569 167.604 148.863 76.1279 78.7014 75.3728 68.8098 67.8873
threshold=0.35984319448471075 0.11800357326865198 0.46925491094589239 0.22923349589109424 0.091912072151899352 0.03354789316654206 0.080529432743787779 0.050043474882841117 0.31646825373172766 0.054019378498196609 0.56345102190971386 0.22359572350978854 0.12591104209423068 0.068291891366243376 0.73388242721557628 0.11488572135567666 0.62203922867774974 0.13712083548307422 0.72517660260200512 0.033297095447778709 0.26988236606121069 0.34180395305156713 0.10067966952919961 0.26652947068214422 0.41474512219429022 0.23389915376901629 0.096803203225135817 0.12495711818337442 0.017935287207365039 0.047842225059866912
decision_type=2 2 2 2 2 2 2 2 2 2 2 2 2 2 2 2 2 2 2 2 2 2 2 2 2 2 2 2 2 2
left_child=1 -1 12 4 19 6 7 8 -5 -9 20 -6 13 -2 -14 -13 -15 -7 -19 -3 21 25 -23 -24 -25 26 -8 -26 -11 -21
right_child=2 3 -4 5 11 17 10 9 -10 28 -12 15 14 16 -16 -17 -18 18 -20 29 -22 22 23 24 27 -27 -28 -29 -30 -31
leaf_value=0.079972935636562242 -0.054449506256626923 0.017456161993481011 -0.065791435977046911 0.0015071588551613922 0.069659687262598177 0.023377578909983359 -0.032548465874013034 0.042847938580999369 -0.050899506301586718 -0.0035196489675902269 0.0045837014666351211 -0.003372678492023671 -0.041944676049695109 0.0038976054669238379 0.011874403744706967 0.053808257545944038 0.058609792672078234 -0.00031588828252276897 0.033203481546221124 -0.018491909703104176 -0.028069551611882668 0.011738105793175246 0.029865949507663494 -0.03937896290510947 0.015107015745334003 -0.040249746878281548 0.040596958475710619 -0.016611482173290591 0.019519958197025129 0.0043774983825774823
leaf_weight=787.11814107559621 661.85234935954213 3007.5574742071331 1226.3750638877973 3287.9570215046406 1004.6392838191241 2950.7589434664696 318.7477666400373 1917.5379629395902 1194.9899507183582 3673.8023298643529 3850.0313913114369 493.78456807136536 2108.301185012795 707.60556531697512 421.63065495993942 548.84788791649044 463.2025926457718 6815.6865338124335 1000.4833079725504 1763.6766835041344 3252.7558069862425 2629.6127324700356 781.81458490341902 2268.4519568756223 1107.6884235441685 1760.0272338949144 273.15745211020112 2314.8089048527181 2003.0533689670265 4916.1310815662146
leaf_count=26966 20605 24417 88423 28536 12927 19976 1589 14066 28093 28625 27107 4339 61652 13708 13080 8722 10681 42847 5851 12315 48355 19785 4209 22910 9281 10861 1490 16087 13680 42891
internal_value=-0.000271194 0.00285782 -0.0304603 0.00171549 0.0118672 -0.00116186 -0.00483609 0.00434389 -0.0124625 0.0142647 -0.0108106 0.0477953 -0.0205283 -0.00334561 -0.0329754 0.0267277 0.0255432 0.00929217 0.00397465 0.00427433 -0.0148406 -0.0110838 -0.00624359 -0.0135488 -0.0195131 -0.0298163 0.00120731 -0.00634582 0.00460977 -0.00166074
internal_weight=59512.1 53923.1 5588.97 53136 11734.6 41401.4 30634.4 12077.3 4482.95 7594.39 18557.1 2047.27 4362.59 1832.66 2529.93 1042.63 1170.81 10766.9 7816.17 9687.37 14707.1 11454.3 9102.38 6472.76 5690.95 2351.93 591.905 3422.5 5676.86 6679.81
internal_count=684074 475925 208149 448959 105611 343348 274674 113000 56629 56371 161674 25988 119726 44994 74732 13061 24389 68674 48698 79623 134567 86212 72272 52487 48278 13940 3079 25368 42305 55206
is_linear=0
shrinkage=0.1


Tree=39
num_leaves=31
num_cat=0
split_feature=10 2 9 10 3 9 10 3 9 4 7 10 9 10 10 9 9 3 10 9 7 10 10 4 4 4 5 7 7 1
split_gain=473.139 350.041 277.644 296.22 321.95 235.298 189.574 183.613 115.835 104.596 100.769 94.4942 77.4758 118.686 76.0797 93.7954 75.988 75.4064 75.2043 232.505 88.8008 71.9042 70.9475 67.1057 62.1054 58.7115 111.682 58.3634 58.0774 57.8757
threshold=0.0092249214649200457 0.11800357326865198 -0.002222601324319839 -0.083515599370002733 0.27908530831336981 0.040714383125305183 0.10272938013076784 0.52626389265060436 0.16180384159088138 0.29856826364994055 0.12771848589181903 -0.04388413950800895 -0.059875942766666405 -0.1415729075670242 -0.26389952003955836 -0.092352256178855882 0.1040758788585663 0.31557585299015051 -0.026070289313793179 -0.029134005308151242 0.046242075040936477 0.061381854116916663 0.058217898011207588 0.48093497753143316 0.17904877662658694 0.24668934196233752 0.074729733169078841 0.20033592730760577 0.089037317782640471 0.15419610589742663
decision_type=2 2 2 2 2 2 2 2 2 2 2 2 2 2 2 2 2 2 2 2 2 2 2 2 2 2 2 2 2 2
left_child=1 -1 3 4 12 7 9 21 23 -7 11 17 13 -3 -6 -16 22 -4 19 20 -5 -2 -11 -8 -21 28 -27 -28 -22 -20
right_child=5 2 10 18 14 6 8 -9 -10 16 -12 -13 -14 -15 15 -17 -18 -19 29 24 25 -23 -24 -25 -26 26 27 -29 -30 -31
leaf_value=0.076976896260751715 -0.013230491661400851 0.061556939124940202 0.063640408838223292 -0.052190684505978885 0.035401771603315813 0.025668399384025986 -0.018637372678620978 -0.064023589807743295 0.013659842291864921 0.0068935681867311471 0.0053575586482417564 0.020634637872554901 0.067297013264211794 -0.013942706321104961 -0.0090262367365505514 0.013886758845736331 0.023612319411852295 0.011499583292322845 -0.044529781235817668 0.05608433335895812 -0.066188803223611647 -0.033260121864547201 -0.022390484969740696 -0.05272887082210901 0.013233249487625554 0.013213880226814745 -0.024479213365254701 0.014849523541679356 -0.00094768823851104796 -0.013614676979643834
leaf_weight=704.7361638341099 8955.547831626609 456.01284605637193 1031.6751697976142 573.59418204519898 733.97841908410192 2527.3224580548704 2047.5390534764156 906.8233311669901 857.83902159519494 1704.4476221008226 3327.2597501473501 5538.7371164187789 1116.593817256391 383.16850058920681 3851.677807033062 3332.1401887629181 1044.619671177119 379.35485519096255 680.73486863821745 380.87215976044536 352.61970775015652 2240.7313068313524 1607.6694962289184 804.15062272921205 3020.6037617754191 1721.1758718434721 2573.0977780278772 442.17122214473784 222.57169655151665 5483.3208616310731
leaf_count=26341 104262 9597 14222 5380 6746 14102 19850 57320 8468 19992 23226 43104 19259 4121 23042 18788 8031 1947 3634 6093 3436 34119 31459 34151 23238 14931 27257 4415 2183 70582
internal_value=0.000107159 0.00718743 0.00580593 0.000180241 0.0137096 -0.0112186 -0.000335421 -0.0207444 -0.0185589 0.00948444 0.0196686 0.0265201 0.0500424 0.027084 0.00473498 0.00160172 9.62003e-05 0.0496224 -0.00846547 -0.00278153 -0.0148107 -0.0172391 -0.00732063 -0.0282509 0.0180314 -0.0107742 -0.00711039 -0.0187119 -0.0409436 -0.0170288
internal_weight=59002.8 36306.1 35601.4 25324.3 9873.57 22696.7 10593.6 12103.1 3709.53 6884.06 10277 6949.77 1955.78 839.181 7917.8 7183.82 4356.74 1411.03 15450.8 9286.71 5885.23 11196.3 3312.12 2851.69 3401.48 5311.64 4736.44 3015.27 575.191 6164.06
internal_count=683296 351542 325201 242702 81553 331754 136053 195701 62469 73584 82499 59273 32977 13718 48576 41830 59482 16169 161149 86933 57602 138381 51451 54001 29331 52222 46603 31672 5619 74216
is_linear=0
shrinkage=0.1


Tree=40
num_leaves=31
num_cat=0
split_feature=11 2 10 9 12 9 10 11 10 12 9 10 12 9 9 10 9 2 4 11 12 11 4 11 1 4 2 4 12 9
split_gain=426.513 384.833 288.164 302.136 193.04 160.527 230.265 168.214 155.673 138.743 119.567 97.1092 81.5179 75.5964 73.3512 71.5369 142.942 68.3396 77.8436 72.2146 70.0296 67.9827 66.2059 66.1897 65.5304 63.955 62.7199 62.3707 61.7308 61.2357
threshold=0.46925491094589239 0.11800357326865198 -0.044989295303821557 -0.04021929204463958 0.25725494325160986 0.0070764869451522836 0.016247384250164035 0.27129411697387701 -0.23229044675827024 0.45458821952342993 0.036805406212806709 0.10272938013076784 0.46415694057941442 0.083512187004089369 0.12982779741287234 -0.09429538249969481 -0.092352256178855882 0.43730343878269201 0.53431659936904918 0.23937254399061206 0.24062747508287433 0.22964709252119067 0.5575295388698579 0.26729412376880651 0.15419610589742663 0.26254281401634222 0.59601336717605602 0.5263543725013734 0.21631377190351489 -0.20979494601488111
decision_type=2 2 2 2 2 2 2 2 2 2 2 2 2 2 2 2 2 2 2 2 2 2 2 2 2 2 2 2 2 2
left_child=1 -1 3 8 -5 7 17 9 29 21 23 13 -6 25 -13 16 -10 19 -19 20 24 -4 26 28 -7 -12 -2 -14 -8 -3
right_child=22 2 5 4 12 6 10 -9 15 -11 11 14 27 -15 -16 -17 -18 18 -20 -21 -22 -23 -24 -25 -26 -27 -28 -29 -30 -31
leaf_value=0.075945537266951718 -0.054320742208928935 0.0069778064973365257 -0.0067057186702080482 0.067450895478862127 0.032338941664014763 -0.02487188542538539 -0.049702049854506158 -0.030624841557296268 -0.0097666470961285459 0.024840200949085029 0.017480883548784364 -0.024826920911800388 0.0050973210424845221 0.023325000256983669 0.0051454624005537715 -0.013806118707471438 0.021967286227149632 -0.011503883714464916 0.079028883430127858 0.043275337497929299 0.0087048239978824299 -0.028108675956342279 -0.074194017708700516 -0.0351065673093734 0.051903694656231493 -0.0070963198595852999 0.051422947205854309 0.074129258799488826 -0.0065160536773013929 0.049335975708838686
leaf_weight=680.84519907273352 150.25656158756465 580.43966293148696 9412.1780640352517 1026.7448842246085 2841.7379375454038 130.65124999172986 366.24105547741055 3774.9961258713156 3406.5465709231794 1266.7320926971734 1539.8059355430305 2103.87393231038 2719.838183240965 2077.3414886789396 1334.3975634686649 4076.4582813195884 2433.3415786344558 1184.0973096964881 103.25766832847148 1179.3232216853648 3349.6017772201449 1761.8569193128496 870.18678766675293 1564.5028030928224 745.66354430653155 3389.339868712239 89.50340221542865 137.49887826293707 3438.9443689975888 828.37643023952842
leaf_count=26966 10978 5910 58120 23573 21720 1483 1793 93759 21169 7978 7476 29259 15458 15052 11127 33147 19178 10386 1733 11249 18238 28619 71254 42262 6012 44456 6227 1358 27715 9999
internal_value=2.4554e-05 0.0012107 0.000314459 0.0107491 0.0275372 -0.00454976 0.000915366 -0.0121352 0.000778996 -0.00652476 -0.00566462 0.000569922 0.0203464 0.00732454 -0.0131946 -0.00364012 0.00345612 0.0164637 -0.00424233 0.0213952 0.0152892 -0.0100804 -0.0613743 -0.0177916 0.0404571 0.000581303 -0.0148462 0.00841923 -0.0106726 0.0318842
internal_weight=58564.6 57454.6 56773.8 18051 6725.82 38722.8 22507 16215.8 11325.2 12440.8 15814.4 10444.8 5699.07 7006.49 3438.27 9916.35 5839.89 6692.59 1287.35 5405.24 4225.92 11174 1109.95 5369.69 876.315 4929.15 239.76 2857.34 3805.19 1408.82
internal_count=683654 595195 568229 151512 62109 416717 228241 188476 89403 94717 179140 107370 38536 66984 40386 73494 40347 49101 12119 36982 25733 86739 88459 71770 7495 51932 17205 16816 29508 15909
is_linear=0
shrinkage=0.1


Tree=41
num_leaves=31
num_cat=0
split_feature=10 3 3 10 9 3 9 10 1 9 10 1 6 10 5 9 8 3 4 5 12 4 10 9 5 10 7 3 12 12
split_gain=333.764 348.481 249.322 190.398 192.084 156.325 155.433 224.302 119.318 115.604 101.552 84.5047 98.3641 81.0785 80.906 79.8551 77.6134 100.182 85.4305 80.2475 71.0099 70.5683 69.8401 68.4001 68.2237 63.602 61.5766 58.706 58.2626 58.1571
threshold=-0.049564413726329797 0.27908530831336981 0.58761805295944225 -0.1051020324230194 -0.029134005308151242 0.10818981379270555 0.0056829154491424569 0.01274218410253525 0.22086276113986972 0.040714383125305183 0.12429918348789216 0.26274512708187109 0.1444477513432503 -0.33216038346290583 0.06795078888535501 0.16180384159088138 0.026034111157059673 0.31120453774929052 0.32848347723484045 0.12691415846347812 0.62431374192237865 0.30471512675285345 0.032174199819564826 0.1040758788585663 0.060672102496027953 0.05713178217411042 0.19322148710489276 0.43434701859951025 0.29427452385425573 0.23733336478471759
decision_type=2 2 2 2 2 2 2 2 2 2 2 2 2 2 2 2 2 2 2 2 2 2 2 2 2 2 2 2 2 2
left_child=1 3 5 28 8 -2 16 29 -5 -9 21 13 24 -3 -15 -12 17 18 22 -18 27 -11 -7 25 -13 -23 -21 -14 -1 -8
right_child=2 11 -4 4 -6 6 7 9 -10 10 15 12 20 14 -16 -17 19 -19 -20 26 -22 23 -24 -25 -26 -27 -28 -29 -30 -31
leaf_value=0.080185256701847937 0.082058108750276554 0.047479986624394399 -0.055136220218901293 -0.023466797234001947 0.044725410447061908 -0.0074232629666789798 0.041715973457452246 -0.015206955662062736 0.04507970105815727 0.019507238271588366 -0.029016132071846598 0.0039613564574028657 -0.0036148133655571329 0.0072620387034812136 -0.035416580564195901 0.011628263435291122 0.015926964574915353 -0.028667348315851215 0.15065705617101266 -0.031299658989639462 0.010233775793916914 0.0075661841080389945 -0.038844381131304777 0.018826894967681196 0.026898267034228426 -0.020061402098455552 0.010283434300238415 -0.033987354020416888 0.043058300906472238 0.013179489769338729
leaf_weight=860.3526053391397 211.24943003989756 190.26518131233752 966.59415191598237 1057.9774797186255 1480.8082921858877 8481.1007705405354 815.32882087118924 6736.5874787047505 334.14763272926211 2923.0592568777502 1596.5917768776417 2363.8552917921916 2058.0081997960806 673.90424877218902 1303.0286452956498 693.30325191654265 1846.6620637848973 3843.2330754892901 33.199427705258131 920.03898052684963 2353.078596922569 1493.141859581694 771.76658206991851 1343.0164377717301 2872.6975736571476 1885.4947066651657 580.98187069967389 921.26172619871795 830.87886642664671 5756.1226539928466
leaf_count=25392 8096 2452 73644 11257 26295 59483 7933 91217 1675 16734 22763 15823 10663 4412 8875 5531 19722 86633 245 15218 18087 16421 6427 10349 17272 33461 6905 6617 13538 41009
internal_value=-2.68461e-05 0.0116168 -0.00495228 0.0353251 0.0196544 -0.00373749 -0.0041938 0.00107322 -0.00701379 -0.00509445 0.00176276 0.00312057 0.00680913 -0.0148676 -0.0208681 -0.0167104 -0.0116235 -0.0150891 -0.00946951 0.00196832 -0.00275107 0.0072962 -0.010044 -0.000263351 0.0165442 -0.00785177 -0.0152046 -0.0130067 0.0619453 0.01672
internal_weight=58197.7 17300.3 40897.5 4564.16 2872.93 39930.9 39719.6 23242.6 1392.13 16671.2 9934.61 12736.1 10568.9 2167.2 1976.93 2289.9 16477 13129.3 9286.07 3347.68 5332.35 7644.71 9252.87 4721.65 5236.55 3378.64 1501.02 2979.27 1691.23 6571.45
internal_count=684149 162358 521791 78157 39227 448147 440051 245418 12932 196476 105259 84201 68462 15739 13287 28294 194633 152788 66155 41845 35367 76965 65910 60231 33095 49882 22123 17280 38930 48942
is_linear=0
shrinkage=0.1


Tree=42
num_leaves=31
num_cat=0
split_feature=11 2 10 3 9 10 11 9 10 3 12 9 11 5 1 1 10 6 10 12 12 5 5 12 11 10 1 12 10 12
split_gain=332.147 320.066 200.094 214.974 159.092 146.264 141.828 132.829 178.543 121.222 107.117 87.2496 89.2816 82.7435 81.147 79.2054 78.668 72.6996 93.3287 102.845 71.418 64.5679 61.7152 76.5707 67.0432 58.5455 58.2784 56.8713 72.1153 55.0168
threshold=0.48627455532550817 0.11800357326865198 -0.02694258093833923 0.17499425262212756 0.0021454989910125737 0.0070819333195686349 0.2528627365827561 -0.037778533995151513 -0.12424923852086066 0.37312673032283789 0.40533335506916052 0.054922118782997138 0.2047059163451195 0.05510013364255429 0.36784319579601293 0.18156863003969195 0.070522755384445204 0.12895401567220691 -0.077689349651336656 0.36956866085529333 0.18698041141033175 0.057825880125164993 0.094288919121027007 0.48925496637821203 0.32078436017036444 0.036239534616470344 0.24282353371381762 0.38062745332717901 0.072882264852523818 0.47466669976711279
decision_type=2 2 2 2 2 2 2 2 2 2 2 2 2 2 2 2 2 2 2 2 2 2 2 2 2 2 2 2 2 2
left_child=1 -1 3 -3 6 -6 10 8 9 -5 20 12 27 -14 -11 -10 -13 18 19 -9 -4 -21 -17 -24 -25 -22 -20 28 -7 -8
right_child=-2 2 4 7 5 11 29 17 15 14 -12 16 13 -15 -16 22 -18 -19 26 21 25 -23 23 24 -26 -27 -28 -29 -30 -31
leaf_value=0.073610211137225642 -0.063780304064033511 0.052708305086473811 -0.04265927085443736 0.031744571139277443 0.015542708372737083 0.0010389396894587494 -0.048409673440807419 0.067497778513035497 -0.049958472253073427 -0.010273279578582076 0.022345100403592989 0.016586358592699278 -0.0013207468276670768 -0.026376316142642242 0.024150831115641605 0.00048102049590626806 -0.0039825687645409632 0.0015379195936495739 -0.00089173130261427629 -0.015877267700331672 -0.0051110878879159832 0.044136207924632867 -0.041195200344865415 0.004162679856690589 -0.032801572779753839 -0.038143965576789264 0.022434202685564522 0.031401510963536869 -0.041978827664441117 -0.02148729311885474
leaf_weight=599.78914736583829 804.00431924592704 1003.9827019535005 687.11886837892234 2057.0316120162606 4775.693390279077 3645.2955969460309 1305.2116393875331 784.90628856047988 495.59903971105814 2172.516540478915 1043.8007326386869 3008.4765573935583 1966.9931511003524 3994.9197327820584 999.95823955908418 3585.6381380949169 4868.2857909202576 2866.4763082079589 1704.6451317295432 347.03308877535164 5155.1122218314558 370.85673149861395 1022.7797892279923 1478.0363899022341 734.51102081220597 598.86745257303119 2881.9399710409343 525.1444193571806 436.34933492541313 1813.9501645257697
leaf_count=26960 72452 25132 3659 23604 35414 17861 34662 11834 5322 11098 7776 22599 37110 76157 5636 25948 56699 18884 14347 2006 34986 2125 7445 8452 14143 5180 20004 2613 2312 51635
internal_value=4.46747e-05 0.00094604 0.000172344 0.00747893 -0.00468916 -5.47101e-05 -0.0148378 0.00536705 -0.00127356 0.0128369 -0.00737212 -0.00409302 -0.0100305 -0.0181098 0.000577137 -0.011359 0.0038736 0.0146697 0.0208513 0.0424793 -0.0121879 0.0151253 -0.00855442 -0.0185682 -0.00810854 -0.00854911 0.0137649 0.000425489 -0.00355989 -0.0327529
internal_weight=57734.9 56930.9 56331.1 22505.9 33825.2 23221.2 10604.1 21501.9 12546.1 5229.51 7484.9 18445.5 10568.7 5961.91 3172.47 7316.56 7876.76 8955.86 6089.38 1502.8 6441.1 717.89 6820.97 3235.33 2212.55 5753.98 4586.59 4606.79 4081.64 3119.16
internal_count=684055 611603 584643 195980 388663 250765 137898 170848 101648 40338 51601 215351 136053 113267 16734 61310 79298 69200 50316 15965 43825 4131 55988 30040 22595 40166 34351 22786 20173 86297
is_linear=0
shrinkage=0.1


Tree=43
num_leaves=31
num_cat=0
split_feature=11 2 10 9 10 3 9 9 12 11 10 10 1 9 10 9 11 12 8 3 11 3 4 10 3 1 4 7 2 12
split_gain=305.706 271.602 176.951 172.469 157.7 168.324 111.049 108.653 105.533 97.9413 88.0089 86.6577 84.7982 73.1981 78.6101 69.7361 69.4528 104.743 69.4136 65.6759 68.0834 61.0399 63.5996 60.7866 55.8422 55.47 54.6738 60.1588 53.3698 91.3998
threshold=0.4384314119815827 0.1128828562796116 0.0020795166492462163 -0.0089023858308792097 -0.12804415822029111 0.27908530831336981 0.1040758788585663 0.022972345352172855 0.24392159283161166 0.17694119364023211 0.039573356509208686 -0.011527158319950102 0.16517647355794909 -0.12826487421989438 -0.28350488841533655 0.060974463820457465 0.27654905617237097 0.41286279261112219 0.031079972162842754 0.39578923583030706 0.32423533499240881 0.4163168221712113 0.53837484121322643 0.13253334164619449 0.26807120442390447 0.19921570271253589 0.5575295388698579 0.25899590551853185 0.28416787087917333 0.36564710736274725
decision_type=2 2 2 2 2 2 2 2 2 2 2 2 2 2 2 2 2 2 2 2 2 2 2 2 2 2 2 2 2 2
left_child=1 -1 3 4 5 -3 -2 16 11 24 -9 -5 -13 14 -7 -12 17 -4 28 -18 -21 -11 -23 -17 -10 -14 -8 -28 29 -6
right_child=6 2 7 8 18 13 26 10 9 21 15 12 25 -15 -16 23 19 -19 -20 20 -22 22 -24 -25 -26 -27 27 -29 -30 -31
leaf_value=0.07536886639273907 -0.055993974051787958 0.057859360374132154 -0.015080298751251893 0.057688873526661577 -0.0060035497284060824 0.032418403731165536 0.065782910442041168 0.011220384455545509 0.0058409834214604578 0.023518114587193328 -0.016364332785803685 -0.02096519793079199 0.070695163576657588 0.020925159110961881 -0.012841585136370232 0.0077275574432345093 -0.052525878653955797 0.01832743797123389 0.0074123018059246678 0.021797859403594206 -0.030129982733459765 -0.0041125470385643161 0.071899258120494927 -0.014643843043182886 -0.026173410077817445 -0.010784229783442595 -0.046135595688696032 1.5160246714446726 -0.015483430158486577 0.034721255187752008
leaf_weight=486.87893692404032 1274.83977276925 778.13105356693268 6097.7478969991207 988.2021001894027 6241.846818709746 474.80783104151487 122.38612295594066 4293.0959582477808 1420.5715471692383 4662.8439440242946 3876.3228981671855 376.60964648239315 270.31549681350589 2193.4957930743694 2001.0322803407907 4027.1545943841338 827.28064570762217 1109.2136379852891 3579.6011497108266 342.2641937173903 962.58873677905649 1556.622085025534 118.45230655930936 1739.0585635770112 883.82424814999104 120.93271079286933 78.093696445226669 0.24729813355952401 5737.7886220738292 604.46448314189911
leaf_count=24140 107070 18465 50003 18564 50209 4945 6422 32693 13307 30092 51349 2250 1870 12404 11459 34960 24756 11478 27378 5117 31939 12374 1282 16699 4496 793 6851 19 66201 3465
internal_value=-0.000181901 0.00100674 0.000351848 0.00517608 8.44222e-05 0.0147991 -0.0451084 -0.00628288 0.0157582 0.011217 -0.000689576 0.0381071 0.0129062 0.00762321 -0.00416179 -0.00599219 -0.0146291 -0.00993856 -0.00487469 -0.0304839 -0.0165093 0.0176361 0.0012626 0.000980465 -0.00643777 0.0455103 0.0240273 -0.0412043 -0.00836978 -0.00240793
internal_weight=57246.7 55771.1 55284.3 32009.5 21611.2 5447.47 1475.57 23274.7 10398.4 8642.31 13935.6 1756.06 767.858 4669.34 2475.84 9642.54 9339.1 7206.96 16163.7 2132.13 1304.85 6337.92 1675.07 5766.21 2304.4 391.248 200.727 78.341 12584.1 6846.31
internal_count=683050 562688 538548 279554 194526 47273 120362 258994 85028 61551 135701 23477 4913 28808 16404 103008 123293 61481 147253 61812 37056 43748 13656 51659 17803 2663 13292 6870 119875 53674
is_linear=0
shrinkage=0.1


Tree=44
num_leaves=31
num_cat=0
split_feature=11 2 10 6 10 12 12 8 5 6 5 3 12 3 12 6 2 3 12 6 0 3 1 5 3 3 2 12 11 12
split_gain=265.329 245.903 144.083 128.595 137.195 155.519 130.413 82.4575 133.245 111.546 103.824 102.695 96.5586 86.5937 120.487 84.5813 76.2601 73.6396 86.6911 73.2204 69.835 107.366 70.7499 67.0984 65.3971 59.3329 58.6582 76.4547 57.3421 65.8217
threshold=0.46658827364444738 0.1128828562796116 -0.011527158319950102 0.12895401567220691 -0.10230047255754469 0.34180395305156713 0.55482354760169994 0.011853432748466732 0.028631908819079403 0.046723306179046638 0.058525130152702338 0.23281279951334002 0.70886287093162548 0.47013396024703985 0.56345102190971386 0.093139983713626875 0.17130123823881152 0.42901611328125006 0.67560788989067089 0.16397971659898761 0.13137255609035495 0.17499425262212756 0.28909806907176977 0.061372289434075362 0.25569328665733343 0.18890639394521716 0.29084432125091558 0.40172548592090612 0.2324706166982651 0.38619612157344824
decision_type=2 2 2 2 2 2 2 2 2 2 2 2 2 2 2 2 2 2 2 2 2 2 2 2 2 2 2 2 2 2
left_child=1 -1 3 4 5 -3 24 8 -4 25 -9 15 13 14 28 -12 -11 -8 -19 -16 -6 -22 26 -24 -5 -10 27 -23 29 -13
right_child=-2 2 7 6 20 -7 17 10 9 16 11 12 -14 -15 19 -17 -18 18 -20 -21 21 22 23 -25 -26 -27 -28 -29 -30 -31
leaf_value=0.073901333344160922 -0.052472421349009306 0.061074973302336383 0.0021117803057958237 0.037966576780747177 -0.016309232340035531 0.014945331415562965 0.020605643893907569 0.012821993842450551 -0.07382020557633244 0.045495013192351906 0.0023539982586909718 -0.016738597156182474 0.018201849172379176 -0.031134490168576692 0.041022350282758246 0.052441891470485717 -0.018751975766641261 -0.014181912523827027 0.016518569527132165 0.0015832883485746138 0.043312563584791623 0.0013503649960904145 0.0043378960866633249 0.028585064992550244 -0.021486623997217798 -0.0097401559095920184 -0.024518630463305865 0.072761855608064571 -0.022960109430299924 0.0089822823961336843
leaf_weight=457.23211351037025 948.41051290463656 1016.9056281633675 3940.3534305179492 195.17502689361572 1268.6228386107832 2598.0160121433437 2077.1933972500265 4296.6973051289096 564.7249119002372 191.91592981852591 954.76013611070812 2222.4612393714488 1281.0348058780655 1762.5153814265504 663.18732755631208 521.1717426776886 4950.2338052177802 2454.5181710682809 1471.0129977231845 1622.1782110705972 819.18741920217872 6233.3460398986936 2456.9827438592911 2131.2431589094922 3554.2924019508064 194.17734311055392 876.56989644654095 153.61776396259665 3332.6060562506318 1801.3732176274061
leaf_count=24339 91072 23507 42698 3190 15374 18472 11901 49807 2996 1423 4882 15046 20794 44492 5701 3029 55122 22986 13582 10750 13722 43183 24223 18693 24895 2870 7409 784 56270 11066
internal_value=-2.17322e-05 0.000865564 0.000265013 0.00544704 0.0105619 0.027922 -0.00376002 -0.00473523 -0.0121277 -0.021636 -0.000793717 -0.00492488 -0.00782961 -0.0107537 -0.0070281 0.0200407 -0.0163541 0.00537942 -0.00267753 0.0130281 0.00605996 0.00829958 0.0058795 0.0156008 -0.0183918 -0.0574243 -0.000261235 0.00306794 -0.0132588 -0.00522398
internal_weight=57011.7 56063.3 55606.1 27306.7 17554.5 3614.92 9752.19 28299.4 9841.41 5901.05 18458 14161.3 12685.4 11404.3 9641.81 1475.93 5142.15 6002.72 3925.53 2285.37 13939.6 12670.9 11851.8 4588.23 3749.47 758.902 7263.53 6386.96 7356.44 4023.83
internal_count=684278 593206 568867 241921 165367 41979 76554 326946 105109 62411 221837 172030 164119 143325 98833 7911 56545 48469 36568 16451 123388 108014 94292 42916 28085 5866 51376 43967 82382 26112
is_linear=0
shrinkage=0.1


Tree=45
num_leaves=31
num_cat=0
split_feature=11 3 7 5 7 7 6 5 7 3 7 4 4 8 5 3 12 6 4 11 7 12 4 8 3 12 6 4 9 4
split_gain=228.516 207.904 134.564 268.331 107.825 92.6933 88.1292 79.1496 153.334 208.271 143.026 125.416 98.7873 94.6367 94.9815 107.139 142.168 70.1934 106.235 67.2849 67.2476 64.7877 64.7583 60.9277 57.9739 62.3566 74.498 57.9102 56.7013 55.2318
threshold=0.35764704644680029 0.10818981379270555 0.065900575369596495 0.095120228826999678 0.07635675743222238 0.1951631233096123 0.18360161036252978 0.026465194299817089 0.047842225059866912 0.17193972319364551 0.054677313193678863 0.14058479666709903 0.31925742328166967 0.019402835518121723 0.11223122105002405 0.25994883477687841 0.48329415917396551 0.053412897512316711 0.19062595814466479 0.41913732886314398 0.073797199875116362 0.35811768472194677 0.30623868107795721 0.032279776409268386 0.34973940253257757 0.62886276841163646 0.15038448572158816 0.44358707964420324 -0.0089023858308792097 0.42597588896751409
decision_type=2 2 2 2 2 2 2 2 2 2 2 2 2 2 2 2 2 2 2 2 2 2 2 2 2 2 2 2 2 2
left_child=1 -1 27 4 -4 -5 -7 10 11 20 12 -9 28 17 21 -16 -17 18 -11 23 -10 -15 -13 -6 -18 26 -26 -2 -3 -8
right_child=2 7 3 5 19 6 29 8 9 13 -12 22 -14 14 15 16 24 -19 -20 -21 -22 -23 -24 -25 25 -27 -28 -29 -30 -31
leaf_value=0.080976939222162578 -0.015501996365309354 -0.0039043011604292539 -0.023841525946080223 -0.041903228056324508 0.011383750865957781 0.070217712342794489 0.10228381265288766 -0.10868260263911099 0.021548689087783207 -0.064502615474548206 0.043764463015403453 -0.010268683302861136 -0.031785247762679651 -0.0026084590082378969 0.040946083817375425 -0.026460235589566224 0.025664668888851296 -0.007463342050660824 0.021894847612818503 0.083889369944716422 0.071300131329877281 0.015602616952988702 -0.050520610123333899 0.087353306349342907 0.016894276815960743 0.0085779887912313859 -0.015476661817592286 -0.077309453748404838 0.017032665509355279 -0.02284762306950619
leaf_weight=329.75118750799447 212.01725949719548 2047.752433965914 354.63842911086977 2088.8234233884141 598.92306792642921 137.2989397617057 37.06917274557054 160.31560475472361 594.09122385457158 156.79087156057358 1123.8774328008294 2187.3457362661138 653.34519703127444 2572.8445610264316 559.18264885619283 2238.8465766403824 907.0252710878849 15911.538962419145 1542.0719958115369 261.89433800429106 500.62757224868983 8115.7252485584468 489.05260508321226 128.15853404253721 889.15000019408762 3711.0783784482628 3547.1534743085504 531.88465928845108 3511.7557519041002 728.43952973093837
leaf_count=18882 5344 19634 16586 95662 8248 4642 514 1478 10650 1044 9245 16904 16033 18210 4511 22603 5446 145118 11726 14577 12600 62521 12150 1822 8188 23023 24188 33660 29534 29505
internal_value=-0.000159571 0.00182706 -0.0204006 -0.0136581 0.0234651 -0.030331 -0.00355637 0.00131948 -0.000281098 0.00126558 0.0109366 -0.02277 0.00499815 9.22414e-05 0.00438343 -0.00178094 -0.00389656 -0.0054004 0.0139211 0.0404289 0.0443006 0.011219 -0.0176238 0.0247745 0.00168267 -0.000987183 -0.00898869 -0.0596939 0.00932088 -0.0167882
internal_weight=56828.5 51749.3 5079.15 4335.25 1343.61 2991.63 902.808 51419.6 44082.8 41246.1 7336.73 2836.71 6212.85 40151.4 22541 11852.4 11293.3 17610.4 1698.86 988.976 1094.72 10688.6 2676.4 727.082 9054.41 8147.38 4436.3 743.902 5559.51 765.509
internal_count=684248 473688 210560 171556 41233 130323 34661 454806 380360 349828 74446 30532 65201 326578 168690 87959 83448 157888 12770 24647 23250 80731 29054 10070 60845 55399 32376 39004 49168 30019
is_linear=0
shrinkage=0.1


Tree=46
num_leaves=31
num_cat=0
split_feature=3 10 9 3 9 10 3 10 9 7 10 1 3 1 12 10 5 8 5 7 5 5 12 8 4 10 9 4 4 7
split_gain=179.574 162.059 140.643 143.937 118.851 146.836 165.154 93.7047 101.073 81.964 72.4333 68.189 72.4611 83.9794 74.8015 73.0638 70.0279 62.9079 82.1618 67.489 111.756 88.0883 83.9461 94.1997 83.3163 71.0456 118.282 65.818 97.7202 64.0397
threshold=0.10818981379270555 0.028983160853385929 0.064768999814987196 0.52416944503784191 0.01581630110740662 -0.060031056404113763 0.24608527868986133 -0.1051020324230194 -0.027169272303581234 0.14484662562608722 0.13253334164619449 0.49819612503051763 0.38190345466136938 0.24282353371381762 0.58431378006935131 -0.12804415822029111 0.080076891928911223 0.04968515224754811 0.11668941378593446 0.047842225059866912 0.034429384395480163 0.026465194299817089 0.24062747508287433 0.018790624104440216 0.14058479666709903 -0.013789594173431395 -0.015446867793798445 0.2022742033004761 0.16109216213226321 0.059075068682432182
decision_type=2 2 2 2 2 2 2 2 2 2 2 2 2 2 2 2 2 2 2 2 2 2 2 2 2 2 2 2 2 2
left_child=-1 4 3 -3 5 6 7 -2 -9 -6 -4 12 13 15 -14 -8 -17 18 19 21 29 27 -22 -24 -23 26 -26 28 -7 -21
right_child=1 2 10 -5 9 17 11 8 -10 -11 -12 -13 14 -15 -16 16 -18 -19 -20 20 22 24 23 -25 25 -27 -28 -29 -30 -31
leaf_value=0.076647435083055854 0.061068095066076772 -0.013159762700612941 0.0099361279514915239 -0.057851351807636189 0.020379444488793374 -0.012196826554672203 0.014997877308997057 -0.012479526385274426 0.048833721265796853 -0.0010091427555593466 -0.01358983122586367 0.054184167122659034 -0.017202389497560151 0.019750142229948732 0.0052731408898486817 -0.0049516843569878703 -0.060552450512492334 0.022454233965295216 -0.023081233201729626 0.0082206410854089914 0.024503573734280682 -0.11645998910148568 -0.015122678122808883 0.0062602054511700228 -0.043467864609882639 -0.045787656551305123 0.039901810242452394 -0.016074759530259219 0.042104375380563663 0.05609346680412082
leaf_weight=302.69438655022532 811.83138378150761 8711.7029119227082 4198.2821283037774 785.63424081448466 5565.7221927475184 718.76172664389014 835.29511329345405 576.67762543354183 503.69560041464865 2642.2445079926401 1901.4359599058516 259.76622217800468 2780.6950236828998 3545.4496775977314 3167.591591976583 619.32698230445385 357.15133916214108 764.14622361771762 2657.660233781673 607.7854024367407 986.87245535384864 110.55550534278154 4997.7734629390761 3505.1770187150687 346.16452433727682 853.99393047392368 334.7372284932062 1921.095149230212 614.95698568969965 517.21974582970142
leaf_count=18748 26131 117400 46470 63062 45085 5651 10551 8208 11833 18989 32894 4249 16091 20321 21280 3255 1865 7709 50161 7772 9968 943 49925 36448 3588 9004 3258 21560 4467 7074
internal_value=-0.000168711 -0.000582449 -0.00924658 -0.0168567 0.00274581 2.24191e-05 0.00800886 0.0353966 0.0161062 0.0134942 0.00260249 0.00352793 0.002364 0.0107999 -0.00523368 -0.00671466 -0.0252879 -0.00565314 -0.00683502 -0.00405213 0.000429055 -0.0137591 -0.00310382 -0.006308 -0.032616 -0.0265769 -0.00248261 -0.00422616 0.0128406 0.0302301
internal_weight=56502.1 56199.4 15597.1 9497.34 40602.3 32394.4 13457.5 1892.2 1080.37 8207.97 6099.72 11565.3 11305.5 5357.22 5948.29 1811.77 976.478 18936.9 18172.8 15515.1 10614.8 4900.27 9489.82 8502.95 1645.45 1534.9 680.902 3254.81 1333.72 1125.01
internal_count=683960 665212 259826 180462 405386 341312 123784 46172 20041 64074 79364 77612 73363 35992 37371 15671 5120 217528 209819 159658 111187 48471 96341 86373 16793 15850 6846 31678 10118 14846
is_linear=0
shrinkage=0.1


Tree=47
num_leaves=31
num_cat=0
split_feature=11 2 10 12 9 10 12 11 12 9 9 10 9 2 10 9 4 11 10 11 4 12 11 10 1 2 11 2 1 10
split_gain=188.942 166.592 114.084 162.385 92.9735 116.144 90.0938 78.4074 103.945 75.3741 73.7975 72.6377 101.523 68.6021 67.0169 70.1544 67.979 66.1743 65.0698 63.5738 90.5878 58.4739 94.6991 53.7162 52.1872 52.1598 52.069 62.0654 57.4918 50.3646
threshold=0.49521569907665258 0.1128828562796116 -0.060031056404113763 0.27090199291706091 -0.012573495507240294 -0.0078642591834068281 0.22713723033666613 0.37898038327693945 0.45223532617092138 0.025924652814865116 -0.027169272303581234 -0.26389952003955836 -0.07295778393745421 0.33719009160995489 0.040450610220432288 0.09012447297573091 0.33410830795764929 0.20133333653211596 0.060301780700683601 0.24062748998403552 0.33987307548522955 0.18698041141033175 0.1979608237743378 -0.099455729126930223 0.12470589950680734 0.39504127204418188 0.14760787039995196 0.35605260729789739 0.48329411447048193 -0.13697160780429837
decision_type=2 2 2 2 2 2 2 2 2 2 2 2 2 2 2 2 2 2 2 2 2 2 2 2 2 2 2 2 2 2
left_child=1 -1 3 10 7 6 -6 8 19 18 23 -5 29 -10 -11 -16 -17 -8 21 20 24 -7 -23 -3 -4 -19 -14 -28 -29 -13
right_child=-2 2 4 11 5 9 17 -9 13 14 -12 12 26 -15 15 16 -18 25 -20 -21 -22 22 -24 -25 -26 -27 27 28 -30 -31
leaf_value=0.06655925178718558 -0.057497151980708927 0.049080203989652071 -0.067310574269875564 0.033508535962371404 0.042228189145657305 -0.034836142506190992 -0.0052497082220029252 -0.045462066384681712 0.058040128051039863 0.011002242492905561 0.070441847370307842 0.0019922457168165433 -0.010707347261311664 0.0028404987042194808 -0.010489187334402534 0.029577235473355657 -0.0010965218076171011 0.02780409612949148 -0.03229232833305453 -0.035055011858339487 0.05979307847248469 0.0068932673295627953 -0.015134359716065894 -0.018489495954712037 -0.011219791293876593 0.0025128739409633963 0.02529169808547288 -0.0016281467491248746 0.04030707089705711 -0.016455220765104552
leaf_weight=375.05881173443049 574.67252687504515 244.95184066798538 170.90571445599198 806.21854112483561 836.13762686215341 701.74908231850713 2475.2674147877842 623.61308981431648 248.23318001441658 4686.0118383690715 554.67390762735158 3060.0512686958537 931.44895211979747 2420.8020616732538 5777.9621877246536 990.5990637652576 2669.6252738283947 1806.9235494732857 1174.0929064224474 1308.7650128267705 176.79032230377197 3707.0211768057197 4121.6967616844922 226.38936427887529 5635.1844992879778 1486.1219713911414 2809.8474840503186 2369.7004438452423 379.24624951556325 2866.1546143461019
leaf_count=24307 64828 8471 1974 10992 11408 3974 16413 32198 1412 36261 17432 19609 9795 30520 84613 5237 30198 11952 24571 27572 1391 18444 80622 4217 37202 13021 17805 13824 3227 20825
internal_value=-0.00045148 0.000137698 -0.000313066 0.00739561 -0.00299091 -0.000183199 0.0115511 -0.011064 -0.00891039 -0.0034355 0.0457193 0.00442187 0.00253323 0.00797433 0.00122643 -0.00362721 0.00720499 0.00710431 -0.0102206 -0.0150909 -0.0107237 -0.00718272 -0.00470393 0.0166259 -0.0128709 0.0163904 0.0111738 0.0148403 0.00415726 -0.0069297
internal_weight=56215.9 55641.2 55266.2 14248.7 41017.5 30433.2 6604.45 10584.3 9960.68 23828.8 1026.02 13222.7 12416.4 2669.04 14124.2 9438.19 3660.22 5768.31 9704.56 7291.65 5982.88 8530.47 7828.72 471.341 5806.09 3293.05 6490.24 5558.79 2748.95 5926.21
internal_count=684315 619487 595180 126197 468983 336714 52794 132269 100071 283920 30120 96077 85085 31932 156309 120048 35435 41386 127611 68139 40567 103040 99066 12688 39176 24973 44651 34856 17051 40434
is_linear=0
shrinkage=0.1


Tree=48
num_leaves=31
num_cat=0
split_feature=11 3 10 3 10 9 9 11 4 1 12 4 12 11 3 4 10 1 3 12 7 4 10 1 7 11 7 7 7 3
split_gain=174.087 144.568 104.716 140.276 111.41 109.675 80.1604 99.5599 93.0918 77.2639 67.5646 66.9024 62.9732 116.638 66.6056 62.0625 56.514 55.4545 64.6555 65.9178 53.1921 59.5904 81.2801 50.6655 84.4906 66.5804 64.0423 61.0261 50.4835 58.0651
threshold=0.50117656588554393 0.11378285288810731 -0.040583740919828408 0.27908530831336981 -0.096881136298179613 -0.030515231192111966 0.025924652814865116 0.40062750875949865 0.31925742328166967 0.50792160630226146 0.71968623995780956 0.28215530514717108 0.53058823943138134 0.2752941101789475 0.43957136571407324 0.55525866150856029 0.083407513797283186 0.26274512708187109 0.38965310156345373 0.60125496983528148 0.027889907360076908 0.31794506311416632 0.019178822636604313 0.14572552591562274 0.048356706276535995 0.12737255543470385 0.032828399911522872 0.02256127912551165 0.050043474882841117 0.45771642029285436
decision_type=2 2 2 2 2 2 2 2 2 2 2 2 2 2 2 2 2 2 2 2 2 2 2 2 2 2 2 2 2 2
left_child=1 -1 3 4 -3 11 7 12 -8 17 28 -6 13 16 -14 -2 23 -5 -19 -20 21 22 -15 24 26 -25 27 -4 -10 -30
right_child=15 2 6 9 5 -7 8 -9 10 -11 -12 -13 14 20 -16 -17 -18 18 19 -21 -22 -23 -24 25 -26 -27 -28 -29 29 -31
leaf_value=0.067457673774402649 0.034539625223059423 0.043795762613841327 -0.038097853508176995 -0.014815797807196655 -0.017578096400103421 0.028083442661131643 0.010997130752047769 -0.04444977315649315 -0.052575715403603521 0.042936270365376727 0.018886690837586047 0.04075518468384861 0.031742699385790447 0.37032309406440539 -0.0025437965090148486 -0.072560449781321992 -0.045788456807250293 0.011680469654827148 -0.013347561514645976 0.0067197236064854161 -0.032179466783655235 -0.051137951727080466 -0.026569620213316433 0.018070676823271958 0.026814768508455506 -0.0049514083067832655 -0.072526366638023781 0.056231402390303435 -0.00027873016760262875 -0.019266575432380431
leaf_weight=318.34603833593428 61.801689150743186 1466.566774376668 255.22537313960493 2227.361551919952 1305.0422537177801 1698.1351896766573 6821.7847451679409 694.10102110821754 245.23420370416716 424.17849555984139 1071.1158012687229 231.48616365343332 842.88007279857993 11.998803121969106 1728.4433873295784 434.54084348259494 333.95811593346298 4519.8077096641064 3462.221378006041 3104.8776100715622 2086.6427969262004 17.229460386559367 9.0528758242726308 1388.4316234961152 224.76806253194809 13189.488797174767 368.42389401607215 93.78608388453722 4953.3538274709135 2386.4241965264082
leaf_count=21550 5462 36885 1543 16664 11062 24611 44607 47771 7061 5565 19660 1128 6651 306 28703 54331 4301 25999 22907 23332 55252 642 258 9438 2618 107319 2280 840 45248 50404
internal_value=-0.000264811 0.000262662 -0.000125127 0.00602346 0.0209335 0.0105679 -0.00321257 -0.0072005 0.00226114 0.000921333 -0.00462359 -0.00878988 -0.00594239 -0.00803584 0.00869532 -0.059225 -0.0050871 -0.000417218 0.00247546 -0.00385989 -0.0300365 0.0867744 0.199647 -0.00421129 -0.0266855 -0.00275874 -0.0434468 -0.0127498 -0.00794359 -0.00645236
internal_weight=55976.7 55480.4 55162 18439.7 4701.23 3234.66 36722.3 21244.4 15477.9 13738.4 8656.13 1536.53 20550.3 17979 2571.32 496.343 15854.1 13314.3 11086.9 6567.1 2124.92 38.2811 21.0517 15520.1 942.203 14577.9 717.435 349.011 7585.01 7339.78
internal_count=684398 624605 603055 168153 73686 36801 434902 267922 166980 94467 122373 12190 220151 184797 35354 59793 128339 88902 72238 46239 56458 1206 564 124038 7281 116757 4663 2383 102713 95652
is_linear=0
shrinkage=0.1


Tree=49
num_leaves=31
num_cat=0
split_feature=5 8 2 8 3 11 11 4 5 12 3 8 4 2 2 6 12 4 3 6 4 12 6 2 12 6 6 4 2 12
split_gain=159.252 114.276 112.092 109.436 87.6885 79.4104 69.9761 70.6084 63.9619 57.0723 48.2546 47.7226 42.2183 40.3017 39.6899 94.5061 63.448 60.9341 41.9306 159.065 41.8385 67.6505 43.0048 44.8891 38.5038 42.1195 38.3614 38.3997 35.5968 35.3867
threshold=0.13053081929683688 0.057937914505600936 0.1128828562796116 0.03354789316654206 0.25994883477687841 0.27796079218387609 0.37160788476467138 0.44819837808609014 0.02907098084688187 0.48329415917396551 0.38965310156345373 0.01711923070251942 0.26454077661037451 0.51607513427734386 0.16010370105504992 0.042808121070265777 0.21254904568195346 0.14413657039403918 0.2223998159170151 0.087881132960319533 0.19296702742576602 0.24392159283161166 0.051273914054036147 0.20003242045640948 0.57670593261718761 0.1381865665316582 0.18548549711704257 0.39443075656890875 0.4265760481357575 0.27764709293842321
decision_type=2 2 2 2 2 2 2 2 2 2 2 2 2 2 2 2 2 2 2 2 2 2 2 2 2 2 2 2 2 2
left_child=2 4 -1 8 -2 28 9 13 -4 12 26 14 -6 -8 15 17 -16 -10 19 20 22 -22 -18 -24 25 -12 27 -11 -5 -21
right_child=1 -3 3 5 6 -7 7 -9 11 10 24 -13 -14 -15 16 -17 18 -19 -20 29 21 -23 23 -25 -26 -27 -28 -29 -30 -31
leaf_value=0.061169456573550135 0.040008800969481881 0.0093437006281234455 0.0085678835202613688 0.013948191941177832 0.034594453097237736 0.039452991761367955 -0.014017209198031894 -0.04045092038088359 -0.066765604478161267 -0.015653079539779746 0.023830658486480284 0.0032294474593148881 -0.032010183519941483 0.0922412733468429 -0.044755961898053483 0.040054967967879218 -0.060168048737130678 0.005664303036443696 -0.0080501990557242959 0.085025985333747695 0.033118983436816012 -0.0095763321523754958 0.0053862736569775501 -0.056636232840918559 -0.0067883281061361933 -0.031139442490688032 0.029120456771714903 0.031698814018520392 -0.013161616811587468 0.032116255110797312
leaf_weight=331.65872336458415 292.32033595629036 2621.3108388357796 8560.8199588535354 3057.5783995082602 101.09076246991754 1186.2582973944955 81.454716008156538 1539.2592062954791 171.58848404046148 705.71858366206288 155.09601637162268 12949.775956010446 1624.4114136397839 63.536182912066579 417.70946114324033 605.6502263629809 228.11675533093512 359.51106912083924 11244.023150934838 231.51165472436696 545.76875594165176 1159.7001526262611 483.77494410891086 153.78789705783129 3795.7783253677189 1376.4135979823768 551.12416545301676 226.1360070426017 575.51496636867523 278.43010651133955
leaf_count=24281 2365 20862 101197 21192 534 17161 1583 91118 1370 4770 1975 146583 18419 1194 3767 13489 1475 3242 133412 3385 4536 7711 4842 865 30848 12835 2772 1257 2587 2566
internal_value=0.000289287 -0.00933625 0.00326096 0.00280595 -0.0139942 0.0169887 -0.0155388 -0.0341669 0.000977885 -0.0118632 -0.00774729 -0.00127595 -0.0281081 0.0325461 -0.0049501 0.0130543 -0.00633833 -0.0177365 -0.0052181 0.00511725 -0.00500163 0.00408664 -0.0229064 -0.00957431 -0.0121885 -0.0255726 0.00820683 -0.00416205 0.00965375 0.0561371
internal_weight=55674.8 13133.7 42541.2 42209.5 10512.3 4819.35 10220 1684.25 37390.2 8535.77 6810.27 28829.3 1725.5 144.991 15879.6 1136.75 14742.8 531.1 14325.1 3081.09 2571.15 1705.47 865.68 637.563 5327.29 1531.51 1482.98 931.855 3633.09 509.942
internal_count=684193 190532 493661 469380 169670 40940 167305 93895 428440 73410 54457 327243 18953 2777 180660 18101 162559 4612 158792 25380 19429 12247 7182 5707 45658 14810 8799 6027 23779 5951
is_linear=0
shrinkage=0.1


Tree=50
num_leaves=31
num_cat=0
split_feature=11 10 4 10 9 1 6 8 7 9 10 9 1 9 10 7 6 1 3 7 8 7 3 11 6 11 3 4 8 3
split_gain=132.492 114.648 94.3452 75.7995 95.1116 94.3183 79.7503 113.763 104.067 84.3452 85.0985 183.051 89.2537 67.6635 123.918 71.5513 69.3419 51.2561 50.3983 60.415 48.9153 46.956 46.5578 57.6056 56.2901 46.0263 44.8412 43.2365 51.8004 44.8841
threshold=0.52627459168434154 -0.30723661184310908 0.11550552770495416 0.068113073706626906 0.097909703850746169 0.617882400751114 0.12895401567220691 0.057937914505600936 0.12484353035688402 0.042413093149662025 -0.077689349651336656 -0.065868362784385667 0.334901973605156 -0.010275222361087797 0.0020795166492462163 0.046242075040936477 0.040299218147993095 0.10745099559426309 0.25994883477687841 0.18052574247121814 0.038273641839623458 0.035664461553096778 0.42139850556850439 0.20133333653211596 0.16836605221033099 0.41686277091503149 0.25994883477687841 0.27551455795764929 0.008190047927200796 0.26401680707931524
decision_type=2 2 2 2 2 2 2 2 2 2 2 2 2 2 2 2 2 2 2 2 2 2 2 2 2 2 2 2 2 2
left_child=1 -1 -3 5 25 6 8 18 9 10 11 -4 -13 15 -15 17 -17 21 -8 20 -20 -12 23 -21 -24 -5 -19 28 -16 -29
right_child=-2 2 3 4 -6 -7 7 -9 -10 -11 13 12 -14 14 27 16 -18 26 19 22 -22 -23 24 -25 -26 -27 -28 29 -30 -31
leaf_value=0.050866968887020261 -0.065276698301975605 0.060792893095859959 -0.0089708800190825971 -0.015306707353468223 0.0051904559118368492 0.071471448287669201 0.033406698099876862 0.014051401155765112 0.022119032692429583 0.018156693120224165 -0.063387759386062767 0.043875849255601646 -0.0057866148921475197 0.013376101556802878 -0.01318391863730046 0.040156736645446098 -0.0057923078699458419 -0.012186282274190462 -0.023660435434385594 -0.0050107999193882173 -0.002486381917311019 -0.38009806754216929 0.020949769203743127 0.028719422222872645 -0.015867042199390956 -0.053190093511890649 -0.041932328393606215 0.12654389785948475 0.0080222730206557964 -0.016969300002821649
leaf_weight=450.79521485138685 306.59547043172643 256.01215785276145 1907.3730991445482 4344.4552359683439 2798.7866180161946 191.49492995301262 266.62468668352813 2495.9107219581492 2837.0323258684948 2948.2799852550961 12.292954854667189 1722.8211301323026 458.11235656775534 5947.7118782266043 1879.4274038309231 344.51364864502102 7034.9726433828473 1447.2420301828533 4042.3941387236118 1261.555904103443 1494.3508168458939 7.5603968184441319 486.5299628181383 845.76640444435179 2835.661207085941 346.2688667671755 779.86295934719965 21.966434650123119 2975.5924737639725 2753.7930540880188
leaf_count=10705 41232 18216 16258 60118 30171 6753 2975 16383 26125 23062 414 31791 2625 52236 10376 4129 72505 9529 57236 7166 14473 184 4919 4578 37680 31736 14559 139 16445 58870
internal_value=0.000278709 0.000642853 0.00022928 -5.52766e-05 -0.00939853 0.00143362 0.00114709 -0.00526008 0.00380629 0.00208833 0.000352586 0.0136557 0.0334441 -0.00199118 0.0025555 -0.00840446 -0.00364716 -0.0240284 -0.00955103 -0.0105955 -0.0179456 -0.183995 -0.00310016 0.00852671 -0.0104753 -0.0181033 -0.0226024 -0.00587849 -0.000186859 -0.0158336
internal_weight=55501.8 55195.2 54744.4 54488.4 7489.51 46998.8 46807.3 13728.8 33078.6 30241.5 27293.2 4088.31 2180.93 23204.9 13578.5 9626.44 7379.49 2246.96 11232.9 10966.3 5536.74 19.8534 5429.51 2107.32 3322.19 4690.72 2227.1 7630.78 4855.02 2775.76
internal_count=683588 642356 631651 613435 122025 491410 484657 145410 339247 313122 290060 50674 34416 239386 138066 101320 76634 24686 129027 126052 71709 598 54343 11744 42599 91854 24088 85830 26821 59009
is_linear=0
shrinkage=0.1


Tree=51
num_leaves=31
num_cat=0
split_feature=5 7 4 2 11 12 7 7 11 6 12 7 5 7 7 4 2 2 11 9 8 4 4 6 12 12 7 4 7 11
split_gain=129.585 124.555 156.973 91.21 79.7549 74.9846 204.672 71.3782 66.2192 70.7097 58.8825 66.9079 54.7645 97.4809 92.9432 110.949 84.8409 82.2292 58.4582 58.0862 57.8997 51.1177 48.3458 50.7834 62.605 43.8612 109.92 54.985 65.0327 58.7031
threshold=0.12403671070933343 0.1951631233096123 0.26652947068214422 0.11800357326865198 0.37396082282066351 0.62431374192237865 0.081010200083255782 0.14924763888120654 0.44596078991889959 0.11221118643879892 0.46658825874328619 0.15255922079086306 0.02907098084688187 0.047842225059866912 0.055294208228588111 0.31794506311416632 0.15744615346193316 0.38463784754276281 0.23121567815542224 0.0030033588409423832 0.019402835518121723 0.30623868107795721 0.31794506311416632 0.16924517601728442 0.57670593261718761 0.24721571803092959 0.081010200083255782 0.19062595814466479 0.052897473797202117 0.1325490549206734
decision_type=2 2 2 2 2 2 2 2 2 2 2 2 2 2 2 2 2 2 2 2 2 2 2 2 2 2 2 2 2 2
left_child=3 2 -2 -1 10 12 -7 8 -8 -10 11 21 14 -14 15 19 -15 18 -16 -5 25 -4 -12 24 -24 26 27 -18 -29 -30
right_child=1 -3 4 5 -6 6 7 -9 9 -11 22 -13 13 16 17 -17 20 -19 -20 -21 -22 -23 23 -25 -26 -27 -28 28 29 -31
leaf_value=0.052625788683259601 0.034591755269981039 0.0023622381155105543 -0.018770550239398952 -0.0010144001663584276 -0.044211835633310263 -0.05960596582484743 0.039411822612620918 0.012773924923029352 0.15223700149820907 -0.08713487278503701 0.035777955772029024 0.0059832836766449665 -0.021144145571699122 0.039656282844954455 0.028738111796479168 -0.029962478173835044 -0.02262614328332339 -0.0015473565849521693 0.078404676413877356 0.018879183181292926 0.0050817487495002601 -0.058233044815342763 -0.012987760794858017 -0.023497576879630902 0.021537314259715085 -0.0060573826959219685 0.081117562877840235 0.061065981135474623 -0.1230518953805855 0.0080643402605605763
leaf_weight=360.41944665648043 563.30305013991892 6136.9584260056727 557.28658034466207 3245.2168638305739 1164.2077479967847 296.93198285019025 918.75699599739164 1272.36256394675 95.989749756176025 14.161057944409547 217.94267654977739 369.58692397270352 2233.8656814419664 544.66976493410766 656.85968292690814 885.75014038383961 540.81582531146705 539.7585989004001 370.7389006651938 2679.6914430418983 11640.667039759923 798.67757201753557 1757.8055428024381 2197.2078046407551 749.01977277174592 13605.819945818279 200.09071891754866 246.70176300592721 37.413578156381845 391.05363548360765
leaf_count=26977 3932 66711 4642 29629 73339 31617 9708 15164 7277 1417 1171 3173 25813 14532 5697 25016 5266 7591 2363 21703 101510 12744 17810 18232 7622 134295 3776 1803 444 3240
internal_value=-0.000345152 -0.00846041 -0.0163909 0.00254291 -0.0200672 0.0020963 0.0185295 0.0286112 0.0481959 0.121463 -0.0158387 -0.031734 0.000967325 -0.00106264 0.00810079 0.00304804 0.000586169 0.0300566 0.0466569 0.00798298 -0.000211966 -0.0420144 -0.0102661 -0.0123994 -0.00267194 -0.00431414 0.0124352 0.00113347 0.0201651 -0.00338467
internal_weight=55289.7 14512 8375.04 40777.7 7811.73 40417.3 2598.2 2301.27 1028.91 110.151 6647.53 1725.55 37819.1 29441.1 8378.02 6810.66 27207.2 1567.36 1027.6 5924.91 26662.6 1355.96 4921.98 4704.03 2506.83 15021.9 1416.08 1215.98 675.169 428.467
internal_count=684214 209376 142665 474838 138733 447861 65183 33566 18402 8694 65394 20559 382678 290679 91999 76348 264866 15651 8060 51332 250334 17386 44835 43664 25432 148824 14529 10753 5487 3684
is_linear=0
shrinkage=0.1


Tree=52
num_leaves=31
num_cat=0
split_feature=11 12 5 3 2 11 12 3 8 3 7 7 4 4 6 12 6 1 4 12 6 5 7 3 4 7 4 5 7 6
split_gain=108.421 86.7626 109.748 98.6777 79.6005 79.4799 73.2153 76.3212 66.2768 60.5073 72.1263 68.2784 52.7247 42.5719 42.4399 56.917 39.8421 39.4242 38.6544 38.4536 44.6869 35.1883 85.5198 102.236 72.0171 69.0824 60.0686 58.0183 64.2999 135.92
threshold=0.49207849800586706 0.73113727569580089 0.11668941378593446 0.22999413311481479 0.1128828562796116 0.37396082282066351 0.52407845854759227 0.43434701859951025 0.031079972162842754 0.3081855326890946 0.12484353035688402 0.17068093270063403 0.55982285737991344 0.30623868107795721 0.16924517601728442 0.62886276841163646 0.15598642081022265 0.69223538041114818 0.47470933198928839 0.46658825874328619 0.14237259328365329 0.024658707901835445 0.049456436187028892 0.16331856697797778 0.31507168710231787 0.057156180962920196 0.14413657039403918 0.049829950556159026 0.12484353035688402 0.12402500957250596
decision_type=2 2 2 2 2 2 2 2 2 2 2 2 2 2 2 2 2 2 2 2 2 2 2 2 2 2 2 2 2 2
left_child=1 2 4 -4 -1 6 9 -8 21 10 -5 13 17 -11 -9 -16 -3 -2 -7 -15 -21 25 24 -24 26 -6 -23 -25 -29 -30
right_child=12 16 3 5 8 18 7 14 -10 11 -12 -13 -14 19 15 -17 -18 -19 -20 20 -22 22 23 27 -26 -27 -28 28 29 -31
leaf_value=0.055515761425442595 -0.0020157430759675616 0.071668827109551692 0.054488430111413459 -0.025193692348099803 0.0032863121860476265 -0.0020255831053685243 0.009524968750014115 0.0071824211829871892 0.013669092314333853 0.01586233121456666 0.017746313451334619 -0.00072107782205732237 -0.062164334393218237 -0.050452888087261519 -0.034178452348732347 -0.0060278145149288689 0.018060931754993376 0.20356667457078631 -0.043076360924491887 -0.0026287338648228937 -0.044193566374036784 -0.054746750689996508 0.042615205709197454 0.0086503068718440154 -0.048050238735201159 0.033204643178802763 -0.0046868635141032716 -0.0056454870585722888 0.038999875430850935 -0.0051085704470260167
leaf_weight=283.33759011421353 84.577934199944139 152.26842526718974 252.21958297211677 676.10909575782716 5697.5962709262967 304.96015341673046 3909.8357724137604 1097.9031743910164 4531.4357012519613 162.88831296749413 928.19715658575296 890.30094287544489 401.50244348915294 1074.0058289505541 1088.467967947945 2111.5624322779477 1548.8690601121634 10.484380378387867 925.53762650163844 516.60388317331672 518.0356273856014 262.7936289422214 586.18387767393142 6127.4741562912241 563.78301580343395 892.70165396574885 2727.6656537111849 13716.723246814683 1076.3549185027368 1990.7016512136906
leaf_count=24143 8218 3132 3099 5001 62578 7510 23237 12134 36161 1394 6914 5721 58122 17579 10614 16181 25235 748 48794 6578 5499 2410 14421 62330 17572 9310 22187 134068 11402 21768
internal_value=0.000207155 0.000630087 -8.45723e-05 -0.0075125 0.00270773 -0.00861341 -0.00630974 -0.000585249 0.00231577 -0.0161679 -0.000350062 -0.0241938 -0.0463089 -0.0333936 -0.00978253 -0.0156031 0.0228594 0.0206579 -0.0329026 -0.0371986 -0.0234399 0.00078652 -0.000809777 0.00137697 -0.0152666 0.00733896 -0.00908599 0.000321895 -0.00271867 0.0103709
internal_weight=55111.1 54614.5 52913.4 14456.6 38456.8 14204.4 12973.9 8207.77 38173.4 4766.14 1604.31 3161.83 496.565 2271.53 4297.93 3200.03 1701.14 95.0623 1230.5 2108.65 1034.64 33642 27051.7 23497.4 3554.24 6590.3 2990.46 22911.3 16783.8 3067.06
internal_count=684060 616972 588605 170255 418350 167156 110852 62166 394207 48686 11915 36771 67088 31050 38929 26795 28367 8966 56304 29656 12077 358046 286158 243989 42169 71888 24597 229568 167238 33170
is_linear=0
shrinkage=0.1


Tree=53
num_leaves=31
num_cat=0
split_feature=10 9 11 10 3 9 9 10 12 11 9 2 11 7 10 12 5 7 8 7 11 3 11 5 7 7 11 12 10 9
split_gain=90.8216 90.0527 100.99 83.9924 68.9879 64.0438 55.535 76.4373 97.5356 82.529 71.8116 58.328 61.6638 55.7871 53.4769 50.0674 54.1404 117.849 69.6925 57.8132 57.7806 50.1726 49.8761 49.5608 166.239 80.9599 90.1245 58.5512 49.4788 74.58
threshold=0.050274714827537544 0.073981657624244704 0.41686277091503149 -0.33216038346290583 0.10818981379270555 -0.27180977165699 0.018468067049980167 -0.020979233086109158 0.22007846087217334 0.40533335506916052 -0.019070908427238461 0.20949616283178332 0.13992159813642505 0.084670208394527449 -0.075944039970636354 0.18258826434612277 0.034429384395480163 0.05655173026025296 0.016989168711006645 0.048356706276535995 0.21145100146532061 0.3346401602029801 0.44094125926494604 0.053736064583063133 0.055916421115398414 0.11488572135567666 0.27388237416744238 0.31921572983264929 -0.18953208625316617 -0.04021929204463958
decision_type=2 2 2 2 2 2 2 2 2 2 2 2 2 2 2 2 2 2 2 2 2 2 2 2 2 2 2 2 2 2
left_child=3 2 23 -1 -5 -6 7 8 10 15 14 13 -13 -8 -7 -9 17 21 19 -18 -21 -17 -14 24 -2 -25 -27 -26 -10 -30
right_child=1 -3 -4 4 5 6 11 9 28 -11 -12 12 22 -15 -16 16 18 -19 -20 20 -22 -23 -24 25 27 26 -28 -29 29 -31
leaf_value=0.056264832464187467 -0.021989548746738689 0.0020196111731072162 -0.062843616092202792 0.061917320798617226 -0.077993333852314661 0.054607524330275672 0.020307160606436368 -0.028737939528292813 0.016270318489172507 -0.051482446534583393 0.056242686385780595 -0.021922983500996838 0.0069507381226193285 0.083879814245331044 -0.020387964527650827 0.0057163251669984615 -0.056630276642210153 0.067439220406474418 0.0016923055561022542 -0.0036062492216423778 -0.028748560782854107 -0.041405871288174863 0.076113459375387271 -0.033681253649802838 -0.01642842911920744 0.016054878716407098 -0.027391598932240354 0.06361376635581921 -0.0059737875296347557 0.0069983038855632416
leaf_weight=282.34635800030082 1007.0093142418191 4564.8092892239802 439.3464727262035 188.4952088445425 101.64893568493426 137.90266633220017 851.40481690969318 842.20199515949935 2070.2187392255291 398.22975770104676 584.53986782487482 759.58745814673603 8523.9304754296318 164.74628454912454 306.20385080575943 2483.9123715236783 333.5861933818087 300.18078329786658 4054.3122524833307 2385.127125358209 1482.0019558891654 248.56217525154352 105.55847866600379 1907.2155936174095 116.12197265774012 1005.649815402925 909.04970191698521 429.09334152936935 9722.588724614121 8144.8331792461686
leaf_count=8121 16064 61659 53695 17525 821 7340 7604 5262 19732 37536 15296 4774 67398 2653 4558 21815 2351 2699 49321 13210 29150 9773 8822 22095 575 10349 23245 5257 83558 71408
internal_value=-6.91966e-05 -0.00849256 -0.0167468 0.00189653 0.00154915 0.00129054 0.00147412 -0.000508283 0.00318446 -0.00668822 0.0332123 0.00785548 0.00539239 0.0306141 0.00289942 -0.00521761 -0.0034627 0.00796361 -0.00766039 -0.0166871 -0.0132416 0.00142981 0.00779676 -0.0129783 0.00209046 -0.0190983 -0.00457238 0.0465661 0.00163522 -6.04822e-05
internal_weight=54850.4 10378.3 5813.49 44472.1 44189.8 44001.3 43899.6 33494.4 20966.3 12528.1 1028.65 10405.2 9389.08 1016.15 444.107 12129.9 11287.7 3032.66 8255.03 4200.72 3867.13 2732.47 8629.49 5374.14 1552.22 3821.92 1914.7 545.215 19937.6 17867.4
internal_count=683666 192939 131280 490727 482606 465081 464260 373009 201892 171117 27194 91251 80994 10257 11898 133581 128319 34287 94032 44711 42360 31588 76220 77585 21896 55689 33594 5832 174698 154966
is_linear=0
shrinkage=0.1


Tree=54
num_leaves=31
num_cat=0
split_feature=11 10 4 12 3 7 6 12 6 10 9 4 12 12 7 5 11 7 10 9 5 7 9 10 10 7 4 11 3 10
split_gain=94.2081 84.8272 73.1463 64.0951 99.3827 100.796 123.999 72.6907 82.3181 107.432 96.2305 94.8701 97.332 93.9065 84.1201 78.5048 74.6769 68.428 66.1005 95.4052 56.4629 172.12 64.9631 58.375 57.0402 70.4708 56.3817 54.3088 53.6321 46.1948
threshold=0.52627459168434154 -0.33216038346290583 0.10317518934607507 0.73113727569580089 0.46279905736446386 0.068291891366243376 0.1360554322600365 0.58431378006935131 0.12895401567220691 -0.069114297628402696 -0.05466626584529876 0.2939585149288178 0.46658825874328619 0.41474512219429022 0.15255922079086306 0.058525130152702338 0.22823534905910495 0.12581941485404971 0.084870308637619032 0.0440700650215149 0.036821197718381889 0.059075068682432182 -0.024731308221817013 -0.012301385402679442 0.019178822636604313 0.062270179390907295 0.24410143494606021 0.27388237416744238 0.38022258877754217 -0.11722159385681151
decision_type=2 2 2 2 2 2 2 2 2 2 2 2 2 2 2 2 2 2 2 2 2 2 2 2 2 2 2 2 2 2
left_child=1 -1 -3 4 7 -6 27 8 9 10 -4 -10 14 29 -13 -15 -9 18 19 20 21 22 -11 -23 -22 -26 -27 -7 -14 -12
right_child=-2 2 3 -5 5 6 -8 16 11 17 13 12 28 15 -16 -17 -18 -19 -20 -21 24 23 -24 -25 25 26 -28 -29 -30 -31
leaf_value=0.055332363728937031 -0.060677760488307357 0.073200912262461976 0.0017987923515154301 0.01813482169323416 -0.062754225616437911 -0.041290277112264941 -0.019365686501977245 0.00038644973290261178 0.018321429907917318 -0.022339111090371538 0.068053329431112641 -0.05582025358966064 0.0041073106585424509 -0.031504521736225755 -0.0055380841499723049 0.032236610530485148 0.026722598316751934 0.020542716153820098 -0.020352101650523161 0.015935728561516763 -0.003063073515934019 0.022356551852912049 0.0029532695359856566 0.075548982335758588 -0.047136343268410708 0.0073861634788746537 -0.020800156410008975 0.01599247577703378 -0.016845889567469598 0.031485428466152848
leaf_weight=275.64125012606382 257.09900875762105 135.11983961053193 2874.8322809850797 1790.8900068928488 377.67984861042351 181.92122481018305 4181.2521438780241 2266.4671685174108 1006.4216255312786 1225.7225579181686 474.61859839875251 918.40368937514722 2093.8943160409108 396.32143586874008 521.72129873745143 377.04734056629241 2050.961043654941 1390.3648880254477 1868.5667714448646 2982.2590397186577 10453.062059255317 450.94010882731527 5921.5566154420376 380.31433987896889 657.49935326352715 1079.4903279840946 2071.5717811305076 1834.641057243105 2932.2977233864367 1269.406468889676
leaf_count=8146 41044 13033 26488 38433 24277 832 89928 11175 7661 13723 13607 13193 14188 2198 4669 2088 14042 14115 21991 21953 92414 3079 62372 2896 5923 5213 31842 35589 25740 21958
internal_value=-0.000286966 -1.76882e-06 -0.000283358 -0.00046713 -0.00110485 -0.012599 -0.00954271 0.000550292 -0.000738989 0.00135676 0.0142997 -0.0102389 -0.0146841 0.0285756 -0.0376043 -0.000428242 0.0128972 -0.00109366 -0.00220409 -0.000859618 -0.00311176 0.00362475 -0.00138425 0.0466931 -0.00688045 -0.0173577 -0.0111441 0.0108248 -0.00811686 0.041437
internal_weight=54698 54440.9 54165.2 54030.1 52239.2 6575.49 6197.81 45663.7 41346.3 33873.6 5392.23 7472.74 6466.32 2517.39 1440.12 773.369 4317.43 28481.3 27091 25222.4 22240.2 7978.53 7147.28 831.254 14261.6 3808.56 3151.06 2016.56 5026.19 1744.03
internal_count=683810 642766 634620 621587 583154 150626 126349 432528 407311 341860 66339 65451 57790 39851 17862 4286 25217 275521 261406 239415 217462 82070 76095 5975 135392 42978 37055 36421 39928 35565
is_linear=0
shrinkage=0.1


Tree=55
num_leaves=31
num_cat=0
split_feature=5 7 4 3 8 11 4 6 7 5 7 3 4 4 6 4 4 7 4 7 4 3 11 7 7 6 4 3 7 9
split_gain=85.3447 92.311 95.2601 73.7311 63.5958 61.6818 61.4548 50.5106 81.1495 47.5819 51.5252 99.4596 63.2548 73.3591 54.5315 55.396 56.4501 49.8064 64.8315 74.0596 94.6692 46.5687 44.7396 46.8475 44.096 77.3634 67.7545 63.275 231.134 55.0034
threshold=0.12964218109846118 0.17972368746995929 0.26254281401634222 0.40212506055831915 0.033222885802388198 0.22400000691413882 0.10317518934607507 0.18548549711704257 0.20480938255786899 0.023319378495216373 0.050043474882841117 0.14733490347862246 0.3122378289699555 0.14413657039403918 0.049241421744227416 0.3964409232139588 0.26254281401634222 0.043012928217649467 0.20468650758266452 0.019354731775820259 0.18476469069719317 0.51989790797233593 0.22541176527738574 0.19617235660552981 0.064703788608312621 0.064382996410131468 0.42864866554737097 0.2223998159170151 0.087601069360971465 -0.03940086439251899
decision_type=2 2 2 2 2 2 2 2 2 2 2 2 2 2 2 2 2 2 2 2 2 2 2 2 2 2 2 2 2 2
left_child=4 2 -2 -3 6 -6 -1 22 -9 17 12 -12 13 -11 15 16 -13 18 19 20 -8 -4 -5 -24 26 -26 -16 28 29 -27
right_child=1 3 21 7 5 -7 9 8 -10 10 11 14 -14 -15 24 -17 -18 -19 -20 -21 -22 -23 23 -25 25 27 -28 -29 -30 -31
leaf_value=0.070101632513049503 0.033897689471902956 0.015933819471499449 -0.018280584467707899 -0.029792713260908855 0.002584337498001819 0.025143516321011819 -0.024951652058487719 -0.031408976316858878 -0.0022402193849792524 -0.052743514954513737 0.057605573647251745 0.006771034340248356 -0.039285429181698084 -0.00098414723232180946 -0.0082082198113229473 -0.014775763209290915 0.052945001996932806 0.022847604066442213 -0.0076918191086200382 0.03286116744489033 0.084957309418395632 -0.052835787548727031 0.0018307187423327797 0.040100335135040945 0.019318247699018628 -0.079182433048628292 -0.064547514669900399 -0.0034953039377062459 0.045199825851085534 -0.0081603302085485451
leaf_weight=128.57010856317356 332.06951310206205 2082.2202212633565 4042.3304470703006 247.21321648359299 2562.1639176583849 2300.0524811446667 557.41833002865314 1390.0930973743089 3038.7770638717338 301.12449712771922 305.08420972898602 510.2971642203629 673.52936675632372 3020.6460788398981 2228.8838232122362 357.77585958549753 550.29535887856036 1809.9947262969799 2411.1578587857075 1134.862557082437 91.189139693975449 431.6480023204349 836.28240045160055 518.00842991331592 1988.225734653417 118.83405949082226 236.06766922678798 17782.484084087424 1214.187674828805 1323.6316434256732
leaf_count=13409 2388 11829 50492 1112 17569 24201 4344 29590 34614 4500 13051 3779 22770 24579 16151 15053 4620 23121 28736 13860 690 34875 21014 7236 26227 1775 14594 188364 17937 11830
internal_value=0.000303734 -0.00679632 -0.0177789 -0.000290049 0.00250827 0.0132559 0.00108609 -0.00589197 -0.0113954 0.000843751 -0.00075283 0.000836726 -0.0113421 -0.00567623 0.000178465 0.0192504 0.0307287 0.00898299 0.00300036 0.0174556 -0.00949931 -0.0216145 0.00932758 0.0164686 -0.000908259 0.000487087 -0.0136038 -0.00134472 0.0130503 -0.0140113
internal_weight=54525.1 12918.6 4806.05 8112.59 41606.5 4862.22 36744.3 6030.37 4428.87 36615.7 30611.1 26615.8 3995.3 3321.77 26310.7 1418.37 1060.59 6004.62 4194.63 1783.47 648.607 4473.98 1601.5 1354.29 24892.3 22427.4 2464.95 20439.1 2656.65 1442.47
internal_count=684310 193150 87755 105395 491160 41770 449390 93566 64204 435981 365230 313381 51849 29079 300330 23452 8399 70751 47630 18894 5034 85367 29362 28250 276878 246133 30745 219906 31542 13605
is_linear=0
shrinkage=0.1


Tree=56
num_leaves=31
num_cat=0
split_feature=10 9 10 10 9 10 9 0 9 8 5 7 3 12 10 1 7 1 7 1 3 7 2 10 12 3 12 1 7 5
split_gain=62.6398 58.3816 85.73 53.9735 65 68.6489 70.0157 65.6568 64.6372 55.1411 54.7751 58.6431 53.1675 48.8109 77.9158 93.6836 43.4182 82.8336 61.1171 47.7055 54.3199 43.2309 40.7668 45.4261 44.8471 40.484 47.595 40.3916 38.2627 43.6432
threshold=-0.33216038346290583 -0.20979494601488111 -0.21960572153329846 0.10272938013076784 0.014754116535186769 -0.0035369321703910823 -0.021787509322166439 0.14705882966518405 0.16180384159088138 0.011972433887422087 0.023770847357809547 0.047842225059866912 0.50751832127571117 0.23396077752113345 -0.02876416593790054 0.1513725742697716 0.02256127912551165 0.20407847315073016 0.046242075040936477 0.19435293972492221 0.20805617421865466 0.10658761486411096 0.20949616283178332 0.02740535140037537 0.22384314984083178 0.55879729986190807 0.35019609332084661 0.64313730597496044 0.04194550774991513 0.10790682584047319
decision_type=2 2 2 2 2 2 2 2 2 2 2 2 2 2 2 2 2 2 2 2 2 2 2 2 2 2 2 2 2 2
left_child=-1 21 -3 4 5 6 7 -4 25 10 16 -12 -11 14 -8 -16 19 -18 -19 -7 -21 -2 23 -6 -25 26 -5 -24 -9 -30
right_child=1 2 3 8 22 9 13 28 -10 12 11 -13 -14 -15 15 -17 17 18 -20 20 -22 -23 27 24 -26 -27 -28 -29 29 -31
leaf_value=0.048869877645874554 -0.2329862509884332 0.030629479610998673 -0.021906099743042293 -0.05298694501474871 0.035199516630473514 -0.054312676324853697 0.052396447008214865 -0.023609284490123311 0.012340538511275019 0.00056946757121337439 -0.061466188169556429 -0.021035016904348124 -0.03700490536039356 0.0038963280783282902 -0.023790105530594009 0.034832380944025708 0.055244845731278164 -0.02410137486858813 0.046212433869248309 0.087838763170920889 -0.047654269219422285 -0.028628118207655318 0.0031975148765941148 -0.036030333243226131 0.019941543802045734 -0.052118870562475161 -0.01018304254336719 0.048287105572482669 0.0045474926404429688 -0.0075022657468432081
leaf_weight=259.24637918267399 10.549672394990919 894.65851125074551 1748.6377364401706 290.55287094041705 906.95204316917807 283.55859033716843 584.62975010741502 727.94525360036641 861.27868684055284 4106.5764520815574 451.13889215048403 1751.6456032181159 414.60512967407703 6845.0852314666845 516.09699243819341 577.80739449709654 262.02891625184566 611.46075924905017 154.9424308934249 60.219236761331558 58.170748798176646 551.51868217857555 15092.387682252098 221.19592686276883 405.7215933278203 323.54583978233859 2452.1872881469317 201.32297782506794 7899.5980422939174 4851.9743542955257
leaf_count=8135 80 12783 24228 2056 12838 1720 24304 8268 8429 56609 5358 27961 34534 61082 6433 4557 1284 10498 3322 348 518 4143 157738 1200 1983 33557 38846 12222 68797 50362
internal_value=-0.000167941 -0.000402852 -6.63729e-05 -0.000587863 0.000320986 -0.00233127 0.000386585 -0.0036754 -0.011865 -0.0102478 -0.0194211 -0.0293155 -0.00287621 0.00764366 0.0229253 0.00717467 -0.00418375 0.00670824 -0.00988615 -0.0320522 0.0212645 -0.0324638 0.00534983 0.0208918 0.000192931 -0.018664 -0.0147175 0.00379106 -0.00131041 -3.74414e-05
internal_weight=54377.2 54118 53555.9 52661.3 48733.7 31906.1 23751.8 15228.2 3927.56 8154.35 3633.17 2202.78 4521.18 8523.62 1678.53 1093.9 1430.38 1028.43 766.403 401.949 118.39 562.068 16827.6 1533.87 626.918 3066.29 2742.74 15293.7 13479.5 12751.6
internal_count=684193 676058 671835 659052 576164 390183 248031 151655 82888 142152 51009 33319 91143 96376 35294 10990 17690 15104 13820 2586 866 4223 185981 16021 3183 74459 40902 169960 127427 119159
is_linear=0
shrinkage=0.1


Tree=57
num_leaves=31
num_cat=0
split_feature=11 12 3 7 7 12 3 12 3 7 7 5 7 5 7 7 3 3 3 11 2 3 3 5 12 12 3 11 5 7
split_gain=73.5748 63.1317 82.207 96.9389 89.061 62.7445 84.638 50.715 80.4389 147.059 109.33 71.0641 64.4045 112.055 139.143 78.3269 52.6641 45.2548 42.4644 40.4411 90.6917 39.1811 39.8107 51.4231 41.0881 38.9369 54.1238 41.5236 38.145 38.5291
threshold=0.52627459168434154 0.73113727569580089 0.45521673560142523 0.068291891366243376 0.14256391674280169 0.54305890202522289 0.36796902120113378 0.42070592939853674 0.28780408203601843 0.096883755177259459 0.11797741800546648 0.10180306807160379 0.082426313310861601 0.044131480157375343 0.052319018170237548 0.026684158481657509 0.31958539783954626 0.34512421488761907 0.10818981379270555 0.22086278349161151 0.4112785011529923 0.29893310368061071 0.31420643627643591 0.012054394464939834 0.3331765085458756 0.62886276841163646 0.54995340108871471 0.22682354599237445 0.015690449625253681 0.043012928217649467
decision_type=2 2 2 2 2 2 2 2 2 2 2 2 2 2 2 2 2 2 2 2 2 2 2 2 2 2 2 2 2 2
left_child=1 2 5 -4 -5 6 7 8 10 12 18 -9 13 14 15 21 -13 -14 -1 20 -7 -10 23 24 -23 -6 27 -27 -17 -30
right_child=-2 -3 3 4 25 19 -8 11 9 -11 -12 16 17 -15 -16 28 -18 -19 -20 -21 -22 22 -24 -25 -26 26 -28 -29 29 -31
leaf_value=0.051720221289992208 -0.055574416188347936 0.018760868589771055 -0.058320725304163712 0.0102012148816297 -0.027411819002249593 0.0142325557254339 -0.011653775405984518 0.022045728582273948 -0.025774428947611772 -0.027294424448097043 0.029673973179109227 0.019316042253787288 0.035484493902669917 -0.033429571219088586 0.051659552139326687 0.028387979765095536 -0.010523612097722717 -0.035637708100092778 0.0006801316108829723 0.017415442196552406 -0.02159636064775923 0.78095091750947621 0.044451539781215049 0.15949856822742448 0.22896933786720641 -0.030434520127078136 -0.038043708339850185 0.0027857080700191003 -0.033458779496674772 0.0025070050925616906
leaf_weight=164.4142997302115 234.96538002649322 1830.1046814471483 392.59446381451562 2055.9292778358795 1599.0338046699762 2062.5442442274652 5449.2411179328337 2721.3430794770829 17.603812022134662 2736.4257220253348 1441.4322033971548 875.07129977177829 761.32327433861792 896.37027029506862 556.05604586936533 202.62479290924966 1824.9476963095367 101.37844935059547 19021.058520179708 3678.0107726678252 1074.5413991510868 2.7086457218974855 20.313999673351645 20.710568284615874 2.6856490056961775 450.92677067965269 515.77135065943003 2272.3540000813082 713.83515499997884 511.13962916843593
leaf_count=18530 41222 38828 25294 36572 28080 12476 68534 26100 378 34143 15139 6689 7347 12849 3551 4152 18959 2075 158766 25825 4547 63 629 468 59 2035 29669 36250 17326 6962
internal_value=0.000262233 0.000505314 -0.000135423 -0.00998699 -0.00723453 0.00146492 -0.000118117 0.00181063 4.85509e-05 -0.00961219 0.00311309 0.0106416 0.00309842 -0.00394265 0.00896523 -0.00695062 -0.000852634 0.0271267 0.00111753 0.0103011 0.00196013 0.101258 0.149434 0.231128 0.506137 -0.0146438 -0.00834055 -0.00271497 -0.0118034 -0.0184515
internal_weight=54207.5 53972.5 52142.4 7286.61 6894.02 44855.8 38040.7 32591.4 27170.1 6543.18 20626.9 5421.36 3806.75 2944.05 2047.68 1491.62 2700.02 862.702 19185.5 6815.1 3137.09 64.0227 46.4189 26.1049 5.39429 4838.09 3239.05 2723.28 1427.6 1224.97
internal_count=683517 642295 603467 157900 132606 445567 402719 334185 282437 90002 192435 51748 55859 46437 33588 30037 25648 9422 177296 42848 17023 1597 1219 590 122 96034 67954 38285 28440 24288
is_linear=0
shrinkage=0.1


Tree=58
num_leaves=31
num_cat=0
split_feature=11 12 3 10 1 4 12 6 4 12 10 12 11 3 9 10 9 6 1 10 1 4 12 3 9 10 9 12 10 4
split_gain=66.9954 61.6637 79.7447 54.7431 50.5239 49.5978 45.8602 81.5236 140.338 89.0872 67.4408 85.7294 115.928 77.4472 69.5893 62.4571 65.1286 54.406 53.2406 52.8739 65.4206 47.9674 54.0649 52.7669 45.8587 51.8792 46.4851 44.1009 54.0534 43.2312
threshold=0.5490197241306306 0.7037646770477296 0.45521673560142523 -0.33216038346290583 0.25411768257617956 0.10317518934607507 0.54007843136787426 0.11656920239329339 0.26652947068214422 0.47749021649360662 -0.066004000604152666 0.41286279261112219 0.2977255135774613 0.36796902120113378 -0.05466626584529876 0.089272156357765212 -0.012111455202102659 0.15416113287210467 0.12470589950680734 -0.1415729075670242 0.22556864470243457 0.29701891541481024 0.38062745332717901 0.29255279898643499 -0.0066200159490108481 -0.015267968177795408 0.035332515835762031 0.42070592939853674 -0.1051020324230194 0.3122378289699555
decision_type=2 2 2 2 2 2 2 2 2 2 2 2 2 2 2 2 2 2 2 2 2 2 2 2 2 2 2 2 2 2
left_child=1 2 3 -1 -4 -5 7 10 -9 21 13 15 -13 14 19 16 18 24 -12 -7 -21 22 -10 -23 -8 -26 -27 28 -16 -18
right_child=-2 -3 4 5 -6 6 17 8 9 -11 11 12 -14 -15 27 -17 29 -19 -20 20 -22 23 -24 -25 25 26 -28 -29 -30 -31
leaf_value=0.051619672152965326 -0.067658335078997142 0.014306273215538512 -0.13704604761291841 0.067612341170383602 -0.010362912474690442 0.031242318877389586 0.036432951991258455 0.026512312035165821 -0.034150484107351657 -0.0026974964368512194 -0.059910993013867479 0.026661715966884686 -0.0076071598587516016 -0.014006105442325828 0.061844101462926029 -0.02919481093520207 0.0033550671778569776 0.0014692936138250212 -0.008711628903728643 -0.029815612392958699 0.015906354145725884 0.016382187601652751 0.01570728926605805 -0.036487588130428426 -0.023122704704263638 0.065392107642647954 0.010007040914819637 -0.0071614379004054166 0.024773309212790379 -0.018604991700631648
leaf_weight=212.07835305295885 145.68227506917901 2949.1463032995816 31.637730345129967 110.47564890515059 6386.7856765675824 509.28972947271541 1010.0634156828746 920.76514835981652 381.03770604822785 3093.8503721253946 210.11684738611802 2424.098693292588 1665.3258802620694 894.59684274345636 580.4087853054516 879.86968250386417 12964.450136984698 4360.2431441573426 6083.3826009854674 626.44978270446882 625.32096697762609 204.22765579167753 506.74266835208982 2495.079482357949 378.93517477251589 186.26400255225599 812.89400991983712 262.37386935856193 1220.3206325951032 963.05094097740948
leaf_count=7784 27990 69427 200 13114 141676 10019 6376 7179 3131 26801 3728 24000 35914 4669 17113 8678 98223 26411 51233 6681 3247 2204 3703 32802 1860 2021 5477 1595 19802 21169
internal_value=6.42344e-05 0.000247109 -0.000565879 0.0009345 -0.0109874 0.000692235 0.000525195 -0.000840139 -0.0100873 -0.0151315 0.00151013 -0.000545084 0.0127065 0.0124815 0.0186779 -0.00311329 -0.00197841 0.00811436 -0.010421 0.00407708 -0.00697524 -0.0258557 -0.0056918 -0.0324875 0.0202468 0.00838322 0.020332 0.0311411 0.0367219 0.00183659
internal_weight=54095 53949.3 51000.1 44581.7 6418.42 44369.6 44259.2 37510.8 7601.7 6680.94 29909.1 25190.3 4089.42 4718.76 3824.16 21100.9 20221 6748.4 6293.5 1761.06 1251.77 3587.09 887.78 2699.31 2388.16 1378.09 999.158 2063.1 1800.73 13927.5
internal_count=684227 656237 586810 444934 141876 437150 424036 381891 75820 68641 306071 242945 59914 63126 58457 183031 174353 42145 54961 19947 9928 41840 6834 35006 15734 9358 7498 38510 36915 119392
is_linear=0
shrinkage=0.1


Tree=59
num_leaves=31
num_cat=0
split_feature=10 9 12 3 7 6 10 9 10 3 12 6 7 3 12 10 3 9 10 9 1 10 1 7 6 8 1 4 4 7
split_gain=51.6276 62.8767 56.4338 75.2102 70.1551 67.9878 58.431 53.6036 51.9997 51.1971 45.7232 72.3101 93.52 74.1283 68.5249 60.7501 130.679 68.8341 44.5814 45.2459 79.9376 52.6457 74.4508 49.1736 81.8257 47.7657 45.8203 72.4194 48.6915 57.8627
threshold=0.060301780700683601 0.087648659944534316 0.65129414200782787 0.4317948073148728 0.062885899096727385 0.16219983249902728 -0.33216038346290583 0.01688596606254578 0.13253334164619449 0.56568938493728649 0.55482354760169994 0.11311437562108041 0.1196001246571541 0.25569328665733343 0.47749021649360662 -0.11722159385681151 0.3390644639730454 -0.081334225833415971 0.01274218410253525 -0.026533365249633786 0.18917649239301684 -0.026070289313793179 0.16219610720872882 0.046242075040936477 0.088590446859598174 0.019711219705641273 0.14870590716600421 0.2022742033004761 0.19062595814466479 0.055916421115398414
decision_type=2 2 2 2 2 2 2 2 2 2 2 2 2 2 2 2 2 2 2 2 2 2 2 2 2 2 2 2 2 2
left_child=2 9 3 6 -5 -6 -1 10 -3 -2 11 12 15 -13 -15 16 17 -8 19 20 -17 22 -21 -22 -25 -26 -23 28 -28 -30
right_child=1 8 -4 4 5 -7 7 -9 -10 -11 -12 13 -14 14 -16 18 -18 -19 -20 21 23 26 -24 24 25 -27 27 -29 29 -31
leaf_value=0.058528605006049887 -0.011964536918031593 0.01421626522918778 0.012458013509932281 -0.061048677649440421 0.00064978942773223636 -0.023519309439679295 0.00032927813679331714 0.007861043233622118 -0.010326465055559817 -0.055994529459211607 0.01538204156740007 0.027983862486819923 0.034505745489811189 -0.0265684554494665 -0.002730917163800267 -0.029290552134035131 -0.025605201080501197 0.064389652641278841 -0.01337117708000078 0.050913093652541985 -0.025827942049841027 -0.024981760199981176 0.0083684120304965484 0.015739414412564705 -0.035686714790089551 0.0044862930194178611 0.0090618733741828807 -0.0050299052998714292 0.071079344510789344 -0.0092848751272818254
leaf_weight=180.32353359228 4746.5090577397496 1900.6416602255777 4074.228556753369 266.63754359749146 3109.6304857572541 1860.08621026529 241.50175956217572 9594.0892246859148 1581.7167763267644 279.64668936887756 1624.2859264500439 420.37525286246091 793.5352318151854 2665.6711753346026 2202.2100363597274 1246.8535490017384 395.12689775973558 549.14432024443522 2894.3830187194981 485.62483086483553 637.53391138836741 705.0677651911974 2688.1732797063887 2225.365896159783 628.37868799641728 559.49586454406381 1032.8528936672956 3886.9286142960191 320.70740390568972 124.32398593425751
leaf_count=7493 81202 19813 77159 13277 42752 22581 4644 78263 25491 39639 9504 5201 8653 29151 16753 15218 1927 17605 34765 20443 7391 8128 24089 15012 5532 3904 6926 38688 2079 767
internal_value=-0.000110212 -0.00725884 0.00122916 0.000122464 -0.0110774 -0.00839632 0.00174693 0.00146189 0.00306875 -0.0144143 -0.000870039 -0.00193864 0.000885001 -0.0123052 -0.0157844 -0.000547714 0.0213544 0.0448225 -0.00203724 0.000218731 -0.00714961 0.00444159 0.0148782 -0.000334489 0.00442724 -0.016765 -0.00101547 0.00213428 0.0209766 0.0486288
internal_weight=53921.1 8508.51 45412.5 41338.3 5236.35 4969.72 36102 35921.6 3482.36 5026.16 26327.5 24703.3 19415 5288.26 4867.88 18621.5 1185.77 790.646 17435.7 14541.3 5297.63 9243.68 3173.8 4050.77 3413.24 1187.87 6069.88 5364.81 1477.88 445.031
internal_count=684050 166145 517905 440746 78610 65333 362136 354643 45304 120841 276380 266876 215771 51105 45904 207118 24176 22249 182942 148177 47057 101120 44532 31839 24448 9436 56588 48460 9772 2846
is_linear=0
shrinkage=0.1


Tree=60
num_leaves=31
num_cat=0
split_feature=11 4 12 6 12 7 3 12 3 11 11 7 6 7 3 11 6 7 2 11 7 4 7 3 4 4 11 4 6 3
split_gain=52.165 42.6602 42.1143 48.2332 71.9517 95.061 62.1195 66.7644 37.8563 34.4371 46.1805 38.3398 59.7325 33.1658 67.5158 56.3274 30.7295 66.4418 88.719 67.6944 61.5951 59.8354 73.0594 90.0943 57.9783 79.8703 94.4017 60.125 55.5278 55.1513
threshold=0.5490197241306306 0.10317518934607507 0.7719215750694276 0.15598642081022265 0.60815694928169262 0.079637888818979277 0.40212506055831915 0.57670593261718761 0.44484385848045355 0.20815686136484149 0.32800000905990606 0.18698924034833911 0.18954144418239596 0.17152852565050128 0.31420643627643591 0.13631372898817065 0.031522674486041076 0.050043474882841117 0.15744615346193316 0.098666694015264525 0.037489434704184539 0.20468650758266452 0.020993687212467197 0.18625654280185702 0.30313040316104894 0.18476469069719317 0.13803923875093463 0.14413657039403918 0.052299354225397117 0.25569328665733343
decision_type=2 2 2 2 2 2 2 2 2 2 2 2 2 2 2 2 2 2 2 2 2 2 2 2 2 2 2 2 2 2
left_child=1 -1 3 4 16 -6 13 -8 -9 -10 -11 -12 -13 14 -5 -15 20 24 -19 -20 21 22 23 -3 25 26 27 -18 -21 -27
right_child=-2 2 -4 6 5 -7 7 8 9 10 11 12 -14 15 -16 -17 17 18 19 28 -22 -23 -24 -25 -26 29 -28 -29 -30 -31
leaf_value=0.064108352134595828 -0.062595218953010248 -0.020934432391256072 0.022396485858376378 0.04027150158939987 -0.043572148129130031 0.023529628664669535 -0.033548469662016037 0.0058105392745046525 -0.034956785845860039 0.0011848380485689292 -0.035751127722090527 0.023458731730542859 -0.02392466983040736 -0.0084946007283738523 -0.030777739510840688 0.020533599709284187 -0.051019204414583325 0.039356962726718847 -0.038001084071793756 0.014364194321699948 0.030488839641116434 -0.011333701310502584 0.035261959544266905 0.072494514405972238 -0.034319882046413723 0.019069346298431659 -0.075977278041422514 0.0027635959060754024 -0.00097258419451336014 -0.012752706795254549
leaf_weight=102.96809660783038 134.31118573481217 676.66362856142223 803.8418214363046 174.11082304362208 232.68815222452395 2277.9563975669444 1174.0534408991225 1582.8916027694941 575.97947104647756 2195.5239691846073 861.46300185914151 399.73687318363227 795.48697009519674 1088.0595812709071 576.937704956159 1733.416804054752 285.15306272218004 577.66479906160384 466.60201297793537 2591.2968641896732 936.24419329455122 1756.1989928567782 865.21172971837223 121.78990518674254 956.56941482005641 1240.7180044860579 293.22385943308473 766.82909679925069 26529.181835397612 970.74678861908615
leaf_count=13434 28103 5702 20598 1337 22704 39532 11573 8863 2609 14371 38892 12480 25470 8868 4911 8944 4119 22828 7478 27693 12167 20262 12028 940 27790 7931 1962 6704 254992 8549
internal_value=-0.00035227 -0.000196328 -0.000320077 -0.000666561 0.000901224 0.0173106 -0.0065041 -0.0116248 -0.00761 -0.0120098 -0.00890158 -0.0196689 -0.00807752 0.0043682 -0.0143068 0.00933931 -0.000154214 -0.00114865 0.000544469 -0.000213315 0.00776229 0.00154052 0.0151308 -0.00668351 -0.0124648 -0.00658689 -0.0258008 -0.0118149 0.000392165 0.00510071
internal_weight=53743.5 53609.2 53506.2 52702.4 41544.7 2510.64 11157.7 7585.14 6411.08 4828.19 4252.21 2056.69 1195.22 3572.52 751.049 2821.48 39034.1 34678 30164.7 29587.1 4356.11 3419.86 1663.67 798.454 4513.24 3556.67 1345.21 1051.98 29120.5 2211.46
internal_count=683834 655731 642297 621699 483381 62236 138318 114258 102685 93822 91213 76842 37950 24060 6248 17812 421145 370046 312991 290163 51099 38932 18670 6642 57055 29265 12785 10823 282685 16480
is_linear=0
shrinkage=0.1


Tree=61
num_leaves=31
num_cat=0
split_feature=3 12 3 12 3 6 12 4 4 3 6 6 4 3 12 6 4 4 12 6 6 2 12 3 9 12 6 4 3 5
split_gain=49.0479 46.8661 50.6019 79.7666 51.3458 118.956 81.5353 57.7203 55.9298 62.7338 162.135 91.9591 75.6522 69.6648 54.1824 52.0193 44.5919 45.8238 44.3014 60.9527 45.7127 42.1935 42.0321 41.9374 40.9346 37.6559 39.2637 36.5945 36.4937 43.2619
threshold=0.62309870123863231 0.73113727569580089 0.35633343458175665 0.43482358753681188 0.30365034937858587 0.10700376331806184 0.36564710736274725 0.34593364596366888 0.30623868107795721 0.25097192823886877 0.086421418935060515 0.099118065088987364 0.26454077661037451 0.23281279951334002 0.33960786461830145 0.086421418935060515 0.29549381136894232 0.35402289032936102 0.62650987505912792 0.1807995140552521 0.15138247609138492 0.51826283335685741 0.44564707577228552 0.51570039987564098 -0.015933819115161892 0.38619612157344824 0.022709501907229427 0.34906321763992315 0.34512421488761907 0.057159241288900382
decision_type=2 2 2 2 2 2 2 2 2 2 2 2 2 2 2 2 2 2 2 2 2 2 2 2 2 2 2 2 2 2
left_child=1 2 3 4 6 7 8 25 9 11 14 12 24 -13 -11 -8 -7 -18 20 21 22 -20 27 -21 -1 26 -6 -4 29 -9
right_child=-2 -3 18 -5 5 16 15 28 -10 10 -12 13 -14 -15 -16 -17 17 -19 19 23 -22 -23 -24 -25 -26 -27 -28 -29 -30 -31
leaf_value=-0.01042462227343126 -0.039541211377619595 0.016452317061165758 0.034642571872030542 0.015020668717917324 0.066075460223893337 0.028284340564269192 0.039209664257186874 0.019598837914167454 0.036658895265244691 -0.0055552643590420295 -0.033352319713468415 0.048383889202546965 0.057175294261468501 -0.0006207824484169473 0.019895276042454748 0.0094710946113311205 -0.047060908977428303 0.01039724422156357 0.024384150884731035 -0.00066504736520767811 -0.015266480668454097 9.9566774422018796e-05 -0.00087496716785826758 -0.028816205034549097 0.0026374775035059887 0.0063123719147827814 -0.020663591129220556 -0.029072758876534988 0.00035328291796269876 0.092173399563205041
leaf_weight=3290.7708689365536 313.78958391514607 1699.0675810058601 100.23852808494121 4124.0204196101986 54.36609922721982 104.48909174278378 802.25456070760265 190.97114167641848 402.16825005924329 2891.4542268197984 1935.4845290407538 733.98131348378956 228.51305456552655 479.67844884097576 1177.0035764034837 2204.4977962155826 1087.268996572122 159.11138167977333 1563.8974551940337 2326.0891547431238 4877.9112835014239 1318.7758433963172 8080.8267236598767 685.03143345261924 8855.2180005926639 1371.3914738865569 1301.9665843248367 894.93791043572128 250.44618550408632 144.12467435188591
leaf_count=44544 45579 29279 1899 33645 1388 974 5961 2209 4850 23310 14473 9122 2695 2712 9781 18057 17587 1679 14260 16564 46145 57494 109381 20664 82735 18410 22801 19481 4678 1447
internal_value=-0.000121179 0.00011074 -0.000426966 0.00204657 0.000112539 -0.00945442 0.00205252 0.000742906 -0.000256326 -0.00101409 -0.00952689 0.0027473 0.000170972 0.0290156 0.00180757 0.0174059 -0.0344653 -0.0397259 -0.00438873 0.00288077 -0.00745918 0.0132744 -0.00326314 -0.00706945 -0.0009015 -0.00537236 -0.0171868 -0.0226551 0.0292306 0.0508131
internal_weight=53649.7 53336 51636.9 31789.2 27665.2 4664.14 23001 3313.27 19994.3 19592.1 6003.94 13588.2 12374.5 1213.66 4068.46 3006.75 1350.87 1246.38 19847.7 5893.79 13953.9 2882.67 9076 3011.12 12146 2727.72 1356.33 995.176 585.542 335.096
internal_count=683804 638225 608946 323058 289413 71173 218240 50933 194222 189372 47564 141808 129974 11834 33091 24018 20240 19266 285888 108982 176906 71754 130761 37228 127279 42599 24189 21380 8334 3656
is_linear=0
shrinkage=0.1


Tree=62
num_leaves=31
num_cat=0
split_feature=11 4 6 7 7 3 3 1 11 4 6 4 8 6 6 7 7 6 4 11 7 6 4 4 4 7 1 7 3 4
split_gain=43.5941 38.7946 35.7637 64.6344 63.6675 85.5183 47.52 60.9378 45.2059 41.6821 40.5693 39.1864 37.6693 57.8079 50.2225 89.1441 63.6535 55.9986 118.236 54.3733 46.6146 63.3603 52.2972 55.8545 77.6587 79.4664 48.9626 45.8258 44.3608 42.0346
threshold=0.5490197241306306 0.53431659936904918 0.035007169470191009 0.044084146618843086 0.047351464629173286 0.14453344047069552 0.26807120442390447 0.21113724261522296 0.12737255543470385 0.25827543437480932 0.041811920702457435 0.14413657039403918 0.04968515224754811 0.16397971659898761 0.12895401567220691 0.12484353035688402 0.18208870291709903 0.11047336086630823 0.24158612638711932 0.39341177046298986 0.060360025614500053 0.05807266756892205 0.43122330307960516 0.19062595814466479 0.20000401884317401 0.055916421115398414 0.1916862949728966 0.10658761486411096 0.26807120442390447 0.40901477634906774
decision_type=2 2 2 2 2 2 2 2 2 2 2 2 2 2 2 2 2 2 2 2 2 2 2 2 2 2 2 2 2 2
left_child=2 -2 3 -1 6 -6 7 8 11 -5 -7 -4 14 -14 15 17 19 20 -19 28 22 -22 23 -12 25 -25 -26 -23 -16 -30
right_child=1 -3 4 9 5 10 -8 -9 -10 -11 12 -13 13 -15 16 -17 -18 18 -20 -21 21 27 -24 24 26 -27 -28 -29 29 -31
leaf_value=0.0035884929812207375 0.2258952459179222 -0.070726563026032793 -0.033420946383043458 0.0063542563095578767 0.053894314733036852 0.022579311706834072 -0.033187970303365545 0.020236220840146129 -0.037310873149513916 0.055194458392139906 -0.045904837341190677 0.019570602524504814 0.027155842572474328 0.0016764503677956595 0.025142969044964089 0.016275254758826102 0.00058507155255522298 0.038404149005475237 -0.02379309120725653 -0.044542424595666957 0.020471139209906734 -0.0021656832995371926 -0.061394815842255326 0.069989678346671899 -0.061481497938839814 -0.073359615455386704 -0.0044962982962353246 0.011593922861776856 -0.020514502210231451 -0.002966960801929994
leaf_weight=4853.8812980414368 4.5809333990328005 117.65446823579259 215.71622179169208 292.19224404497072 294.74503118824214 771.89462356432341 971.86377013311721 602.36493485979736 630.46999689936638 434.71619715029374 335.76930633001029 395.21040361840278 1164.5556985493749 3783.1134448731318 321.1622275323607 3288.7342329618987 5985.3840765780769 354.4643209092319 2218.7797552784905 526.25867756223306 1732.3722121245228 13237.984266669722 195.77218390558846 237.97992316633463 164.23255555424839 46.175080569460988 1840.5980932973325 2962.0479087051935 3219.9596151225269 2369.8558404771611
leaf_count=63066 374 27827 6520 3215 17018 10454 21535 3453 4772 6302 2582 3269 9329 32278 2940 34482 80057 3201 25932 42386 23281 137692 12537 1788 1187 312 14846 29705 33731 28195
internal_value=4.09544e-05 -0.0596103 0.000177376 0.00775315 -0.000705871 0.000205866 -0.0152943 -0.00586233 -0.0185262 0.0355624 -0.000147696 0.000859457 -0.000546531 0.00767365 -0.00158837 0.000862116 -0.00683842 -0.00131097 -0.0152254 -0.0137408 0.000414346 0.00229395 -0.0115359 -0.00781704 -0.00222998 0.0466955 -0.00916444 0.000350152 -0.0109985 -0.0130751
internal_weight=53570.5 122.235 53448.3 5580.79 47867.5 45051.8 2815.63 1843.76 1241.4 726.908 44757.1 610.927 43985.2 4947.67 39037.5 26614.9 12422.6 23326.2 2573.24 6437.24 20752.9 17932.4 2820.53 2624.75 2288.99 284.155 2004.83 16200 5910.98 5589.82
internal_count=684266 28201 656065 72583 583482 543933 39549 18014 14561 9517 526915 9789 516461 41607 474854 287545 187309 253063 29133 107252 223930 190678 33252 20715 18133 2100 16033 167397 64866 61926
is_linear=0
shrinkage=0.1


Tree=63
num_leaves=31
num_cat=0
split_feature=11 10 1 12 4 12 3 7 11 10 5 11 3 0 4 3 11 12 3 4 10 10 12 5 3 4 7 7 7 12
split_gain=43.4916 37.8354 56.5744 40.9269 48.4161 35.5464 57.2674 61.1313 44.5689 42.1175 35.6497 38.8725 31.1589 30.5207 34.5845 30.7823 46.0419 32.3149 44.5546 132.081 66.5102 56.8748 53.1977 57.281 60.28 80.2351 77.3577 54.4443 140.539 48.9146
threshold=0.55435296893119823 0.10093882679939271 0.65113726258277904 0.36564710736274725 0.3354486227035523 0.66886278986930858 0.43434701859951025 0.067127313464880004 0.22243139892816546 -0.30723661184310908 0.14807612448930743 0.32078436017036444 0.58761805295944225 0.1705882400274277 0.10898511484265329 0.1690454110503197 0.11984315142035486 0.52745094895362865 0.34057189524173742 0.34593364596366888 -0.077689349651336656 -0.11722159385681151 0.44345098733901983 0.053736064583063133 0.28780408203601843 0.29701891541481024 0.10962445661425592 0.096883755177259459 0.080310329794883742 0.39968629181385046
decision_type=2 2 2 2 2 2 2 2 2 2 2 2 2 2 2 2 2 2 2 2 2 2 2 2 2 2 2 2 2 2
left_child=1 2 5 -3 -5 6 9 -8 -9 -1 -10 -12 -7 14 -11 -15 -17 18 19 21 -21 -18 23 -23 25 26 -25 28 -26 -29
right_child=-2 3 -4 4 -6 12 7 8 10 13 11 -13 -14 15 -16 16 17 -19 -20 20 -22 22 -24 24 27 -27 -28 29 -30 -31
leaf_value=0.041028542496211351 -0.06462251688361173 -0.038991885801143954 0.063398038786530594 0.015444913440246351 -0.012086688812834874 0.013731838085240542 -0.046565407691282243 -0.031641909577717293 0.0024752918765543635 0.049563853974354255 -7.2703941965576678e-05 -0.030217009074188714 -0.016977898507725613 0.021935660261823239 -0.0058369484001448303 -0.015649913287071753 0.033255094442300744 0.011309131977148919 -0.0057213339130822195 0.018352063868147115 0.080468784507277236 0.0065485347960184629 0.027667208555312489 -0.0068451851389381459 -0.03822992527866631 0.064474165497016386 0.020093853379169149 -0.039177880237738896 0.029914916088289875 -0.0088783783592326915
leaf_weight=269.373673918657 103.11260706279427 408.87759639322758 145.51406685030088 836.59683987498283 2700.8445352518465 3202.0455299550667 397.83606153470464 611.71281912177801 3622.5900950240903 114.68389179790393 861.65893500670791 849.59064639452845 368.40514229424298 803.40516414120793 6450.6185203739442 1394.785168341361 580.29934579599649 3998.0813673418015 6240.8174830581993 376.33562292531133 318.05195114761591 8248.2733532581478 744.63598420284688 4951.058125032112 524.16771595552564 192.61218676716089 1358.4228910198435 1155.5297705549747 716.11449334025383 988.67065445147455
leaf_count=9914 25455 3273 7088 7204 62816 41474 22492 2820 51533 14897 6423 25429 26970 11269 73912 12669 8594 22947 85039 2722 2854 67896 4791 31902 8140 1172 8664 15170 7065 11837
internal_value=0.000260063 0.000385274 0.00113674 -0.00903779 -0.00557553 0.000953116 0.000203439 -0.0086151 -0.00607572 0.00162229 -0.00314366 -0.0150386 0.0105632 0.0013512 -0.0048692 0.00260425 0.00211567 0.00293096 0.00166191 0.00394816 0.0468035 0.00241895 0.00147113 0.000395496 -0.00473792 0.000895642 -0.00104525 -0.0155608 0.00111556 -0.0252071
internal_weight=53534.7 53431.6 49485.3 3946.32 3537.44 49339.8 45769.3 6343.39 5945.55 39425.9 5333.84 1711.25 3570.45 39156.6 6565.3 32591.3 31787.9 30393.1 26395 20154.2 694.388 19459.8 18879.5 18134.8 9886.58 6502.09 6309.48 3384.48 1240.28 2144.2
internal_count=684431 658976 585683 73293 70020 578595 510151 108697 86205 401454 83385 31852 68444 391540 88809 302731 291462 278793 255846 170807 5576 165231 156637 151846 83950 41738 40566 42212 15205 27007
is_linear=0
shrinkage=0.1


Tree=64
num_leaves=31
num_cat=0
split_feature=8 5 7 11 11 2 4 10 9 8 10 4 11 1 1 9 10 2 11 7 9 7 11 2 4 1 7 2 5 0
split_gain=37.5081 48.8548 40.0593 44.359 42.5721 56.6533 37.4468 29.0938 42.9198 30.1635 44.8153 64.7771 43.2628 44.9736 32.7802 31.4956 52.0123 49.4141 71.5419 67.2065 49.0695 37.8883 33.1711 38.4087 45.1895 39.7814 39.0751 35.6878 32.099 32.0084
threshold=0.069528978317976012 0.1343440115451813 0.1951631233096123 0.32423533499240881 0.22964709252119067 0.44261865317821508 0.40691646933555609 -0.36187195777893061 -0.27180977165699 0.033222885802388198 -0.1415729075670242 0.2787711769342423 0.22400000691413882 0.38745100796222692 0.38745100796222692 -0.00041772425174713129 0.024328783154487613 0.20486149191856387 0.117803942412138 0.08174584805965425 0.040714383125305183 0.019354731775820259 0.18400002270936969 0.41623727977275854 0.492953971028328 0.36784319579601293 0.086171798408031478 0.23965322971343997 0.062833361327648177 0.13137255609035495
decision_type=2 2 2 2 2 2 2 2 2 2 2 2 2 2 2 2 2 2 2 2 2 2 2 2 2 2 2 2 2 2
left_child=1 7 3 -3 5 -4 -6 -1 -9 10 11 -10 13 -11 -13 29 17 19 -19 -17 21 -18 27 25 -25 26 -24 -20 -22 -12
right_child=-2 2 4 -5 6 -7 -8 8 9 12 15 14 -14 -15 -16 16 20 18 22 -21 28 -23 23 24 -26 -27 -28 -29 -30 -31
leaf_value=0.050875024759425173 0.015354789796994259 -0.0067545755417855683 0.0013137874953235663 -0.026438809798731866 0.039290541042540962 -0.03566090447636077 0.0037947439152461191 -0.06533088389704865 0.058270149798687068 0.0062729011101387904 -0.016914632740247917 0.0027029411765044481 0.017704050027109033 -0.025671190683795614 0.051005635022687526 0.015418058227237253 -0.1045110920589581 -0.090925615307294053 0.00510372850379522 0.077147993491199593 0.011940640078130184 -0.010412571519577949 0.015948938987833481 -0.018206484373152695 0.037242629863671821 0.034177917276570893 -0.0066372057573897414 -0.024305235331325073 -0.0044042578630534091 -0.0024395210941557709
leaf_weight=116.76780765177682 1538.4385495362803 4045.5994484852999 1195.9818543018773 1596.6742490103934 339.72023174725473 634.10978516191244 2375.049965379294 97.646899334620684 291.02950232755393 1973.6156949987635 1701.0595623683184 1522.0930917328224 2480.7642522752285 567.45327865332365 154.78533067833632 1730.4606166714802 43.252990261651576 79.130816921591759 963.41435343865305 196.38325588405132 2335.1198995984159 3994.6811959296465 2302.536933039315 852.43760681059211 177.59809357742779 726.75170936342329 1147.8178773988038 721.75925952754915 2474.9891233332455 14983.98252847651
leaf_count=5290 10654 35729 6264 77753 2165 2723 45400 996 14955 14601 28589 12345 26608 2537 902 24840 240 666 6699 4255 34578 67985 18872 7775 4997 6942 9358 3821 27487 177925
internal_value=-3.27808e-05 -0.000489585 -0.00669684 -0.0123249 0.000290182 -0.0114976 0.00823661 0.00102917 0.000888982 0.00104509 4.2752e-05 0.0147199 0.00831025 -0.000860624 0.00716155 -0.000796112 0.00213651 0.00753496 0.00361724 0.0217096 -0.00329259 -0.0114205 0.00470268 0.00864926 -0.00864598 0.0129141 0.00843528 -0.00749212 0.00353055 -0.00391528
internal_weight=53361.1 51822.7 10187.1 5642.27 4544.86 1830.09 2714.77 41635.5 41518.8 41421.1 36399.3 1967.91 5021.83 2541.07 1676.88 34431.4 17746.3 8898.29 6971.45 1926.84 8848.04 4037.93 6892.32 5207.14 1030.04 4177.11 3450.35 1685.17 4810.11 16685
internal_count=683951 673297 170034 113482 56552 8987 47565 503263 497973 496977 453231 28202 43746 17138 13247 425029 218515 88225 59130 29095 130290 68225 58464 47944 12772 35172 28230 10520 62065 206514
is_linear=0
shrinkage=0.1


Tree=65
num_leaves=31
num_cat=0
split_feature=4 3 10 9 11 1 10 9 11 3 2 10 9 10 11 7 4 11 9 4 10 2 11 9 10 7 5 11 9 1
split_gain=33.6398 32.4093 26.8582 35.5298 42.5353 27.1111 29.5555 29.4916 25.9033 26.976 25.7338 24.6356 41.924 53.1646 37.3428 24.2058 23.2649 22.9426 22.474 45.801 42.8412 54.8285 81.0048 31.6177 46.881 45.5093 42.4154 40.0006 39.8109 35.4274
threshold=0.66286173462867748 0.09946633875370027 0.12679418921470645 0.19167351722717288 0.41223531961441046 0.60847070813179027 0.068113073706626906 0.11062811315059663 0.35529416799545294 0.62309870123863231 0.32263799011707311 -0.33216038346290583 -0.19038075953721997 -0.18953208625316617 0.3071372658014298 0.10658761486411096 0.28055955469608312 0.46149015426635748 -0.086548924446105943 0.29856826364994055 -0.083515599370002733 0.27334304153919226 0.22086278349161151 -0.044734761118888848 -0.04388413950800895 0.053454417735338218 0.049829950556159026 0.42870591580867773 -0.012573495507240294 0.14870590716600421
decision_type=2 2 2 2 2 2 2 2 2 2 2 2 2 2 2 2 2 2 2 2 2 2 2 2 2 2 2 2 2 2
left_child=1 -1 5 10 -5 11 8 -8 -7 -10 -4 -3 15 14 -14 -13 -12 -9 19 -15 21 -20 -23 25 27 -22 29 -25 -26 -27
right_child=-2 2 3 4 -6 6 7 17 9 -11 16 12 13 18 -16 -17 -18 -19 20 -21 23 22 -24 24 28 26 -28 -29 -30 -31
leaf_value=0.060240685757457994 -0.059759270886172292 0.034395590301744036 -0.045780240016093238 0.0052481836365219211 0.11532021164681493 0.010433519616039694 -0.024501046393934307 0.018878729358268755 0.094008377290276376 0.00041118356307436282 0.057267538872063407 -0.11302749869357101 0.015168849755536246 -0.052679728678301833 0.08350239287694762 -0.01897226520076338 -0.013964299921293234 0.13994758865204715 0.028138481051555711 -0.0050623228627373036 -0.039809904974351364 -0.016967672453918416 0.015515538819936456 0.0091566715465013562 -0.0084068450686111615 -0.07186281759593531 -0.010491039268592885 0.12241067012960141 0.00060197453402391821 0.026341310420593345
leaf_weight=88.915809470694512 94.626009826548398 207.71158524509519 259.86880977079272 423.42314316704869 38.281166977714747 128.00839012116194 204.99581397557631 203.4692967357114 122.52875134116039 41.129201032454148 47.185930885374546 28.301257964689285 1353.8830186887644 214.84239491447806 84.992631563916802 824.82717921119183 1621.2161115508061 16.956738097127527 1177.4506686301902 3378.216778086964 435.42361681652255 1252.8500010371208 1982.5242606569082 4273.5076503916644 6085.6095298377331 39.486483852379024 2811.4494090182707 31.415200221352279 25291.597238415619 527.18799892067909
leaf_count=13411 15925 7120 2099 2476 1613 756 18035 2043 6795 6635 270 193 16921 2757 422 6133 42091 1336 29336 25910 5054 7190 11353 40017 86919 586 35723 1389 286382 6703
internal_value=-0.00018815 -8.21867e-05 -0.000183181 -0.0105428 0.0143746 0.000304989 0.0196111 0.00280118 0.0441299 0.0704863 -0.016509 2.81119e-05 -0.000115251 0.000267855 0.0192052 -0.0220924 -0.0119497 0.0281922 -0.00030578 -0.00790954 0.000316441 0.00966131 0.0029369 -0.000727654 0.00019732 -0.00938234 -0.00546037 0.00998314 -0.00114529 0.0194983
internal_weight=53291.9 53197.3 53108.3 2389.98 461.704 50718.4 717.088 425.422 291.666 163.658 1928.27 50001.3 49793.6 48940.4 1438.88 853.128 1668.4 220.426 47501.6 3593.06 43908.5 4412.82 3235.37 39495.7 35682.1 3813.55 3378.12 4304.92 31377.2 566.674
internal_count=683593 667668 654257 48549 4089 605708 35600 21414 14186 13430 44460 570108 562988 556662 17343 6326 42361 3379 539319 28667 510652 47879 18543 462773 414707 48066 43012 41406 373301 7289
is_linear=0
shrinkage=0.1


Tree=66
num_leaves=31
num_cat=0
split_feature=10 9 11 4 5 7 7 4 5 10 9 7 1 7 11 4 10 9 10 11 3 11 1 3 7 0 9 1 10 7
split_gain=33.4232 37.1056 55.0737 35.5449 32.9636 123.53 69.9658 86.0168 30.6991 29.2836 30.3318 29.1249 28.7067 28.2599 30.1756 26.7262 25.179 48.2956 45.3728 45.9346 42.6962 41.6658 33.5607 38.1888 33.4872 33.016 30.4837 51.8896 48.5353 56.3001
threshold=0.065801560878753676 0.09012447297573091 0.41686277091503149 0.47885772585868841 0.052405629307031638 0.053454417735338218 0.11190427094697954 0.3122378289699555 0.095120228826999678 0.14193475246429446 0.19167351722717288 0.14256391674280169 0.59670594334602367 0.15148697793483737 0.28329415619373327 0.33410830795764929 -0.28350488841533655 -0.16291435807943341 -0.14642828702926633 0.07764707133173944 0.25097192823886877 0.19968631118535998 0.40274511277675634 0.31696195900440222 0.10427435114979745 0.092156868427991881 -0.041098274290561669 0.17615689337253573 -0.037430286407470696 0.033594332635402686
decision_type=2 2 2 2 2 2 2 2 2 2 2 2 2 2 2 2 2 2 2 2 2 2 2 2 2 2 2 2 2 2
left_child=12 2 4 -4 5 -2 -6 11 -9 -3 -11 -8 16 -10 -15 -16 -1 -18 19 25 -21 -22 23 -23 -25 -19 27 -20 29 -28
right_child=1 9 3 -5 6 -7 7 8 13 10 -12 -13 -14 14 15 -17 17 18 26 20 21 22 -24 24 -26 -27 28 -29 -30 -31
leaf_value=0.022083414528935495 -0.025862783884036053 0.0096942321046051636 0.053119882983000848 -0.063136177365191948 -0.032722168981963597 0.043138970606477145 0.029994923925397207 0.031085077340551062 -0.037306731084894872 -0.01981460607340528 0.012899975639705297 0.10997915346918624 0.026272190757154236 0.016081151419435624 0.49213860449678759 -0.024927250654962058 -0.019148195237581322 0.06277158000209633 -0.032767570283314722 0.061347336798498478 -0.004308116045414782 0.078717174996012551 0.056875337261934958 -0.026518777859016431 0.019498648190851901 -0.065653460571763397 0.046150729309986066 -0.0031262974055697107 -0.00067894650470212139 0.0065847475201386277
leaf_weight=532.37246360816061 562.23376552760601 1886.4298269336578 28.933019641321152 288.93177642230876 1249.4305131295696 481.7617626003921 305.12224275991321 141.73087991960347 472.22828734479845 916.27914306311868 410.32711431570351 53.509480383247137 435.14466668572277 339.27782773412764 1.0019582323729981 432.71865418925881 1253.075809789123 24.354327437933534 637.149264219217 197.42849911889061 869.31062516570091 90.313465155661106 248.98053803481162 194.28581260144711 849.93621101975441 112.43430739454925 380.25565315177664 8082.1233247425407 25118.649879067903 6632.8201819835231
leaf_count=13541 10135 20138 1505 48450 14813 5142 2733 2115 11108 18130 3770 356 23700 2599 21 11716 8116 2459 9593 8511 7239 813 1358 952 3998 2991 11580 82873 286371 67357
internal_value=-0.000310176 -0.00646432 -0.0124767 -0.0525542 -0.00932263 0.00597874 -0.0146563 -0.00172546 -0.0130134 0.00168843 -0.00969579 0.0419289 0.000710143 -0.0180326 -0.00625798 -0.0237328 0.000464182 0.000206648 0.000764986 0.0136079 0.0167562 0.0128485 0.0236285 0.0163323 0.0109367 -0.0427882 -4.83379e-05 -0.00529229 0.00137466 0.00873005
internal_weight=53228.6 7569.92 4356.88 317.865 4039.02 1044 2995.02 1745.59 1386.96 3213.04 1326.61 358.632 45658.6 1245.23 772.998 433.721 45223.5 44691.1 43438 2587.04 2450.26 2252.83 1383.52 1134.54 1044.22 136.789 40851 8719.27 32131.7 7013.08
internal_count=684183 152731 110693 49955 60738 15277 45461 30648 27559 42038 21900 3089 531452 25444 14336 11737 507752 494211 486095 28321 22871 14360 7121 5763 4950 5450 457774 92466 365308 78937
is_linear=0
shrinkage=0.1


Tree=67
num_leaves=31
num_cat=0
split_feature=10 12 2 7 11 12 9 10 9 11 12 4 11 12 11 11 4 12 10 7 7 11 11 12 4 10 9 12 4 11
split_gain=34.98 35.1939 35.1418 55.033 59.7142 35.967 40.5177 34.8095 34.1491 35.1255 32.2319 34.2542 50.8153 32.7843 31.5195 27.1162 27.0126 36.6903 26.8531 26.614 25.6672 31.5651 28.4928 30.1019 24.5202 23.9025 39.623 38.8078 37.9888 29.2099
threshold=0.10093882679939271 0.69898036122322094 0.46140018105506903 0.067127313464880004 0.23121567815542224 0.57670593261718761 0.030412353575229648 -0.36187195777893061 -0.19038075953721997 0.29192157089710241 0.36564710736274725 0.47885772585868841 0.37898038327693945 0.68235301971435558 0.52250984311103832 0.16266669332981112 0.34140664339065557 0.57396087050437938 -0.2467263117432594 0.14256391674280169 0.1402443200349808 0.32800000905990606 0.41686277091503149 0.62650987505912792 0.10317518934607507 0.028983160853385929 0.083512187004089369 0.49521574378013616 0.26454077661037451 0.19623532146215442
decision_type=2 2 2 2 2 2 2 2 2 2 2 2 2 2 2 2 2 2 2 2 2 2 2 2 2 2 2 2 2 2
left_child=1 2 5 -4 -5 6 7 -1 -9 18 -2 12 16 -14 19 -7 -12 -18 -10 -3 21 -6 23 -22 -20 27 28 29 -27 -8
right_child=10 14 3 4 20 15 25 8 9 -11 11 -13 13 -15 -16 -17 17 -19 24 -21 22 -23 -24 -25 -26 26 -28 -29 -30 -31
leaf_value=0.063786457748873579 -0.036757999398408382 0.053252778286011916 -0.05397544811325819 -0.043991767359913579 -0.018524431687102574 -0.0054638795319601995 0.0080218679217322238 -0.031041127975571778 0.031047100858296102 -0.012018916771530956 0.0090288192961368897 -0.023597293263226848 0.021368587992798525 0.1076125864773243 -0.046736259932368018 0.014191769928849983 -0.032590290823703946 -0.00082185974765921653 0.055401742909603438 0.011504801520236578 -0.019233903557189423 0.016574522070253363 -0.040697102421348469 0.0042844468054271997 -0.0010072393763914738 0.0089715991562465958 0.022348087482729762 -0.0053285047968342379 -0.011493700334965856 0.030502484531540697
leaf_weight=80.542802133131772 388.79351411107928 164.4943416044116 251.64897608570755 375.53734587877989 333.86828771233559 908.3511462174356 1118.6667704223655 400.72986164828762 266.61295406380668 2951.2068267134018 882.61668450105935 872.52658215723932 159.07821201207116 60.969909409061074 87.25694161769934 3087.573949820362 586.75831848289818 955.65682611614466 77.281078955624253 2129.6548988127615 889.91327293496579 1101.7378708110191 245.51053707604297 1401.0222334219143 26900.84013544023 1589.0245325919241 760.67533310130239 851.79752128571272 2113.3231829600409 1195.8259180821478
leaf_count=4834 3233 4490 22166 1600 1785 5855 9748 4443 7423 57572 7886 52079 4300 1291 19561 18279 9767 6884 12307 37693 16353 24034 22068 20080 254900 8033 4507 4623 29093 6835
internal_value=-0.000326868 0.00039513 -0.000207023 -0.00850854 -0.00587681 0.000695541 -0.000246222 -0.00186811 -0.00204094 -0.00165608 -0.00943559 -0.0064157 -0.000748048 0.0452647 0.0122545 0.00972366 -0.00492326 -0.0129071 -0.000533553 0.0144982 -0.00227324 0.00841182 -0.00832088 -0.00485125 -0.000845651 0.00627533 0.00156079 0.0129207 -0.00271012 0.0196369
internal_weight=53189.5 49283.1 46901.7 4599.24 4347.59 42302.5 38306.5 30677.2 30596.7 30195.9 3906.4 3517.61 2645.08 220.048 2381.41 3995.93 2425.03 1542.42 27244.7 2294.15 3972.05 1435.61 2536.45 2290.94 26978.1 7629.31 4463.02 3166.29 3702.35 2314.49
internal_count=683722 598282 536538 108086 85920 428452 404318 341479 336645 332202 85440 82207 30128 5591 61744 24134 24537 16651 274630 42183 84320 25819 58501 36433 267207 62839 41633 21206 37126 16583
is_linear=0
shrinkage=0.1


Tree=68
num_leaves=31
num_cat=0
split_feature=10 4 2 12 2 9 12 6 7 6 10 9 12 7 12 5 6 7 5 7 4 7 7 4 7 4 12 6 6 4
split_gain=26.1056 29.1687 34.7221 25.6311 43.7035 33.6062 30.5552 55.0436 72.9818 48.3874 40.6988 40.237 56.0341 38.5747 36.2998 37.5702 40.9475 102.739 33.8443 80.073 45.3236 44.2751 39.3146 41.8669 39.6104 33.2639 41.3019 50.6695 30.0516 27.9059
threshold=0.064714580774307265 0.57608845829963695 0.65331387519836437 0.66023531556129467 0.43185891211032873 0.025924652814865116 0.55482354760169994 0.12495711818337442 0.12307730689644815 0.16219983249902728 0.0092249214649200457 -0.0017707496881484983 0.23396077752113345 0.18129608780145648 0.21631377190351489 0.059183292090892799 0.033874602988362319 0.020993687212467197 0.036821197718381889 0.05655173026025296 0.21627271920442584 0.044084146618843086 0.060360025614500053 0.24668934196233752 0.10203116387128831 0.26652947068214422 0.48611773550510412 0.15233854204416278 0.11221118643879892 0.33118274807929998
decision_type=2 2 2 2 2 2 2 2 2 2 2 2 2 2 2 2 2 2 2 2 2 2 2 2 2 2 2 2 2 2
left_child=3 2 -2 4 5 6 7 8 10 -8 11 -1 -13 25 15 16 17 -12 19 20 -16 29 -20 24 -24 -9 -27 -28 -10 -22
right_child=1 -3 -4 -5 -6 -7 9 13 28 -11 14 12 -14 -15 18 -17 -18 -19 22 -21 21 -23 23 -25 -26 26 27 -29 -30 -31
leaf_value=-0.0011003239622665664 -0.0048696966666478339 -0.038302960895651876 0.072410001738590815 0.0088525465234138411 -0.0086396880485331753 0.007714607429997875 0.026679790865298966 0.020849596249796338 0.039123205691200105 -0.00091894035846800033 -0.065645116983497995 0.030390723373848946 0.003594478901771064 0.0042007045944197786 0.032469002202653793 0.066676677039889887 -0.064206438997533408 0.053147752378667146 -0.039987992902389274 0.07459360984125972 -0.016965208619552523 0.025911989814378818 0.0022329487012605598 -0.016939256145456615 0.064781863892307376 -0.030776624092052569 0.010676791572279952 -0.030732448990165487 0.010141235943276329 -0.076511979180984013
leaf_weight=12665.93780422979 7303.387959806947 260.51023956784047 58.606498644221574 3725.8916678696405 4935.9026569477282 6824.4794179913588 1064.8113498417661 210.95501182368025 622.40824975818396 1574.7623899304308 158.75326751498505 1035.0466931231786 3171.6635736576281 1125.4514065366238 302.0799515619874 36.809687286615372 289.02827860973775 134.47254379047081 417.00918789021671 157.38143918663263 605.89084185473621 229.91251887753606 791.75591254606843 1511.0627435743809 116.08868535980582 1619.1342130550183 716.21171515807509 503.04363008122891 841.48506806977093 90.449591059237719
leaf_count=140415 113354 39439 2340 73234 83071 53525 6207 2100 8842 9462 905 20964 26133 9208 1335 231 2011 684 3936 1140 8643 3783 3853 24928 569 19609 6024 3851 9314 5053
internal_value=-2.26646e-06 -0.00541815 -0.0042545 0.000905485 0.0001963 0.00138093 -6.02702e-05 -0.00105182 0.000852084 0.0102145 -0.000604944 0.001714 0.0101876 -0.0116217 -0.0086878 -0.0313014 -0.0374956 -0.011167 -0.00537172 0.0074372 -0.00116729 -0.0121371 -0.0116305 -0.00674184 0.0102313 -0.0174615 -0.0203088 -0.00640794 0.0224636 -0.0246999
internal_weight=53100.4 7622.5 7361.99 45477.9 41752 36816.1 29991.6 27352 23177.2 2639.57 21713.3 16872.6 4206.71 4174.8 4840.69 619.064 582.254 293.226 4221.63 1385.71 1228.33 926.253 2835.92 2418.91 907.845 3049.34 2838.39 1219.26 1463.89 696.34
internal_count=684163 155133 115694 529030 455796 372725 319200 303531 262739 15669 244583 187512 47097 40792 57071 3831 3600 1589 53240 19954 18814 17479 33286 29350 4422 31584 29484 9875 18156 13696
is_linear=0
shrinkage=0.1


Tree=69
num_leaves=31
num_cat=0
split_feature=11 8 6 7 3 8 3 11 11 6 7 6 2 6 7 4 4 11 0 11 7 6 4 7 6 4 7 4 6 3
split_gain=25.0643 24.6599 35.3864 50.7404 51.7192 42.959 41.0931 50.5489 39.5146 37.278 74.2615 34.081 26.3156 25.6269 58.7208 42.1559 23.3387 56.3118 29.323 22.3918 21.3313 37.2189 38.4773 25.3819 57.9842 100.194 39.3296 37.6248 34.1714 134.327
threshold=0.56611767411232006 0.061550367623567588 0.15598642081022265 0.17972368746995929 0.32089267671108251 0.047965243458747871 0.40212506055831915 0.22964709252119067 0.22541176527738574 0.18548549711704257 0.20480938255786899 0.16483161598443988 0.52036955952644359 0.21534465253353122 0.23869661986827853 0.43122330307960516 0.50472778081893932 0.36219610273838049 0.46470591425895696 0.24737257510423663 0.16076704859733584 0.14340550452470782 0.28561884164810186 0.12965247035026553 0.11482644826173784 0.25387461483478552 0.11488572135567666 0.38097509741783148 0.10067966952919961 0.23281279951334002
decision_type=2 2 2 2 2 2 2 2 2 2 2 2 2 2 2 2 2 2 2 2 2 2 2 2 2 2 2 2 2 2
left_child=1 2 5 4 -4 20 7 -5 12 -10 -11 -3 -8 -12 15 -15 17 -16 -19 -7 21 23 -23 24 26 -26 28 -27 -1 -30
right_child=-2 11 3 6 -6 19 8 -9 9 10 13 -13 -14 14 16 -17 -18 18 -20 -21 -22 22 -24 -25 25 27 -28 -29 29 -31
leaf_value=0.00079708244404210014 -0.060117669972479616 0.042286877053793054 0.026695947486402295 0.0030066963150740342 -0.023691426491699603 0.0094404824379988473 -0.016219300556244393 0.045123610449831111 0.011277259011995869 -0.029704945404980605 0.015284870987284259 0.0055247649353728544 -0.059112588860902752 0.052285391370421166 0.061222417725365602 -0.036698600451624264 0.01190640121987952 0.69114753657260253 0.23329644146383532 0.041324429247999755 0.01087475999511647 0.037901081713994651 -0.026601705669808913 0.0084465612837523966 0.030575562007817487 -0.030494284943352559 0.014470588017282602 0.00093440851266904433 0.044060816954223453 -0.021256788395145679
leaf_weight=26720.321513356175 69.399760033469647 284.17644903529435 225.58783507253975 1485.3650851817802 2100.2980107474141 550.29443693626672 1061.3990716822445 352.6205071862787 1458.7942435170989 1021.8028046239633 948.37102888990194 2239.8002876683604 165.30942226201296 60.47546767629683 50.005303718149662 444.96315169217996 72.413079570280388 1.9995635095983733 4.6558661153540015 367.27222366747446 1826.6903471883852 103.68279660213739 855.90310722915456 3479.1463136321399 408.10044292453676 1689.7741345358081 1936.9325188528746 491.76231138524599 370.23693442577496 2104.6545876162127
leaf_count=331932 20564 2072 1760 9418 45354 3535 4979 2009 27405 25718 15154 16713 719 446 280 8721 1011 35 77 3895 22671 753 16862 43914 3294 19915 19974 7718 4337 22526
internal_value=-6.06721e-05 1.81425e-05 -0.000465298 -0.00597919 -0.0188044 0.000809093 -0.00179441 0.0110869 -0.0062698 -0.00152121 -0.00868918 0.00966384 -0.0219995 0.00487718 -0.0106786 -0.0260517 0.0495206 0.097592 0.370854 0.0222026 0.000318187 -0.000187142 -0.0196322 0.000314438 -0.00052457 -0.0149021 0.000671383 -0.0234096 -0.000244114 -0.0114855
internal_weight=52952.2 52882.8 50358.8 9454.06 2325.89 40904.8 7128.17 1837.99 5290.19 4063.48 2604.69 2523.98 1226.71 1582.88 634.512 505.439 129.074 56.6607 6.65543 917.567 39987.2 38160.5 959.586 37200.9 33721.8 2589.64 31132.1 2181.54 29195.2 2474.89
internal_count=683761 663197 644412 143086 47114 501326 95972 11427 84545 78847 51442 18785 5698 25724 10570 9167 1403 392 112 7430 493896 471225 17615 453610 409696 30927 378769 27633 358795 26863
is_linear=0
shrinkage=0.1


Tree=70
num_leaves=31
num_cat=0
split_feature=9 10 9 10 4 1 8 6 5 7 5 5 7 4 10 9 2 7 10 4 7 10 9 2 2 9 4 10 6 6
split_gain=27.8279 48.054 49.2347 34.6241 27.7771 27.4933 22.9399 38.3404 29.0214 25.9505 40.8013 35.4533 56.691 80.0393 49.8496 54.368 46.4562 45.308 62.9823 52.6501 44.2622 43.0904 68.5319 55.92 42.883 39.0344 35.9521 35.9019 34.8606 33.9513
threshold=-0.27180977165699 -0.2467263117432594 -0.16291435807943341 -0.14642828702926633 0.21872550249099734 0.41192163527011877 0.024209121242165569 0.1381865665316582 0.13814188539981845 0.13159737735986712 0.042485410347580917 0.039791679009795196 0.059075068682432182 0.32055762410163885 0.028983160853385929 0.034650385379791267 0.29871983826160436 0.029040385968983177 0.02740535140037537 0.30004139244556433 0.055916421115398414 0.013458624482154848 0.0089307576417922991 0.47415335476398474 0.16567819565534594 0.056098610162734992 0.27551455795764929 -0.058614864945411675 0.073617052286863341 0.049732645973563201
decision_type=2 2 2 2 2 2 2 2 2 2 2 2 2 2 2 2 2 2 2 2 2 2 2 2 2 2 2 2 2 2
left_child=-1 -2 -3 4 -4 -6 7 9 -8 11 -11 12 13 16 15 24 -5 18 19 -18 -16 22 27 25 28 26 -23 -14 -13 -29
right_child=1 2 3 6 5 -7 8 -9 -10 10 -12 14 21 -15 20 -17 17 -19 -20 -21 -22 23 -24 -25 -26 -27 -28 29 -30 -31
leaf_value=-0.039089040261335556 0.024658300660197488 -0.022517294869622888 0.067961791080942455 0.00033063211100469348 0.0062770428200877295 0.042554830705389887 0.0063645035948722622 -0.011673571131664442 -0.0021332832482065149 -0.025999065421520497 0.020020245777387272 0.0091168535664967187 0.0014920418896521319 -0.024020295133880487 -0.053876370667567869 0.023214541341965454 0.00022829278779174075 0.019007474376550246 -0.027038642082002847 0.24841654963710214 -0.011117461198797618 0.028658706672617013 -0.028180371540351429 -0.0015794593006566487 -0.0047984469834871429 0.021299467171232694 0.09288339692188452 0.070488250167317121 0.062680369356549331 0.019253727973328041
leaf_weight=180.82704014098272 791.70411822106689 967.12623870349489 85.465793955372646 7006.93635233026 2085.643202542793 232.15689088683575 9373.0666895660106 3551.6660160599276 7035.5013369778171 230.04075124533847 1185.6558748264797 591.65589780546725 657.69939324771985 1295.0410961259622 257.6951962413732 856.9538495587185 11.888457350432871 669.52956350892782 22.963487684726715 30.414884466677904 3998.2282209533732 136.31731009855866 440.70904153841548 334.83808361995034 9566.1990858272184 297.44759003818035 241.70685418415815 188.31662420323119 152.90748710162006 412.98499505454674
leaf_count=2595 16513 5720 7120 66601 16632 1261 96933 75959 103763 1379 16517 16038 5819 45312 4266 6461 190 9476 539 649 53780 627 3278 15672 93274 1682 2531 2713 5290 5168
internal_value=7.29391e-05 0.000207292 -0.000165573 0.000258707 0.0119752 0.00991072 -0.00032131 -0.00187457 0.00272091 -0.000657102 0.0125424 -0.00134485 0.00279432 -0.00101 -0.00449729 -0.000987737 0.00283918 0.0267604 0.106292 0.178669 -0.0137065 0.0154801 0.00575838 0.0318356 -0.00299925 0.0483998 0.0697237 0.0176385 0.0201169 0.0352994
internal_weight=52889.3 52708.5 51916.8 50949.6 2403.27 2317.8 48546.4 32137.8 16408.6 28586.1 1415.7 27170.4 11746.8 9036.77 15423.6 11167.7 7741.73 734.796 65.2668 42.3033 4255.92 2710.02 1699.71 1010.31 10310.8 675.472 378.024 1259 744.563 601.302
internal_count=683758 681163 664650 658930 25013 17893 633917 433221 200696 357262 17896 339366 160257 122767 179109 121063 77455 10854 1378 839 58046 37490 16978 20512 114602 4840 3158 13700 21328 7881
is_linear=0
shrinkage=0.1


Tree=71
num_leaves=31
num_cat=0
split_feature=8 5 7 6 3 7 3 12 7 6 3 7 6 8 10 6 10 0 3 7 7 7 10 3 7 10 3 10 1 7
split_gain=20.6735 29.5958 32.489 35.7105 35.9271 39.0762 33.0218 26.7579 66.2419 37.808 28.1648 23.3682 24.5859 20.6772 29.6978 20.4586 19.5098 19.2178 25.1458 22.5156 28.0839 40.2414 55.1093 22.4374 49.7779 36.0618 31.7841 42.02 69.5128 39.4726
threshold=0.069528978317976012 0.14208768308162692 0.17972368746995929 0.18264711648225787 0.42901611328125006 0.20480938255786899 0.30965758860111242 0.62650987505912792 0.079637888818979277 0.056305112317204482 0.48817765712738043 0.069493386894464507 0.087158776819705977 0.0043101569171994933 0.062463909387588508 0.16751852631568911 -0.30723661184310908 0.16274510324001315 0.1690454110503197 0.078332621604204192 0.034319492056965835 0.02256127912551165 0.0092249214649200457 0.29255279898643499 0.096157625317573561 -0.1051020324230194 0.16331856697797778 -0.024358019232749935 0.1325490400195122 0.043540444225072868
decision_type=2 2 2 2 2 2 2 2 2 2 2 2 2 2 2 2 2 2 2 2 2 2 2 2 2 2 2 2 2 2
left_child=1 7 6 -4 -5 -6 -3 10 -9 13 16 -12 -13 14 -10 -2 -1 23 19 20 21 22 -19 24 25 -18 27 28 -27 -29
right_child=15 2 3 4 5 -7 -8 8 9 -11 11 12 -14 -15 -16 -17 17 18 -20 -21 -22 -23 -24 -25 -26 26 -28 29 -30 -31
leaf_value=0.029259674128899252 0.05809720203863742 0.0095584855058991579 0.011650114890798428 0.0068045725733227079 -0.028950771041834196 -0.0044511843388118401 -0.0196410904692981 -0.048274775632633354 0.71349538944721835 0.011777232640522621 -0.055071206340456397 0.011630390500400411 -0.028942832937488189 0.09812164769239011 -0.0045771641418334841 0.0084080107342612894 0.033528312778479528 0.067004918076328621 0.00046448001701628397 0.06268470405223657 -0.0005280681320818045 0.081566676660550189 -0.04942958073875714 -0.023221020454458216 0.016602947595944464 -0.0091432498491177284 -0.019856030467439851 -0.020867780822496539 0.066133762373310978 0.025436598310509151
leaf_weight=230.04942574794404 87.876087800599635 465.14256291463971 1505.5076795560308 1429.9658298688009 970.14748819964007 1979.1131754922681 2314.2863796378952 187.76557147945277 1.3450874025002115 2984.1440180928912 147.12429062766023 272.32670453912579 330.73188580712304 29.954436133848503 1.0072469895239917 1451.9851217460819 193.04378368915059 76.734430980868638 32194.155722718686 96.146230383310467 599.94603002537042 120.23559764726087 86.44351801276207 632.0505760172382 1002.4714232187252 283.30368631449528 1847.3367933677509 898.08421467617154 216.3500522072427 231.56843310175464
leaf_count=9534 618 3662 23241 7809 28739 28605 57127 30125 58 49393 13107 5241 8314 1668 82 10077 12361 669 315325 3173 7706 1598 400 6058 12582 15712 13886 7431 5683 4088
internal_value=-0.000173222 -0.000515743 -0.00584423 -0.0016358 -0.00620329 -0.0125102 -0.0147545 0.000566403 0.00935483 0.0129421 -0.000147266 -0.0193384 -0.0106209 0.120541 0.406024 0.0112437 0.00022467 5.10776e-05 0.000944712 0.0167289 0.011727 0.0376691 0.00532374 -0.00553791 -0.00314573 -0.0085406 -0.0108765 -0.000695379 0.0234517 -0.0113758
internal_weight=52866.3 51326.5 8664.16 5884.73 4379.23 2949.26 2779.43 42662.3 3204.22 3016.45 39458.1 750.183 603.059 32.3068 2.35233 1539.86 38707.9 38477.9 33173.7 979.506 883.36 283.414 163.178 5304.21 4672.16 3669.69 3476.64 1629.31 499.654 1129.65
internal_count=684072 673377 149183 88394 65153 57344 60789 524194 81326 51201 442868 26662 13555 1808 140 10695 416206 406672 328871 13546 10373 2667 1069 77801 71743 59161 46800 32914 21395 11519
is_linear=0
shrinkage=0.1


Tree=72
num_leaves=31
num_cat=0
split_feature=6 10 7 4 7 4 10 7 2 11 12 4 6 7 6 4 4 7 4 6 9 10 2 6 12 2 6 10 4 12
split_gain=23.6362 64.5014 44.3346 50.8309 53.0891 55.3344 44.5547 44.1172 54.64 58.8367 49.6916 64.7707 43.8519 41.5585 48.7653 48.4432 82.0629 65.0407 46.642 39.4187 36.6503 39.6638 35.4523 102.653 44.7752 73.8978 43.3631 38.2769 34.9626 91.7738
threshold=0.029567717574536804 -0.087573021650314317 0.037489434704184539 0.20000401884317401 0.019354731775820259 0.18476469069719317 0.015549093484878542 0.04463151469826699 0.15485333651304248 0.10384317114949228 0.16415687650442126 0.27033892273902899 0.042808121070265777 0.060360025614500053 0.059966938570141799 0.19062595814466479 0.20000401884317401 0.054056707769632346 0.43370354175567633 0.06178704462945462 0.0080001577734947222 -0.02876416593790054 0.20003242045640948 0.081976253539323821 0.34807844460010534 0.27334304153919226 0.086421418935060515 -0.12804415822029111 0.28730966150760656 0.3918431699275971
decision_type=2 2 2 2 2 2 2 2 2 2 2 2 2 2 2 2 2 2 2 2 2 2 2 2 2 2 2 2 2 2
left_child=1 -1 3 4 5 6 20 10 -9 19 -2 -12 -11 15 -15 -14 17 -17 -18 -10 21 -3 23 -16 27 26 -26 -24 -27 -30
right_child=7 2 -4 -5 -6 -7 -8 8 9 12 11 -13 13 14 22 16 18 -19 -20 -21 -22 -23 24 -25 25 28 -28 -29 29 -31
leaf_value=0.067659344667954216 -0.06959005906265027 0.069713632679667403 0.029662879693796624 -0.012883237755809513 0.030417305634389102 0.077180684265756597 -0.08712324692865403 0.030050533539023525 -0.11739683863883965 0.016336670228561775 0.00055706632272087536 -0.029237564251714789 -0.044220872846850792 0.015203622797572106 -0.0054048222399201784 0.073621028619617404 -0.0091370596947739531 -0.03251057223626163 -0.063753981735941656 -0.017420481280383253 0.053098605964450721 -0.031818541497365481 0.04584859601685836 0.057047431977232194 0.053194880362016528 0.012167761956897893 0.01296453334147947 -0.0097905760722543922 -0.023856838264663508 -8.5214493986871801e-06
leaf_weight=168.98854356911033 143.14266848983243 43.397801112849265 582.24760518665425 1569.1993629548233 791.58401049626991 66.776291102170944 82.177913545630872 591.54047796828672 40.549972520209849 1607.0303196178284 2183.5697252226528 1095.7787037309026 401.28302058391273 2097.5744388024323 739.43538166908547 204.8607533806935 2106.1811434170231 80.405954474583268 168.8976215851726 1437.2440820047632 82.732775565236807 339.23890406172723 126.17057312000543 408.64718100195751 333.90445830579847 1982.7304183710366 1355.8903886154294 6176.3677355730906 1730.1097602583468 23967.161573070101
leaf_count=7716 4286 2052 6753 16846 10594 575 472 29914 543 23102 16527 26581 2756 30519 8363 1590 18125 545 16070 17063 1060 2573 2598 7240 2484 13575 10097 41575 23664 338086
internal_value=-0.000382276 0.00729531 0.00442778 -0.000510891 0.0132985 -0.00875994 -0.0192409 -0.000966397 -0.000143775 -0.000541004 -0.0119161 -0.00939867 0.000125831 -0.000496221 0.000372777 -0.0119155 -0.00685227 0.0437065 -0.0131917 -0.0201638 -0.00725375 -0.020303 -0.000472102 0.0168244 -0.00102877 0.000612422 0.0209141 -0.00867673 -0.000626943 -0.00161415
internal_weight=52704.8 3726.34 3557.35 2975.11 1405.91 614.324 547.547 48978.5 45556 44964.4 3422.49 3279.35 43486.7 41879.6 38918 2961.63 2560.35 285.267 2275.08 1477.79 465.369 382.637 36820.4 1148.08 35672.3 29369.8 1689.79 6302.54 27680 25697.3
internal_count=683944 48641 40925 34172 17326 6732 6157 635303 587909 557995 47394 43108 540389 517287 478201 39086 36330 2135 34195 17606 5685 4625 447682 15603 432079 387906 12581 44173 375325 361750
is_linear=0
shrinkage=0.1


Tree=73
num_leaves=31
num_cat=0
split_feature=2 0 3 9 1 6 3 7 12 6 6 12 7 5 12 6 3 12 7 2 6 12 12 7 3 7 6 7 12 2
split_gain=22.781 23.5918 25.6836 22.7182 21.9458 22.8712 22.0258 70.1526 35.6443 35.4513 34.4818 38.0677 32.2642 32.1798 31.8665 31.6898 58.1847 54.2404 35.154 29.7215 27.7389 83.9637 49.5026 43.6753 42.1308 56.6583 55.7473 36.4653 34.9006 51.4479
threshold=0.087570894509553923 0.1549019664525986 0.1690454110503197 -0.0052972710691392413 0.1733333691954613 0.027466502971947197 0.44749009609222418 0.072539877146482482 0.56345102190971386 0.1381865665316582 0.16131828725337985 0.67560788989067089 0.13794298470020297 0.058525130152702338 0.68705889582633983 0.11482644826173784 0.23824630677700046 0.47466669976711279 0.12048883736133577 0.32978442311286932 0.080529432743787779 0.27090199291706091 0.35811768472194677 0.065307632088661208 0.23824630677700046 0.083910714834928526 0.093139983713626875 0.090491000562906279 0.31152944266796118 0.28243395686149603
decision_type=2 2 2 2 2 2 2 2 2 2 2 2 2 2 2 2 2 2 2 2 2 2 2 2 2 2 2 2 2 2
left_child=-1 3 -3 -2 5 -4 8 -8 9 12 14 -12 15 -14 -9 18 -17 -18 20 -11 23 27 24 -6 26 -26 -23 -22 -25 -30
right_child=1 2 4 -5 6 -7 7 10 -10 19 11 -13 13 -15 -16 16 17 -19 -20 -21 21 22 -24 28 25 -27 -28 -29 29 -31
leaf_value=0.072696353203580338 -0.010856590376362904 0.015147459093536337 0.026450093209720384 0.0034259023306190623 -0.00027877655972493334 -0.027582929976836468 -0.039474088269350741 0.0012136883671749253 0.0098370648942224023 0.0048913299689895395 -0.01693091940604478 0.00047518830266593027 -0.028126935502762292 0.023087205985819263 0.025191138840128132 0.04771583012177192 -0.021105876067207627 0.010898614599451004 0.021807151172318268 -0.013896498317158397 0.010395031221824419 -0.022135624621707567 0.0012018026214834926 -0.0019245534172855077 0.031844658250883416 -0.03018950920312867 0.023494179275212367 0.087998671597243838 0.032417879950668166 0.0081006278592057369
leaf_weight=43.001266123028472 3637.8499685139395 1180.9739288026467 93.119562136940658 1605.0687810895033 9348.5959724606946 493.49489298090339 521.57611425197683 3226.9969503690954 4575.0532790012658 1194.9127429584041 2238.5338009204715 2864.0353475513402 137.98538485821337 1106.7097369106486 669.22672489960678 170.30014148075134 1980.5537003297359 722.79775700159371 875.7709737662226 2851.0196974333376 107.90024097263813 547.42223491705954 4424.1806260440499 1530.915857963264 161.36676657944918 1680.8127338197082 524.07863970194012 137.98025424778461 1274.7286865767092 2740.5313952639699
leaf_count=8041 52102 16436 1072 23468 100073 6976 45694 55587 25917 9605 38885 76244 1050 10116 26805 1593 23878 8340 7925 25720 1013 3268 50978 10803 1131 12455 3790 1995 8589 24634
internal_value=-5.96057e-05 -0.000119057 0.00058526 -0.00648414 0.000213023 -0.0190057 0.000460183 -0.00381845 0.00158875 0.000391476 -0.00175183 -0.007161 0.00167852 0.0174097 0.00533213 0.000931964 -0.00897736 -0.0125488 0.00215127 -0.00834776 0.00138547 -0.0035376 -0.00546372 0.00389207 -0.0155847 -0.0247556 0.000182234 0.0539437 0.0109224 0.0158207
internal_weight=52667.5 52624.5 47381.6 5242.92 46200.6 586.614 45614 9520.37 36093.6 31518.6 8998.79 5102.57 27472.6 1244.7 3896.22 26227.9 2873.65 2703.35 23354.3 4045.93 22478.5 7583.74 7337.86 14894.8 2913.68 1842.18 1071.5 245.88 5546.18 4015.26
internal_count=684183 676142 600572 75570 584136 8048 576088 243215 332873 306956 197521 115129 271631 11166 82392 260465 33811 32218 226654 35325 218729 74630 71622 144099 20644 13586 7058 3008 44026 33223
is_linear=0
shrinkage=0.1


Tree=74
num_leaves=31
num_cat=0
split_feature=9 12 3 4 11 4 3 12 11 6 11 12 11 1 6 7 6 4 12 5 9 4 3 12 7 3 6 12 3 4
split_gain=25.3303 24.6103 35.9206 27.8712 44.1641 23.5363 28.4009 27.7632 38.1683 24.3489 23.6222 23.1676 44.4615 39.9438 28.3607 47.9553 33.968 65.5243 46.037 33.043 66.3954 42.2404 49.5595 30.7368 64.3189 49.705 67.7723 72.9127 42.2404 33.1956
threshold=-0.27180977165699 0.72517660260200512 0.53269881010055553 0.63112404942512523 0.46384321153163915 0.53837484121322643 0.46279905736446386 0.64235302805900585 0.44596078991889959 0.17190328985452655 0.22682354599237445 0.59654906392097484 0.2177255377173424 0.39607851207256323 0.12895401567220691 0.12396430969238283 0.11047336086630823 0.23650879412889483 0.41866673529148107 0.070963691920042052 -0.049883306026458733 0.40475340187549597 0.30518440902233129 0.34180395305156713 0.044084146618843086 0.37842649221420294 0.090889837592840209 0.41098038852214819 0.29413624107837683 0.30623868107795721
decision_type=2 2 2 2 2 2 2 2 2 2 2 2 2 2 2 2 2 2 2 2 2 2 2 2 2 2 2 2 2 2
left_child=-1 2 5 -3 -5 6 11 9 10 -8 -9 14 13 -13 15 16 23 -18 -19 20 -17 22 -21 29 -25 26 28 -28 -26 -2
right_child=1 3 -4 4 -6 -7 7 8 -10 -11 -12 12 -14 -15 -16 19 17 18 -20 21 -22 -23 -24 24 25 -27 27 -29 -30 -31
leaf_value=-0.036710694529151176 -0.0021932075277812284 0.014313987520531132 -0.016824996527452517 0.032017543794945633 -0.068423640418016116 0.019827252415177597 -0.0089305148840530136 -0.029997558645418088 0.11519297172278707 -0.031762544814404395 0.0046720497324818288 0.015669739334331492 0.019333850530845197 -0.015524092618642397 -0.0054349176785613799 0.031255607009153474 0.034006187152726117 -0.032080291435224617 -0.0018433802318738252 0.034354907683616064 -0.033200929002204609 0.04882932614019906 -0.0016872186047725243 -0.019445774669666117 0.031342088748332504 -0.0047974089550314181 -0.012791310026894619 0.019725947766204063 0.011895828420514693 0.036923298818507304
leaf_weight=186.42165435873903 16080.269842475886 1928.7532678380376 1271.0243404172361 74.768321784678847 105.61456133087631 603.60979039478116 1889.5749044057447 227.29408640414476 29.254653960466385 620.44612310919911 1451.8579552769661 682.19037013594061 1824.1045516906306 1030.7226279750466 7694.5978986867703 281.4548838804476 278.04236537450925 1064.1239997399971 955.83292685635388 646.96426935167983 369.75979822245426 418.79741604067385 929.81394430063665 981.32517186691985 1638.5242304704152 2576.3858095756732 1882.8429637635127 1088.0482489420101 3509.4448328698054 219.91713074082509
leaf_count=2618 162497 44272 75430 1841 26533 6556 43010 1010 1602 11015 18832 4358 11577 4486 70159 4953 2869 11028 12386 6463 2055 3849 11407 28973 11110 30003 18878 12391 38636 2952
internal_value=8.52461e-05 0.000216265 -0.000227935 0.0107985 -0.026791 0.000202799 -4.20869e-05 -0.00788137 0.001952 -0.0145743 -2.09124e-05 0.000706885 0.00846919 -0.00310073 3.09119e-05 0.00130841 0.000179924 -0.0115075 -0.0177723 0.0142164 -0.00534282 0.0205992 0.0131011 0.00113992 0.00505617 0.0073043 0.0111446 -0.000882309 0.0180853 -0.00166546
internal_weight=52541.8 52355.4 50246.2 2109.14 180.383 48975.2 48371.6 4218.43 1708.41 2510.02 1679.15 44153.2 3537.02 1712.91 40616.1 32921.5 30274.8 2298 2019.96 2646.79 651.215 1995.58 1576.78 27976.8 11676.6 10695.2 8118.86 2970.89 5147.97 16300.2
internal_count=683749 681131 608485 72646 28374 533055 526499 75469 21444 54025 19842 451030 20421 8844 430609 360450 331723 26283 23414 28727 7008 21719 17870 305440 139991 111018 81015 31269 49746 165449
is_linear=0
shrinkage=0.1


Tree=75
num_leaves=31
num_cat=0
split_feature=11 2 7 7 9 2 9 10 12 9 11 12 10 10 9 10 12 11 7 12 9 4 11 11 1 2 11 4 7 11
split_gain=21.4119 39.1537 53.3729 44.0449 42.6196 33.9524 29.465 53.3373 30.2453 29.2724 28.8876 24.8253 24.2199 23.1051 21.7861 61.8726 61.9517 52.5624 49.5536 46.1872 39.8438 35.3953 45.9268 32.399 44.8983 31.2281 40.512 34.4305 31.6973 31.7679
threshold=0.11137256398797037 0.17685951292514804 0.081010200083255782 0.10658761486411096 -0.079094201326370225 0.43451650440692907 -0.16291435807943341 -0.16413225978612897 0.30886279046535497 -0.035499081015586846 0.32266668975353247 0.22384314984083178 -0.1415729075670242 -0.021819643676280972 -0.041098274290561669 -0.035332426428794854 0.20015685260295871 0.16815689951181415 0.059718258678913123 0.27435295283794409 -0.0089023858308792097 0.16721370816230777 0.14760787039995196 0.32078436017036444 0.3416470885276795 0.3972128182649613 0.37160788476467138 0.492953971028328 0.16804464906454089 0.22400000691413882
decision_type=2 2 2 2 2 2 2 2 2 2 2 2 2 2 2 2 2 2 2 2 2 2 2 2 2 2 2 2 2 2
left_child=1 2 9 4 -3 -5 -2 8 -8 12 -10 -4 -1 -14 18 16 -16 -18 -9 -19 21 -17 -23 24 -20 -21 28 -28 -27 -30
right_child=6 3 11 5 -6 -7 7 14 10 -11 -12 -13 13 -15 15 20 17 19 23 25 -22 22 -24 -25 -26 26 27 -29 29 -31
leaf_value=0.056500920730118288 -0.013832952847634243 -0.25315005319870543 0.088974150459480886 -0.0064188875605539156 -0.047299881029691619 -0.062375008766647193 0.076670074623093276 -0.026377382178650818 0.011951014426684441 -2.757321976651135e-05 0.068439642278728993 0.024172581782007249 -0.089921187298008506 0.029139758704558538 0.070345457480997978 -0.042107361089796826 -0.0090291497894748295 0.052348415827669526 -0.0043301906224127162 0.016819121055630753 0.0011009439978250048 0.019378572434260253 -0.0096553314213521507 -0.015174403292336547 0.013437875549981049 -0.018865109411930803 -0.00016744147552277055 0.074220040967719628 -0.024761095149062582 0.019886072644187666
leaf_weight=18.007817301433533 1402.3634390584193 10.455960892140864 80.200306351762265 1252.5621822876856 264.18876377353445 118.71350902318954 85.584996371064335 904.35030642698985 1415.4443639293313 890.66698268661276 96.715251941233873 224.90015834895894 90.810065753757954 19.86479214578867 165.33234408451244 291.64086220040917 1378.3515375051647 280.79611061513424 4480.4973167385906 3146.943772578612 25097.152720924234 615.08566020429134 4769.4036241871072 1457.0253946371377 2083.486539606005 827.89947487041354 120.42967809736729 128.73507002019323 212.93359880149364 633.51892698556185
leaf_count=2620 9459 153 5324 12668 2474 526 3628 11243 10358 31453 565 9689 3087 123 5027 1603 19112 3646 32268 18960 344566 3150 86565 38824 12427 4684 1814 3532 888 3669
internal_value=-3.81357e-05 -0.00828505 0.00451371 -0.018584 -0.0551368 -0.0112631 0.000455806 0.000871607 0.0188372 -0.00646882 0.0155639 0.0412067 -0.0510514 -0.0685512 0.000255549 0.00130812 0.00987028 0.00838453 -0.00418668 0.0128699 -0.000610281 -0.00817651 -0.00633871 -0.00168473 0.0013096 0.0106836 0.000645629 0.0382661 -0.00495277 0.00865463
internal_weight=52564.1 2970.37 1324.45 1645.92 274.645 1371.28 49593.7 48191.3 1597.74 1019.35 1512.16 305.1 128.683 110.675 46593.6 37668.2 6894.94 6729.61 8925.36 5351.26 30773.3 5676.13 5384.49 8021.01 6563.98 5070.46 1923.52 249.165 1674.35 846.453
internal_count=684105 68117 52296 15821 2627 13194 615988 606529 14551 37283 10923 15013 5830 3210 591978 497216 61332 56305 94762 37193 435884 91318 89715 83519 44695 33547 14587 5346 9241 4557
is_linear=0
shrinkage=0.1


Tree=76
num_leaves=31
num_cat=0
split_feature=4 11 10 4 12 6 10 12 4 4 3 7 7 7 10 1 8 12 12 12 10 12 6 12 3 6 7 8 6 8
split_gain=24.2376 26.4113 21.6227 21.1437 25.7283 18.6438 18.5982 22.3176 22.1732 19.3789 18.1678 55.0682 38.9088 39.7758 31.0794 23.6407 22.6234 23.0955 18.742 27.2978 18.1075 19.5834 24.3289 17.332 35.7823 26.6398 51.8043 45.3313 24.9252 32.2817
threshold=0.10317518934607507 0.096000019460916533 -0.36187195777893061 0.67004060745239269 0.79607847332954418 0.21113025397062304 0.15335056185722354 0.38996084034442907 0.56196147203445446 0.10898511484265329 0.14994433522224429 0.071289598941802992 0.050043474882841117 0.034319492056965835 -0.021819643676280972 0.094431396573781981 0.050674010068178184 0.22384314984083178 0.20431374013423922 0.20015685260295871 0.19753062725067141 0.88462749123573314 0.20937569439411166 0.66886278986930858 0.48817765712738043 0.12990844249725345 0.069493386894464507 0.0069964861031621703 0.1807995140552521 0.033222885802388198
decision_type=2 2 2 2 2 2 2 2 2 2 2 2 2 2 2 2 2 2 2 2 2 2 2 2 2 2 2 2 2 2
left_child=-1 2 -2 4 6 20 9 -8 -9 -3 12 14 13 -4 15 -12 17 -13 19 -15 21 -6 -23 24 -11 26 -26 -28 29 -25
right_child=1 3 10 -5 5 -7 7 8 -10 23 11 16 -14 18 -16 -17 -18 -19 -20 -21 -22 22 -24 28 25 -27 27 -29 -30 -31
leaf_value=0.055788277963303795 0.058754313878876752 -0.32174078751647528 0.028502035675427112 -0.058060527792972244 0.057611798135261773 0.0070764390151578553 -0.070304379145412571 -0.0058127383008244249 -0.070751206599072844 0.00055241550147781761 -0.81638446295635658 0.050287740756354948 0.034666070570042791 -0.075572586682419118 -0.055835891954128553 -0.20390390246469306 -0.00072750600948908633 -0.033710187998246897 0.07937120809878967 -0.49706556285746117 -0.015211286457380803 0.19044763317551119 0.95426164465168117 0.0030595973946557519 -0.050846405387364138 -0.022962254662395713 0.099753138022521198 0.0039418862228012925 0.00054076890365090818 0.03285703416228708
leaf_weight=77.710383422905579 41.159104855032638 1.8666145694442082 68.261565898312256 62.010630148812197 143.96734911808744 259.7864954972174 62.23836229275912 1121.0169730798807 55.168020715937018 43192.128579935525 0.6519483076408531 34.63451176090166 199.20180744188838 92.051620402606204 24.887364249676466 18.888511626049876 506.77631095796824 596.33569355355576 7.7333424226380876 1.5626375740393985 35.76618379203137 4.0585286731366059 0.46476500015705813 764.62177150894422 167.52509788575117 1159.0372038376518 52.964751938823611 729.92939320439473 2318.6617035736563 693.19348220748361
leaf_count=13458 3660 62 3505 13287 8197 3557 574 16771 6928 417441 25 1490 11716 2976 176 535 4238 9938 100 26 2163 241 12 39273 19914 36423 1377 13812 37170 14957
internal_value=-1.81065e-05 -0.000100842 -0.0127834 0.000296455 0.000367743 0.0243332 0.000156256 -0.0119467 -0.00885863 0.000461646 -0.0146818 -0.020727 0.00469517 -0.0305049 -0.129948 -0.224339 -0.016462 -0.0290995 -0.0702484 -0.0826083 0.0486637 0.0640489 0.268929 0.000473901 -6.86832e-05 -0.012786 -0.000375992 0.0104238 0.00698259 0.0172283
internal_weight=52494.3 52416.6 1592.14 50824.4 50762.4 444.043 50318.4 1238.42 1176.18 49079.9 1550.99 1182.17 368.811 169.609 44.4278 19.5405 1137.75 630.97 101.348 93.6143 184.257 148.491 4.52329 49078.1 45301.6 2109.46 950.419 782.894 3776.48 1457.82
internal_count=684002 670544 38385 632159 618872 14170 604702 24273 23699 580429 34725 16402 18323 6607 736 560 15666 11428 3102 3002 10613 8450 253 580367 488967 71526 35103 15189 91400 54230
is_linear=0
shrinkage=0.1


Tree=77
num_leaves=31
num_cat=0
split_feature=6 10 1 11 10 12 5 4 3 1 10 6 12 10 6 3 11 6 5 1 8 3 6 12 3 4 12 6 6 10
split_gain=24.0017 44.3942 25.0263 47.7874 62.0611 63.3352 38.8085 42.7606 36.0217 39.7207 72.6158 34.6197 29.7259 58.8011 36.3437 28.9332 28.223 38.1137 27.8452 25.9338 23.5805 22.9708 94.0792 47.0907 56.2152 90.0169 72.3042 81.5601 49.937 49.7721
threshold=0.034451829269528396 -0.092008106410503374 0.19435293972492221 0.13443139940500262 -0.0028173774480819698 0.23733336478471759 0.073956441134214415 0.18771086633205417 0.20805617421865466 0.16784317791461947 -0.019293874502182003 0.05807266756892205 0.25050981342792517 0.024328783154487613 0.077686980366706862 0.15519562363624576 0.12172552570700647 0.1053450293838978 0.052405629307031638 0.38949023187160497 0.029958160594105724 0.22750880569219592 0.092397708445787444 0.31921572983264929 0.28268714249134069 0.29227179288864141 0.38431374728679663 0.09757524356245996 0.072928484529256835 -0.066004000604152666
decision_type=2 2 2 2 2 2 2 2 2 2 2 2 2 2 2 2 2 2 2 2 2 2 2 2 2 2 2 2 2 2
left_child=1 -1 3 6 8 11 15 -8 9 10 -5 -6 13 -4 -15 18 17 -14 -2 -19 -11 22 -18 28 25 -25 27 -26 -23 -27
right_child=2 -3 12 4 5 -7 7 -9 -10 20 -12 -13 16 14 -16 -17 21 19 -20 -21 -22 23 -24 24 26 29 -28 -29 -30 -31
leaf_value=0.050192592169358043 -0.001247314667838976 0.0045647737061060428 0.036825484478055989 0.011803582706663363 -0.10468563397400098 -0.0072714056542424093 0.060184251005653937 0.0036988258794083267 -0.025950492416982884 0.027354993515316478 -0.11536939972685333 0.0055901385271614279 -0.041846240027345966 -0.032761326760442577 0.071937133821679392 -0.017019907596213749 -0.00023291611814275234 0.0044737471368894565 0.043965999874556863 -0.023262890019133883 -0.33939408744559124 -0.0014263147188500244 0.050638040467825322 0.0068890276790789379 -0.0054485376155362338 0.019349352527099076 0.00075365219487650908 -0.042043518227897016 -0.028156022426122203 0.094162793941471618
leaf_weight=222.67116931104101 716.08340823464096 5034.0180738966446 577.33513557119295 143.21401407662779 200.07389364391565 159.79566777125001 204.0274416655302 390.58776372252032 698.85533006303012 398.84660039329901 65.404804188758135 33.191186428070068 354.89460344240069 246.67342058941722 38.303179953247309 1084.2299370623659 1789.2100400617346 952.44733819225803 168.20953055727296 521.77072609588504 1.7608703644946206 1669.330853657797 456.24336578091606 4402.476577617228 2231.8728448739275 167.39283130690455 27291.398676732788 837.57961814012378 1202.334721153602 189.70337099395692
leaf_count=9146 19235 61020 5760 2044 1099 727 6770 8133 5601 4589 306 160 2970 1116 249 16726 10855 8357 7978 2513 27 10324 3924 27610 26851 1588 418292 11039 7416 1144
internal_value=8.79341e-05 0.00649755 -0.00062601 -0.00793254 -0.0209267 -0.0557707 0.000691645 0.0230804 -0.0104566 0.00731673 -0.0280669 -0.0889945 9.97722e-05 0.0184791 -0.018689 -0.00607114 -0.000276979 -0.0124256 0.00735313 -0.00534309 0.0257429 0.000275273 0.0101033 -0.000305596 0.000701122 0.0108057 -0.000882947 -0.0154344 -0.0126177 0.0590932
internal_weight=52449.9 5256.69 47193.2 4264.28 1701.14 393.061 2563.14 594.615 1308.08 609.226 208.619 233.265 42929 862.312 284.977 1968.52 42066.7 1829.11 884.293 1474.22 400.607 40237.5 2245.45 37992.1 35120.4 4759.57 30360.9 3069.45 2871.67 357.096
internal_count=683569 70166 613403 73395 14553 1986 58842 14903 12567 6966 2350 1259 540008 7125 1365 43939 532883 13840 27213 10870 4616 519043 14779 504264 486524 30342 456182 37890 17740 2732
is_linear=0
shrinkage=0.1


Tree=78
num_leaves=31
num_cat=0
split_feature=10 8 9 10 11 4 7 11 10 11 12 6 4 7 7 8 10 9 7 5 6 9 7 6 10 9 12 10 12 12
split_gain=23.2856 20.3141 19.5416 34.5592 22.5796 24.4642 37.7231 20.8061 19.4069 18.7015 23.9329 36.4574 40.7181 16.3317 15.795 15.4123 44.572 70.6481 37.3799 46.4494 35.6484 35.1639 34.3434 33.1677 34.5154 43.1198 30.8947 30.1614 30.15 29.0883
threshold=0.18850415945053103 0.069528978317976012 -0.19038075953721997 -0.23229044675827024 0.093176484107971205 0.095599185675382628 0.11488572135567666 0.25145100057125097 -0.2467263117432594 0.57317647337913524 0.80172559618949901 0.084257822483778014 0.61633983254432689 0.17811770737171176 0.10127554088830949 0.012201082427054645 -0.013039086014032362 -0.022334530949592587 0.05655173026025296 0.033514287322759635 0.04380008019506932 0.0089307576417922991 0.060360025614500053 0.066344771534204497 0.016247384250164035 0.010816618800163271 0.56345102190971386 0.011302389204502107 0.37694120407104498 0.23043141514062884
decision_type=2 2 2 2 2 2 2 2 2 2 2 2 2 2 2 2 2 2 2 2 2 2 2 2 2 2 2 2 2 2
left_child=1 2 8 7 5 6 -5 -4 -1 10 15 12 -12 -3 -2 16 17 -6 19 -19 -17 -18 -22 24 25 -24 28 29 -26 -23
right_child=14 13 3 4 9 -7 -8 -9 -10 -11 11 -13 -14 -15 -16 20 21 18 -20 -21 22 27 23 -25 26 -27 -28 -29 -30 -31
leaf_value=-0.0011289449043038146 -0.063538157689336655 0.040328755258973975 0.017490924391342737 0.06907505813325987 -0.0057334945946600257 -0.017677212828774918 -1.8543059648767919 0.073409020643101883 -0.030026780236098463 -0.066769635957501836 1.2464874062829532 0.031026944537548479 -0.10101545008285749 0.0078951058395828923 -0.013080941713141489 0.015177278849697296 -0.014087568675556614 0.016099669207451678 0.0037461476474654771 0.056495254828914425 -0.013361645824076585 0.043893879736700919 0.014520826649156918 0.00045123804077415577 0.020337026523451162 -0.027593805265288093 -0.0062168984007740643 -0.0053674591525532632 0.069413759840231279 0.0045483356348708821
leaf_weight=504.35087441303767 68.555389081244357 176.15113205742091 414.90098600508645 38.039263290120289 3647.013878934551 1003.0879772077315 0.10224499925970931 79.2505237236619 430.98276743525639 41.665652323747054 0.51879852171987195 211.46076674154028 0.39497256930917501 1308.6499022378121 652.8213892460335 1774.2855818097014 3902.9762473502196 1242.2039592436049 1590.3823013361543 369.2681310470216 1666.4483590114396 239.1907829423435 1038.9741790939588 25706.147248423891 252.09846644476056 317.3791316091083 156.33526381617412 4540.3599378236104 248.64582793507725 876.26375602860935
leaf_count=7705 3077 1381 12155 7263 39555 29369 7 375 2461 15186 32 8685 62 8835 13040 24053 53375 15848 16171 4672 24683 1827 11090 302317 1523 2608 8850 58934 2492 6788
internal_value=-3.3492e-05 0.000215095 -0.000125242 0.000146111 -0.000119989 -0.0146882 0.0639191 0.0264589 -0.0144445 0.000197205 0.000255602 0.0337506 0.664037 0.0117429 -0.0178761 0.000106059 -0.00237453 0.00378291 0.0146224 0.0253563 0.00141223 -0.00678633 0.000581114 0.00141933 0.0137792 0.00466624 0.0325904 -0.00174787 0.0447062 0.0129853
internal_weight=52498.9 51777.5 50292.7 49357.4 48863.2 1041.23 38.1415 494.152 935.334 47822 47780.3 212.375 0.913771 1484.8 721.377 47568 16407.7 6848.87 3201.85 1611.47 31160.3 9558.79 29386 27719.6 2013.43 1356.35 657.08 5655.81 500.744 1115.45
internal_count=684419 668302 658086 647920 635390 36639 7270 12530 10166 598751 583565 8779 94 10216 16117 574786 197170 76246 36691 20520 377616 120924 353563 328880 26563 13698 12865 67549 4015 8615
is_linear=0
shrinkage=0.1


Tree=79
num_leaves=31
num_cat=0
split_feature=11 4 12 2 11 4 10 1 10 12 10 12 6 6 4 12 4 2 10 1 2 12 10 2 11 8 10 4 1 4
split_gain=20.5513 26.3304 22.7775 24.1192 56.0621 22.0425 33.4599 30.3776 27.8357 20.8444 18.9189 17.57 34.3974 22.5687 108.15 55.2621 66.1792 46.1407 68.9777 44.1168 42.7639 40.4222 91.494 51.8416 30.81 30.7718 29.706 29.7434 32.8521 29.661
threshold=0.52627459168434154 0.63112404942512523 0.7037646770477296 0.47415335476398474 0.26729412376880651 0.47470933198928839 0.05307151377201081 0.51529416441917431 -0.02876416593790054 0.59184303879737865 -0.40131054818630213 0.6036079227924348 0.18548549711704257 0.099883940070867552 0.23389915376901629 0.41866673529148107 0.26254281401634222 0.32834221422672277 -0.11075636744499205 0.2726274579763413 0.29405279457569128 0.33749021589756018 -0.083515599370002733 0.26945392787456518 0.16815689951181415 0.02439531218260527 0.028983160853385929 0.25169268250465399 0.21349019557237628 0.30313040316104894
decision_type=2 2 2 2 2 2 2 2 2 2 2 2 2 2 2 2 2 2 2 2 2 2 2 2 2 2 2 2 2 2
left_child=2 -2 3 10 -5 -6 7 -7 9 -9 -1 13 -13 21 25 16 -16 18 -17 -19 -20 22 -12 -23 -25 -15 29 28 -28 -24
right_child=1 -3 -4 4 5 6 -8 8 -10 -11 11 12 -14 14 15 17 -18 19 20 -21 -22 23 26 24 -26 -27 27 -29 -30 -31
leaf_value=0.069196360030397752 0.00033188454753864936 -0.083845671052848181 0.0086403492952593624 -0.033738193659177511 0.0066943026542076499 -0.012636755463232122 -0.028080636772727204 0.20461881383305106 0.0035018094426475161 0.042056288433016051 0.027755955335674244 0.01798790157932198 -0.0026440471148136218 0.045028276670094271 0.0078206066893007336 -0.0077910766806338827 -0.022603810489155815 -0.045401134468891845 0.060255016594033373 -0.0037082253564423486 0.016573864714768495 0.026633929506943876 -0.0021271664864145122 -0.035968703223048001 0.004601962622347096 0.0070097840955545962 -0.026827609967654115 -0.034158753612568475 -0.0007885203570453911 0.045458826685968678
leaf_weight=39.801290204515681 84.000136254006065 66.63731162971817 2936.3521438443568 684.0240420550108 1522.6941993557848 1012.5946928104386 648.86435967148282 8.304320299997924 556.56087768473662 157.21367620304227 975.33505038544536 1562.5455398131162 1673.515434068162 551.28380333562382 934.28462256235071 1016.4906285549514 3045.468644056702 261.84936159290373 301.53420301526785 8248.8901381948963 873.03126364760101 1108.2057184793521 11055.731295090634 190.94057405367494 9513.0556745170616 346.83317496324889 673.92376812919974 536.23808283731341 1723.9776093699038 132.55731042288244
leaf_count=2751 17640 23487 60258 3194 21104 28676 37032 140 25670 3470 36886 9788 9661 6267 5951 10381 36439 1468 1645 84103 6229 8628 98343 1130 119632 4014 3399 6170 8907 1496
internal_value=-2.24762e-05 -0.0369056 8.37728e-05 -0.000425289 -0.00732874 -0.00270415 -0.00870824 -0.00146189 0.014209 0.0502123 0.000282591 0.000221265 0.00731818 -0.000332272 -0.00334 -0.0054007 -0.0154614 -0.00165936 0.0112817 -0.00499099 0.0277877 0.00147627 -0.00186627 0.00614368 0.00380367 0.0303464 -0.00391207 -0.012868 -0.00810674 -0.00156337
internal_weight=52442.7 150.637 52292.1 49355.7 4590.26 3906.23 2383.54 1734.67 722.079 165.518 44765.5 44725.7 3236.06 41489.6 15579.7 14681.5 3979.75 10701.8 2191.06 8510.74 1174.57 25910 15097.8 10812.2 9704 898.117 14122.4 2934.14 2397.9 11188.3
internal_count=683959 41127 642832 582574 119286 116092 94988 57956 29280 3610 463288 460537 19449 441088 156497 146216 42390 103826 18255 85571 7874 284591 155201 129390 120762 10281 118315 18476 12306 99839
is_linear=0
shrinkage=0.1


Tree=80
num_leaves=31
num_cat=0
split_feature=10 3 5 1 10 6 6 10 1 12 10 1 3 1 11 6 5 2 3 11 12 11 2 12 3 12 6 3 10 1
split_gain=16.8699 16.0057 73.7998 57.3797 38.2029 25.559 35.2848 29.6354 37.157 24.3929 23.5802 56.7632 31.5088 20.094 19.4598 18.7869 18.1277 21.7049 17.5613 42.5317 42.5186 29.9942 38.5975 26.9866 28.9572 23.8597 27.491 27.2221 23.2005 28.905
threshold=-0.40131054818630213 0.20094230026006701 0.083270359784364714 0.1916862949728966 -0.11722159385681151 0.030880845151841644 0.018638677895069126 0.0092249214649200457 0.16517647355794909 0.29427452385425573 -0.012301385402679442 0.14274511486291888 0.15519562363624576 0.20650980621576312 0.12368629127740861 0.082744058221578612 0.094288919121027007 0.43451650440692907 0.46279905736446386 0.21929415315389636 0.59419611096382152 0.29929412901401525 0.47664874792099005 0.62203922867774974 0.51989790797233593 0.74949032068252575 0.22729782760143283 0.62309870123863231 0.072882264852523818 0.60250988602638256
decision_type=2 2 2 2 2 2 2 2 2 2 2 2 2 2 2 2 2 2 2 2 2 2 2 2 2 2 2 2 2 2
left_child=-1 2 4 -3 -2 6 7 8 10 15 11 -6 -12 -9 16 -4 -5 -18 20 -20 -16 22 -22 -21 -25 26 28 -27 29 -26
right_child=1 3 9 14 5 -7 -8 13 -10 -11 12 -13 -14 -15 18 -17 17 -19 19 23 21 -23 -24 24 25 27 -28 -29 -30 -31
leaf_value=0.064824679552803355 0.05185974606475971 -0.02028584853549277 0.019269102618168315 -0.028386489609163387 -0.025160012293297569 -0.0045686535096454333 0.025363606036170577 -0.05064397984393354 0.050149287739835346 -0.0018613275485549361 -0.0087521625961299119 0.083527195690109135 -0.092871821516999811 0.070018164646214173 0.00024342602457322985 0.070380396217623972 -4.6573095900279975e-05 -0.039716512086123638 -0.029973945486210504 -0.011460891188406999 0.013473128373660893 0.031128026089397461 -0.01578430823874746 0.01021649246138258 -0.0072821599073002591 0.018549740160688891 -0.066108877023365167 -0.024053908012475103 -0.028088185413129265 0.03672947667715433
leaf_weight=40.159298959886655 147.34577135532163 1438.3007986545563 100.26803674711846 421.0042180288583 123.71619314979762 3488.2898200554773 807.88960818201303 162.49270936753601 145.06174052599818 91.991488487459719 183.10075155366212 78.567804714664817 58.837061800062656 15.082496054470537 32150.95959281316 254.32365720858797 1195.6009915834293 155.90759888291359 577.71134822815657 2063.7720820393879 2168.6047572158277 660.73658634442836 569.2727661319077 2368.2802628662903 1266.1255692127161 673.98777808900923 86.055467119673267 192.90424130402971 451.37066609540489 169.16066642594524
leaf_count=2761 15773 15978 1665 3297 4143 46587 11635 928 1521 1741 1412 1227 266 86 311131 6396 8583 668 2606 52177 10702 5927 2593 27554 47641 16097 1749 33202 35452 12080
internal_value=3.64877e-05 -1.32925e-05 0.0050098 -0.000622939 0.00166591 0.00020516 0.0107798 -0.00458425 0.00620713 0.0440237 -0.0081423 0.0170545 -0.0292093 -0.0403954 3.14576e-06 0.0559276 -0.0102671 -0.00462283 0.000422608 -0.00385832 0.00136784 0.0120048 0.00738978 -0.00178352 0.00205142 -0.0047584 -0.0108349 0.00906941 -0.00831372 -0.00209501
internal_weight=52306.9 52266.7 5656.97 46609.8 5210.38 5063.04 1574.75 766.859 589.284 446.583 444.222 202.284 241.938 177.575 45171.5 354.592 1772.51 1351.51 43398.9 7849.37 35549.6 3398.61 2737.88 7271.66 5207.88 2839.6 1972.71 866.892 1886.66 1435.29
internal_count=683578 680817 93380 587437 83578 67805 21218 9583 8569 9802 7048 5370 1678 1014 571459 8061 12548 9251 558911 228558 330353 19222 13295 225952 173775 146221 96922 49299 95173 59721
is_linear=0
shrinkage=0.1


Tree=81
num_leaves=31
num_cat=0
split_feature=8 6 3 12 3 11 1 11 12 4 3 11 3 4 11 3 4 6 12 12 4 11 12 3 3 4 6 4 6 12
split_gain=22.2454 29.9804 43.4278 36.6336 29.9165 48.6746 36.5562 27.8799 24.9302 24.5523 47.7672 41.3902 52.3849 39.0989 34.1309 24.3722 81.3721 43.5672 48.3215 43.0092 44.9537 38.2214 32.6595 43.2197 40.5735 77.2942 67.017 36.6933 41.9897 52.668
threshold=0.061550367623567588 0.16924517601728442 0.40893195569515234 0.57396087050437938 0.4317948073148728 0.25678430497646337 0.44439214468002325 0.30235294997692114 0.62886276841163646 0.39443075656890875 0.36796902120113378 0.20298043638467791 0.38388635218143469 0.37578992545604711 0.22541176527738574 0.32089267671108251 0.32570192217826849 0.10961935669183732 0.39388237893581396 0.46415694057941442 0.31925742328166967 0.15701963752508166 0.36564710736274725 0.28942292928695684 0.28610578179359442 0.29701891541481024 0.031522674486041076 0.29058845341205602 0.10067966952919961 0.4089412540197373
decision_type=2 2 2 2 2 2 2 2 2 2 2 2 2 2 2 2 2 2 2 2 2 2 2 2 2 2 2 2 2 2
left_child=1 3 -3 7 -5 6 -6 9 -4 10 13 -11 -13 15 -15 16 22 18 -17 20 -19 -18 24 -24 25 -1 -26 -25 -29 -30
right_child=-2 2 8 4 5 -7 -8 -9 -10 11 -12 12 -14 14 -16 17 21 19 -20 -21 -22 -23 23 27 26 -27 -28 28 29 -31
leaf_value=-0.0010273435264782705 0.0091680450492874349 0.0056646807478845096 -0.021538070797717416 0.024769629312376557 0.005778234181141418 0.0086477194194748887 -0.051760826149561769 -0.0088255595042053478 -0.0065808051732998201 -0.013298116199972296 -0.019633171322807431 0.047284739172319512 0.0081490884687834327 0.0048800274646251945 0.061276381510560023 -0.022230732382566884 -0.008137482929465192 0.016196239977298268 0.0097833806907776655 -0.00012024459695609879 -0.040190769806072557 0.044967310226867098 0.018743762885029866 0.019546956487115456 0.022690731899073221 0.056473562993140727 -0.026209164578926303 0.0070293257431618536 -0.044477122654446345 0.0010682121765017952
leaf_weight=17863.885927236872 2521.1546472528717 2099.0250839288346 1649.2779604210518 925.71904148068279 198.27424716576934 3713.4262910429388 249.18600844591856 3658.523388663074 3435.7146343556233 615.8771462298464 1243.7556646810845 430.49333171267062 1664.3834618665278 239.32455963292159 194.54284247197211 633.63023810926825 174.99169173208065 167.22997874300927 1842.2869458254427 734.22710575535893 914.88766942732036 601.02443051990122 1998.9993639860768 675.20952750183642 351.57864030729979 236.87445670110174 1381.720637739636 1014.1132319467142 508.52284747455269 507.0698074689135
leaf_count=175279 18946 13013 19781 5184 969 123697 1106 75684 79416 4734 13149 2468 10389 1922 1647 13436 3092 2303 22187 5636 16567 5280 15456 5138 6225 2358 17443 10517 7221 4293
internal_value=3.26636e-06 -0.000459556 -0.00643675 0.000545136 0.00851058 0.00489325 -0.0262647 -0.000530925 -0.0114321 0.000361748 -0.000429342 0.00949144 0.0161914 0.000365758 0.0301677 -7.09779e-05 0.00111048 -0.00703874 0.00159041 -0.0188014 -0.0314767 0.0329922 0.000102219 0.00759359 -0.00167446 -0.000274862 -0.0162904 -0.000646657 -0.00736434 -0.021737
internal_weight=52444.9 49923.8 7184.02 42739.8 5086.61 4160.89 447.46 37653.2 5084.99 33994.6 31283.9 2710.75 2094.88 30040.1 433.867 29606.3 25314 4292.26 2475.92 1816.34 1082.12 776.016 24538 4703.91 19834.1 18100.8 1733.3 2704.92 2029.71 1015.59
internal_count=684536 665590 112210 553380 130956 125772 2075 422424 99197 346740 329149 17591 12857 316000 3569 312431 252302 60129 35623 24506 18870 8372 243930 42625 201305 177637 23668 27169 22031 11514
is_linear=0
shrinkage=0.1


Tree=82
num_leaves=31
num_cat=0
split_feature=10 2 7 6 7 4 7 4 12 6 12 10 7 10 1 7 10 1 4 7 4 6 12 4 10 1 4 7 4 4
split_gain=23.336 28.2059 26.5297 16.3987 39.5911 48.8595 38.1541 36.389 45.1206 34.6586 38.9117 34.3817 32.9057 56.5544 59.2982 42.8221 35.0778 31.6765 31.785 30.3985 51.4999 41.1446 38.1315 28.4023 29.7805 50.0612 26.7031 26.5312 146.139 41.7063
threshold=0.12429918348789216 0.32978442311286932 0.13577167689800265 0.032690731808543212 0.039218042045831687 0.20000401884317401 0.04463151469826699 0.26454077661037451 0.1692549213767052 0.042808121070265777 0.17835293710231784 -0.072451479732990251 0.020993687212467197 0.01274218410253525 0.17050982266664508 0.031098756007850174 -0.024358019232749935 0.20878430455923083 0.15250105410814288 0.067127313464880004 0.43370354175567633 0.064382996410131468 0.21631377190351489 0.15250105410814288 -0.0064177140593528739 0.15694119036197665 0.14058479666709903 0.025444574654102329 0.30161103606224066 0.3122378289699555
decision_type=2 2 2 2 2 2 2 2 2 2 2 2 2 2 2 2 2 2 2 2 2 2 2 2 2 2 2 2 2 2
left_child=3 2 -2 4 5 12 7 8 -5 -8 -11 -7 13 14 16 -14 -1 18 -15 20 -12 -21 -23 26 25 -25 -18 28 -13 -30
right_child=1 -3 -4 6 -6 11 9 -9 -10 10 19 27 15 17 -16 -17 23 -19 -20 21 -22 22 -24 24 -26 -27 -28 -29 29 -31
leaf_value=0.056187581300727873 -0.048579819731580091 -0.0057042092860406495 0.044918339788691919 -0.050565969801443504 0.024714708283090452 0.042760342191377802 0.01565195051214447 -0.028838425476144194 0.0018519677282167616 0.051218646363565205 -0.0051995750428577847 -0.050745296641975385 0.0449840925608447 -0.014761833792687432 0.084723798341169776 -0.0035185146280627098 -0.040391164439162075 0.093743618242209586 -0.11069425150894206 0.014412861141265979 -0.04806847054944529 0.05195333428219049 -0.00040271887534551779 -0.066228502189728353 -0.091899895470330728 0.11107251277131665 0.029349363102944805 -0.0056832387195862033 0.28966062712589563 0.06354715354288859
leaf_weight=88.807770468760282 272.08029083628207 2140.8101557308109 34.157681375741959 183.7700730082579 901.93810667702928 123.25184660893865 1435.3468788580503 866.50857058283873 1543.2797640908975 146.90402926760726 4322.6396563651506 392.7639945987612 541.12142073526047 61.692588261328638 97.869723443873227 274.29906315077096 80.921988073270768 13.169724985957144 78.464610919356346 2044.3396145062288 299.66129812842701 139.67514512850903 34212.011186911259 43.225837122648954 75.813685812056065 25.214251343160868 170.74929045513272 1579.1243263261858 15.292397869750856 17.483410122804344
leaf_count=4737 2465 53457 234 4213 12148 2314 21759 20359 11385 12739 36311 2747 10087 438 1031 3869 1593 73 390 25899 25124 5684 402699 201 349 232 823 19526 243 463
internal_value=-0.000230891 -0.0097648 -0.0381511 0.000237814 0.00593879 0.00133605 -0.000340078 -0.0121158 -0.00372566 0.00037684 -0.000155772 -0.00850341 0.0148324 -0.000498014 0.0137232 0.0286683 -0.000612087 -0.0545351 -0.068468 -0.000339765 -0.00797874 0.000630386 -0.000189837 -0.0133525 -0.0487297 -0.000908418 0.0069251 -0.0116552 -0.0338166 0.169046
internal_weight=52222.4 2447.05 306.238 49775.3 4581.2 3679.27 45194.1 2593.56 1727.05 42600.6 41165.2 2127.92 1551.35 735.929 582.603 815.42 484.733 153.327 140.157 41018.3 4622.3 36396 34351.7 395.925 144.254 68.4401 251.671 2004.66 425.54 32.7758
internal_count=683592 56156 2699 627436 61264 49116 566172 35957 15598 530215 508456 25293 23823 9867 8966 13956 7935 901 828 495717 61435 434282 408383 3198 782 433 2416 22979 3453 706
is_linear=0
shrinkage=0.1


Tree=83
num_leaves=31
num_cat=0
split_feature=10 9 7 10 9 7 8 5 11 3 7 5 7 9 5 7 12 3 3 10 8 5 7 6 3 12 7 11 1 3
split_gain=18.0344 22.6946 15.8513 14.7889 18.3521 18.5568 14.8401 21.1114 18.3968 27.3559 30.4933 26.7388 33.8656 24.2092 20.0073 18.5876 28.3092 26.332 82.4551 52.8878 108.817 55.5322 31.0099 20.9102 16.6698 73.575 43.6618 49.3128 35.3214 33.6628
threshold=-0.36187195777893061 -0.27180977165699 0.23869661986827853 -0.26389952003955836 -0.20979494601488111 0.13363195955753329 0.073349330574274077 0.17977582663297656 0.096000019460916533 0.14994433522224429 0.078332621604204192 0.041919779032468803 0.034319492056965835 -0.061291083693504327 0.024658707901835445 0.043012928217649467 0.1692549213767052 0.09620727971196176 0.11378285288810731 -0.041646108031272881 0.0077551407739520082 0.035388166084885604 0.04194550774991513 0.032123731449246413 0.35633343458175665 0.44125494360923773 0.059075068682432182 0.21145100146532061 0.32188241183757788 0.43957136571407324
decision_type=2 2 2 2 2 2 2 2 2 2 2 2 2 2 2 2 2 2 2 2 2 2 2 2 2 2 2 2 2 2
left_child=-1 2 -2 -3 5 -5 8 -8 9 11 13 12 -6 14 -11 16 17 -14 19 -19 23 -22 -20 -21 25 -10 -26 29 -29 -28
right_child=1 3 -4 4 6 -7 7 -9 24 10 -12 -13 15 -15 -16 -17 -18 18 22 20 21 -23 -24 -25 26 -27 27 28 -30 -31
leaf_value=0.042723518218251065 -0.055771175034273035 0.017274330424487019 0.031472342959071781 -0.094586112058366145 0.034153657281404182 -0.016239247606996032 0.030380879458141798 0.0014742737686244867 -0.00041152314033474291 -0.045542272326732025 -0.01673562665275697 0.036592811783615599 0.063176174078566363 -0.060548056260220286 -0.3314651159578661 -0.01226943142901233 -0.005001678468958333 -0.20766971813263979 -0.082785814856881634 -0.98980258526862253 -2.3741691785944221 -0.76535965149851126 -0.4870161350642726 -0.10273581962365225 -0.024758892985087232 0.016047076412855167 -0.00798029813216505 -0.017109679225456777 0.0018480702518684847 -0.034829649311865933
leaf_weight=97.355117293540388 116.96421695966274 477.27934266766533 25.336856327019632 34.303388202562928 87.648743416881189 254.68450699746609 376.7160051263636 767.16892453364562 26156.386447558179 3.9125194894149882 775.5785759347491 187.50319725926965 5.3254566879477343 65.928827934898436 6.535050115082413 76.396197795635089 25.45829060790129 1.9373621903359888 24.988476813770834 0.36607685871422579 0.56513061141595233 0.34586067590862513 2.0537363374605766 0.96944755781441927 841.4295605259249 3030.8150704465806 2042.0684232264757 1051.5583041589707 15030.384829609655 605.40074267983437
leaf_count=5453 982 9693 244 201 8353 1483 2275 5235 247072 111 9949 13581 923 946 140 6049 307 160 324 19 37 26 33 58 40350 21590 9355 6874 289705 2639
internal_value=-0.000276257 -0.000356644 -0.0402374 -0.000247369 -0.00040989 -0.0255392 -0.000267963 0.0109941 -0.000525491 -0.012429 -0.0226725 0.00867345 -0.0144845 -0.08296 -0.22439 -0.0452857 -0.0859619 -0.142351 -0.177403 -0.590528 -0.920699 -1.76338 -0.113485 -0.345887 -0.000216537 0.00129755 -0.00247458 -0.00147345 0.00060847 -0.01412
internal_weight=52173.4 52076 142.301 51933.7 51456.4 288.988 51167.4 1143.88 50023.6 1265.51 851.955 413.558 226.055 76.3764 10.4476 138.406 62.0098 36.5515 31.2261 4.18388 2.24652 0.910991 27.0422 1.33552 48758 29187.2 19570.8 18729.4 16081.9 2647.47
internal_count=684167 678714 1226 677488 667795 1684 666111 7510 658601 41016 11146 29870 16289 1197 251 7936 1887 1580 657 300 140 63 357 77 617585 268662 348923 308573 296579 11994
is_linear=0
shrinkage=0.1


Tree=84
num_leaves=31
num_cat=0
split_feature=4 12 11 0 10 2 4 11 4 1 5 4 4 12 5 1 2 4 12 10 11 2 5 5 7 8 5 11 4 10
split_gain=16.1074 17.0085 16.9357 16.9295 16.7066 19.4557 21.0793 15.9075 47.2785 22.9862 16.6078 15.7249 15.5242 23.2227 21.355 17.318 15.4214 16.2725 15.4208 14.9122 15.7165 19.01 28.1333 19.5503 15.0665 19.6758 17.8281 37.8049 19.0697 56.4594
threshold=0.65639853477478038 0.79607847332954418 0.48627455532550817 0.63333335518836986 0.14193475246429446 0.35277916491031652 0.57868748903274547 0.41223531961441046 0.54679971933364879 0.59113726019859325 0.17846623808145526 0.64507895708084118 0.33987307548522955 0.65129414200782787 0.16165292263031009 0.60847070813179027 0.64488723874092113 0.61953586339950573 0.66023531556129467 -0.33216038346290583 0.093176484107971205 0.14122504740953448 0.083270359784364714 0.051754320040345199 0.02256127912551165 0.00090068241115659486 0.021083003841340545 0.082666687667369856 0.095599185675382628 -0.069114297628402696
decision_type=2 2 2 2 2 2 2 2 2 2 2 2 2 2 2 2 2 2 2 2 2 2 2 2 2 2 2 2 2 2
left_child=1 4 3 -2 19 -6 12 10 9 -9 -3 -12 -7 -14 15 -15 -10 -18 -4 -1 21 23 -23 24 -21 26 27 -26 29 -28
right_child=2 7 18 -5 5 6 -8 8 16 -11 11 -13 13 14 -16 -17 17 -19 -20 20 -22 22 -24 -25 25 -27 28 -29 -30 -31
leaf_value=0.028922053546010421 -0.040706235194021584 0.03221537744436169 1.4734402581971597 0.093401621975413324 -0.037016116723486703 0.022311910927475611 -0.077822250504020155 0.40196933915754152 -0.043337718903465605 0.13596689498273462 -0.013429941518126404 0.23870196801933796 -0.023547586846000133 0.065946847368170677 -0.010826329037287828 0.0094428258054598882 0.10603836900088502 -0.015283843033611175 -0.085594522052254027 0.057887269526431834 0.0003982070399762025 -0.044614502639303492 -0.0072914375982590296 0.048050519831780075 -0.17557341651301128 -0.010506253450879237 -2.7510167483366921 -1.8871242759569655 -0.013337039431906426 0.10060819549586777
leaf_weight=180.1316973764915 28.622607822762802 174.49355335533619 0.063530027866362526 14.025929548777638 231.97573821432889 198.1147565562278 39.266282887314446 3.949268200434747 27.002874059369788 18.310374945402145 193.40331298299134 2.5056681949645272 515.83799485838972 80.696109055774286 335.07996437582187 165.46588243497536 24.973518004175276 19.836826532147825 47.237567300559022 33.793531869538128 48505.882404525997 276.71672466257587 747.57150250673294 95.593587558250874 0.36044987873174195 233.86705304356292 0.10521161695942283 0.20102742547169328 1.6429201466962693 0.20415715919807542
leaf_count=8069 681 1284 13 591 2186 1249 6259 161 2000 714 1493 32 8852 1615 6181 4384 2763 3921 17289 5146 570903 5025 7985 7947 50 16996 29 13 117 36
internal_value=-1.83102e-05 5.46761e-05 -0.0422986 0.00339815 -0.000116665 -0.0102862 -0.00563956 0.0191052 0.0558271 0.183161 0.00977879 -0.0102052 -0.00345121 -0.00810361 0.00560254 0.0279658 0.0163581 0.052331 -0.0835006 0.000201448 9.77624e-05 -0.0103862 -0.0173745 0.00918345 -0.00456857 -0.0134974 -0.291777 -0.788365 -0.148959 -0.869186
internal_weight=52196.9 52107 89.9496 42.6485 51642.5 1566.44 1334.46 464.475 94.0729 22.2596 370.403 195.909 1295.19 1097.08 581.242 246.162 71.8132 44.8103 47.3011 50076.1 49895.9 1390.06 1024.29 365.768 270.174 236.381 2.51377 0.561477 1.95229 0.309369
internal_count=683984 665410 18574 1272 653042 30726 28540 12368 9559 875 2809 1525 22281 21032 12180 5999 8684 6684 17302 622316 614247 43344 13010 30334 22387 17241 245 63 182 65
is_linear=0
shrinkage=0.1


Tree=85
num_leaves=31
num_cat=0
split_feature=4 2 12 7 6 2 11 7 2 6 11 7 5 9 6 6 4 10 12 12 6 7 4 7 12 9 9 2 9 10
split_gain=15.454 15.2189 14.7598 40.9853 30.4303 28.7021 29.724 30.3235 28.8613 28.3517 29.8809 28.3163 36.7018 55.1572 44.4569 35.438 46.2799 29.9993 29.4841 26.8451 37.9464 30.7304 38.2939 36.5644 32.5109 26.0674 26.0484 29.1914 25.8767 39.6048
threshold=0.095599185675382628 0.21432512998580935 0.63827452063560497 0.075656630098819747 0.17726910114288333 0.50708153843879711 0.23937254399061206 0.19718209654092791 0.75704115629196178 0.1381865665316582 0.36682352423667913 0.12675550580024722 0.061372289434075362 -0.038564205169677727 0.12016874924302103 0.11571798473596574 0.23650879412889483 -0.09429538249969481 0.45678438246250158 0.56345102190971386 0.16924517601728442 0.18957005441188815 0.3108088225126267 0.15777492523193362 0.50462749600410473 0.058462738990783698 -0.15198418498039243 0.34017176926136022 -0.089283779263496385 -0.11722159385681151
decision_type=2 2 2 2 2 2 2 2 2 2 2 2 2 2 2 2 2 2 2 2 2 2 2 2 2 2 2 2 2 2
left_child=1 -1 9 -4 -5 -6 -7 -8 -9 11 19 15 13 17 -14 28 -17 -13 -18 21 25 22 -11 24 -24 -21 -25 -28 -2 -30
right_child=2 -3 3 4 5 6 7 8 -10 10 -12 12 14 -15 -16 16 18 -19 -20 20 -22 -23 23 26 -26 -27 27 -29 29 -31
leaf_value=0.069208770641710132 -0.013649908305345293 -0.74037380185957335 -0.056932021296580627 0.014161736634756041 0.0081258033737006893 -0.034817708280053192 -0.024558982189701484 0.0044753555329731876 0.33330919078131493 0.0072045935385871441 -0.031664826908135671 0.0075785333360875069 0.031686574654759297 -0.03699139319147874 0.0058926529613338198 0.03368676176424272 -0.027938116386474837 0.099253783952869323 -0.0012150162581915367 0.024145191216440789 -0.0048617341486448867 0.004167356959263525 -0.047782645160855869 -0.050235152142194421 -0.012112553082610663 -0.009447261038846173 0.01833123910532829 -0.013894371009390036 0.023673144758925745 0.00074867759211601085
leaf_weight=37.638903518905863 1195.6562945249025 0.23364051431417365 106.80340250546578 2562.6956888571149 2329.2474239878356 345.11541701853275 467.41212417162023 1292.4523613292258 2.674613894079811 684.09339167899452 412.20583661249839 218.56529193581082 929.88610865431838 384.700165245682 2374.3679657606408 191.00046746199951 1123.3714039940387 42.662295717746019 652.79109983006492 974.54649040801451 2602.8920483598486 1270.4100280709099 648.00456475559622 148.48289652867243 421.86424377560616 302.76689743623137 365.90107480995357 1212.7958160499111 774.34385348390788 28152.130076543312
leaf_count=7904 11942 2 24524 72161 14366 1541 26888 31564 216 5587 19260 4333 10368 1947 28600 1953 13186 228 8352 8193 19107 9724 10498 1090 4260 2108 2311 10449 20460 310915
internal_value=0.000358455 0.0642144 0.000312117 0.00454788 0.00548597 0.000474964 -0.00798026 -0.00272533 0.00515444 -0.000355557 -0.00536156 0.000900679 0.00888983 -0.0129113 0.0131516 -8.27822e-05 -0.0130868 0.0225504 -0.0181166 -0.00410546 0.0020658 -0.00914502 -0.0140032 -0.0191902 -0.0337174 0.0161826 -0.0101916 -0.00642531 0.000766461 0.00136235
internal_weight=52227.7 37.8725 52189.8 7106.4 6999.6 4436.9 2107.65 1762.54 1295.13 45083.4 9043.96 36039.5 3950.18 645.928 3304.25 32089.3 1967.16 261.228 1776.16 8631.76 3880.21 4751.55 3481.14 2797.05 1069.87 1277.31 1727.18 1578.7 30122.1 28926.5
internal_count=684037 7906 676131 171260 146736 74575 60209 58668 31780 504871 92587 412284 45476 6508 38968 366808 23491 4561 21538 73327 29408 43919 34195 28608 14758 10301 13850 12760 343317 331375
is_linear=0
shrinkage=0.1


Tree=86
num_leaves=31
num_cat=0
split_feature=1 0 3 7 6 7 6 4 1 5 12 10 1 12 10 2 3 0 10 4 4 6 0 12 3 7 3 4 3 4
split_gain=15.6284 14.1604 14.4562 28.6264 32.0687 27.1164 27.5088 24.2306 24.8021 21.4525 18.9455 18.3039 23.2724 18.1756 18.906 25.7295 54.636 17.9487 29.3513 17.8052 17.5119 17.1692 15.5595 15.1405 25.2915 23.3325 20.6253 18.1764 23.2272 48.4376
threshold=0.068313736468553557 0.13137255609035495 0.51989790797233593 0.066499605774879469 0.10375378280878068 0.18208870291709903 0.1926611736416817 0.53837484121322643 0.26478435099124914 0.091880068182945265 0.78086283802986156 0.086382761597633376 0.64313730597496044 0.66666677594184887 0.083407513797283186 0.6684817671775819 0.65667709708213817 0.53529414534568798 -0.0013975501060485838 0.49495030939579016 0.5575295388698579 0.15416113287210467 0.39019611477851873 0.66886278986930858 0.48817765712738043 0.19322148710489276 0.47013396024703985 0.49495030939579016 0.40658894181251531 0.39443075656890875
decision_type=2 2 2 2 2 2 2 2 2 2 2 2 2 2 2 2 2 2 2 2 2 2 2 2 2 2 2 2 2 2
left_child=-1 -2 7 -4 9 21 19 23 -9 11 -8 12 22 -14 -15 20 -17 -11 -19 -7 -16 -6 -5 24 27 26 -25 28 29 -3
right_child=1 2 3 4 5 6 10 8 -10 17 -12 -13 13 14 15 16 -18 18 -20 -21 -22 -23 -24 25 -26 -27 -28 -29 -30 -31
leaf_value=0.080368227203398368 -0.0064977832964091681 0.00030246210644297664 -0.060777110729392896 -0.062484178007871573 -0.0097488372447498261 -0.030179670519252563 -0.020755022510416842 -0.085166807111267256 0.026867250319450649 -0.013666866927748903 0.0082565781709917473 -0.018305964055878504 0.55885184158249646 0.081665574105463434 0.81557171057920197 2.69667211263127 -0.10088428019531864 0.7321606963905013 0.11272011434799112 0.021538544985468089 -0.10263600678689788 -0.039119815834905605 0.023730570553732448 0.050008767565843937 -0.014352587362167928 0.0026508392376865184 0.011601363618381863 0.015038914015817438 -0.0049489850739789934 0.013860193420831403
leaf_weight=24.264465981977992 3066.7177275131689 31377.115847862791 92.855634750565514 22.126305720768869 395.44069010321982 76.222832261119038 729.71497587999329 20.575098058208823 498.84076161216944 2.0100138597190371 325.49891665403266 126.74346777482424 0.89888667385094123 23.663311379263181 0.32649221923202165 0.14293725392781198 0.13645545183680952 1.3036056607961657 1.8512103079119695 525.49462703522295 0.57090478437021375 400.70668729639146 388.16053049557377 218.18366416357458 1149.6018441293854 1751.0528708631173 389.29515611939132 863.64826018270105 6821.0658434550278 2876.7730571399443
leaf_count=5296 54845 314145 23920 185 18279 1428 21278 141 3730 48 9695 9491 33 1843 12 15 35 30 130 23958 69 34477 13721 1201 29828 10593 4261 6931 72724 21863
internal_value=0.0001319 9.45651e-05 0.000506482 -0.00608744 -0.00440646 -0.0093639 -0.00207597 0.000953171 0.0224294 0.0170062 -0.0118059 0.0151443 0.0248676 0.117106 0.101121 0.492332 1.33035 0.219881 0.36868 0.0149871 0.231428 -0.0245315 0.0190811 0.000707717 0.000280686 0.0085092 0.0253959 0.000681806 0.000379931 0.00144109
internal_weight=52171 52146.7 49080 3113.87 3021.01 2453.08 1656.93 45966.2 519.416 567.934 1055.21 562.769 436.026 25.739 24.8401 1.17679 0.279393 5.16483 3.15482 601.717 0.897397 796.147 410.287 45446.7 43088.2 2358.53 607.479 41938.6 41075 34253.9
internal_count=684205 678909 624064 158647 134727 109115 56359 465417 3871 25612 30973 25404 15913 2007 1974 131 50 208 160 25386 81 52756 13906 461546 445491 16055 5462 415663 408732 336008
is_linear=0
shrinkage=0.1


Tree=87
num_leaves=31
num_cat=0
split_feature=9 10 7 9 11 10 1 12 11 4 10 1 10 9 4 5 6 1 5 10 10 7 9 10 1 4 6 7 6 7
split_gain=14.704 20.7014 17.4643 17.2198 19.2333 32.8002 22.153 19.9022 19.3057 17.762 38.235 40.6353 25.3401 22.7953 17.7562 15.93 14.8866 28.0595 14.4317 14.3179 18.8485 13.9844 13.9244 30.436 36.4611 33.966 27.9249 18.9728 22.386 16.9915
threshold=-0.27180977165699 -0.26389952003955836 0.22008619457483294 -0.16291435807943341 0.10133335366845132 -0.16413225978612897 0.12470589950680734 0.30603922903537756 0.32423533499240881 0.15250105410814288 -0.015267968177795408 0.16219610720872882 0.022142395377159122 0.025924652814865116 0.10898511484265329 0.060672102496027953 0.01227040868252516 0.094431396573781981 0.2267589941620827 -0.054652672260999673 -0.010076642036437987 0.22460180521011355 -0.09567773342132567 -0.072451479732990251 0.42917646467685705 0.33261139690876013 0.16131828725337985 0.067127313464880004 0.078401841223239913 0.15777492523193362
decision_type=2 2 2 2 2 2 2 2 2 2 2 2 2 2 2 2 2 2 2 2 2 2 2 2 2 2 2 2 2 2
left_child=2 -2 -1 21 14 7 19 -6 15 10 -8 -12 -13 -14 -5 -9 17 -16 -18 -7 -21 -3 23 25 26 27 -25 -11 -29 -30
right_child=1 3 -4 4 5 6 9 8 -10 22 11 12 13 -15 16 -17 18 -19 -20 20 -22 -23 -24 24 -26 -27 -28 28 29 -31
leaf_value=-0.053464520991641375 0.019603379521334573 -0.017474182621041317 0.0084510904674619872 0.032677397704855067 0.069025538055226029 0.020022568412365035 0.0502724707231538 -0.012871827806021117 0.054511036809222216 -0.16676758070797462 -0.011530396245266389 0.081356756223528892 -0.069781404029363267 0.036158157392189701 -1.1358772892655524 0.014550099336563647 -0.014211693355288615 -0.1223500782764516 0.029563393228624259 -0.080792966680671735 0.042581138041225562 0.014844343035289018 -2.917911351133363e-05 0.058744933426918111 -0.044335899948457512 -0.0093574552847910681 -0.0097656345331694136 0.028861176681596008 -0.077168814761593527 0.083547234406372795
leaf_weight=111.60812681796961 521.61661042436026 935.03542012348771 76.97740601724945 91.494034900795668 64.686886804178357 27.94431887101382 217.01171654602513 263.82919712737203 100.88079074211419 14.528706200420855 542.84187411144376 88.229500696063042 27.372022517025471 78.73410477116704 0.32337284367531482 1075.164757954888 1643.9078783947043 1.7589632566086946 78.927876660600305 79.24418711848557 14.676513630896805 156.26279463525862 43857.952634758141 178.36840855609626 71.852867165696807 1558.3600670215674 89.270685053896159 30.72899254411459 107.10940791666508 7.0087264142930499
leaf_count=1520 13788 5766 1040 15512 3303 923 4403 2335 572 138 3103 619 158 409 38 7088 30701 108 443 602 83 915 573345 1455 2738 11015 906 351 711 60
internal_value=-0.000319115 -0.000217886 -0.0281916 -0.000419022 -0.000149463 0.000228932 -0.000236421 0.0147631 0.0123253 -0.000125707 0.0133783 0.00251731 0.0417571 0.0088291 -0.0102521 0.00914701 -0.0125292 -0.279744 -0.0122062 -0.0428172 -0.0615139 -0.0128465 -0.000406341 -0.00844704 0.0189129 -0.0138544 0.0358933 -0.0578255 -0.0468982 -0.0672982
internal_weight=52113.7 51925.1 188.586 51403.5 50312.2 48495.8 46991.2 1504.56 1439.87 46869.4 954.189 737.178 194.336 106.106 1816.41 1338.99 1724.92 2.08234 1722.84 121.865 93.9207 1091.3 45915.2 2057.23 339.492 1717.74 267.639 159.376 144.847 114.118
internal_count=684148 681588 2560 667800 661119 614317 601019 13298 9995 599411 8692 4289 1186 567 46802 9423 31290 146 31144 1608 685 6681 590719 17374 5099 12275 2361 1260 1122 771
is_linear=0
shrinkage=0.1


Tree=88
num_leaves=31
num_cat=0
split_feature=1 9 10 9 7 5 0 7 10 1 7 5 1 3 10 1 2 1 10 10 2 12 1 9 5 2 12 10 3 3
split_gain=15.298 15.1724 22.5575 19.2755 24.9335 22.5566 21.892 18.0206 16.9911 23.216 17.2445 15.697 15.6267 14.8076 14.1567 14.6726 14.1485 22.7236 20.9246 15.5774 29.9906 14.1306 13.5194 13.0272 12.6492 12.573 12.2924 75.2702 53.6694 41.3811
threshold=0.068313736468553557 -0.27180977165699 -0.2467263117432594 -0.09567773342132567 0.10658761486411096 0.094288919121027007 0.060784317553043372 0.054677313193678863 -0.17984336614608762 0.36784319579601293 0.23033912479877475 0.052405629307031638 0.25631375610828405 0.61936458945274364 -0.072451479732990251 0.10305884853005411 0.57541713118553173 0.48062746226787573 -0.1051020324230194 -0.085437595844268785 0.46384711563587194 0.31670589745044714 0.18415686488151553 -0.20979494601488111 0.075499791651964201 0.54480633139610302 0.35019609332084661 -0.11722159385681151 0.29893310368061071 0.24359515309333804
decision_type=2 2 2 2 2 2 2 2 2 2 2 2 2 2 2 2 2 2 2 2 2 2 2 2 2 2 2 2 2 2
left_child=-1 13 12 4 6 14 11 -8 9 10 -7 -4 21 -2 15 -6 17 19 25 22 -21 -3 -10 -9 -25 -19 27 -5 -28 -29
right_child=1 2 3 26 5 8 7 23 16 -11 -12 -13 -14 -15 -16 -17 -18 18 -20 20 -22 -23 -24 24 -26 -27 28 29 -30 -31
leaf_value=0.08288242550822382 -0.03098658042394168 0.065862104331045876 0.042903267852294147 0.044636099865042023 -0.20685154445534085 -0.010196630442917548 -0.11200876680090566 -0.15848747944182717 -0.11773266956518319 0.04170349604534665 0.038732688991488066 -0.37116717540294314 0.033388061728509853 0.24968971137135881 0.049007394059318456 0.0068917559571076807 -0.072564311887490004 0.20205067304472971 0.0035451897433336371 0.026742398080339454 -0.047073681619030111 -0.0019337380354039137 -0.018286914398210719 -0.014284146240094574 -0.06620238514851344 0.0098266156775628465 0.011802505809645727 0.00093986420694672538 -0.00013412261002830744 -0.009333216510355501
leaf_weight=22.273325774236582 188.50043604336679 33.661956199910492 1.3050737464800466 344.2359665784752 3.2240068716928354 573.60703512886539 22.015893556294031 6.7189660966396323 13.820437583606688 133.44933172129095 82.374012710526586 3.0671644280664623 336.41223650146276 1.8985713943839062 84.53101144824177 834.81075899396092 40.47992011916358 11.855484519153835 26.284852320328355 203.09594109002501 75.502386455889791 354.62196861603297 1260.5754577508196 577.63144347595517 51.07663492159918 4.7724876003339878 4434.3849495789036 11426.860048430273 25017.282022178581 5969.3665889808908
leaf_count=5358 2220 3729 39 16191 195 3445 230 36 143 670 522 64 2494 10 601 5661 1993 85 588 1544 1600 7687 7815 4921 336 81 32868 109731 426183 47622
internal_value=2.49749e-05 -1.04357e-05 9.28812e-05 -0.000155079 -0.00681102 -0.00330544 -0.0245471 -0.0230639 -0.00836706 0.00368242 -0.00405239 -0.247571 0.0176121 -0.0281878 0.0100037 0.00606946 -0.01418 -0.0126991 0.0590847 -0.0146826 0.00673765 0.00394377 -0.0193654 -0.0199822 -0.018502 0.146879 0.000410516 -0.00166897 0.00166311 -0.00258526
internal_weight=52139.7 52117.4 51927 51202.3 4010.2 3348.38 661.815 657.443 2425.82 789.43 655.981 4.37224 724.696 190.399 922.566 838.035 1636.39 1595.91 42.9128 1552.99 278.598 388.284 1274.4 635.427 628.708 16.628 47192.1 17740.5 29451.7 17396.2
internal_count=684662 679304 677074 663164 30569 24943 5626 5523 18486 4637 3967 103 13910 2230 6457 5856 13849 11856 754 11102 3144 11416 7958 5293 5257 166 632595 173544 459051 157353
is_linear=0
shrinkage=0.1


Tree=89
num_leaves=31
num_cat=0
split_feature=8 5 11 1 5 7 11 9 10 4 7 4 7 5 12 11 11 11 7 4 11 4 12 1 4 10 8 9 7 11
split_gain=11.7728 17.2731 25.6238 16.0035 14.4733 32.4497 27.9738 24.0375 20.9251 30.4782 28.4573 23.0004 38.0084 23.5823 23.5205 20.4028 18.1528 17.7633 15.9755 16.3344 15.8391 36.3752 23.5978 21.1619 22.6352 20.7386 14.7625 14.4153 14.4152 20.2345
threshold=0.057937914505600936 0.17465885728597644 0.21929415315389636 0.53207853436470043 0.12964218109846118 0.1878461763262749 0.37396082282066351 -0.0061803758144378653 0.013458624482154848 0.26652947068214422 0.12220754474401475 0.32570192217826849 0.14924763888120654 0.1674085929989815 0.50462749600410473 0.17160786688327792 0.19262748211622241 0.28737257421016699 0.12484353035688402 0.23126562684774402 0.22964709252119067 0.40046477317810064 0.47466669976711279 0.46525494754314428 0.26254281401634222 0.065801560878753676 0.033222885802388198 0.054922118782997138 0.23401918262243274 0.36219610273838049
decision_type=2 2 2 2 2 2 2 2 2 2 2 2 2 2 2 2 2 2 2 2 2 2 2 2 2 2 2 2 2 2
left_child=4 2 -2 -4 -1 6 7 -6 16 18 -11 12 17 14 -13 -15 -9 -12 19 -10 23 22 -22 24 -7 -25 -24 -14 -23 -30
right_child=1 -3 3 -5 5 20 -8 8 9 10 11 13 27 15 -16 -17 -18 -19 -20 -21 21 28 26 25 -26 -27 -28 -29 29 -31
leaf_value=0.00051280415828831264 0.0037391045087336581 -0.00099460522255103594 0.022265148827450867 0.064209072944300005 -0.016208014102260412 -0.096811258430092348 -0.029689783852625419 -0.013090095147221828 0.05167224546235745 -0.053802669673328918 -0.012757539121398041 -0.033252883026411079 0.13494244788324508 0.1297721510823252 0.0081146990411004542 -0.039417673209560085 0.019409427316006811 0.19588616900042433 0.053849086265465945 -0.033498586095260699 0.21882144083654273 -8.0996398044250618e-05 0.050416081958685466 -0.036025701828770289 0.0053997013357036418 -0.0010981950626678255 0.010194469827568699 0.045117159335877399 0.010081106266763366 0.078635164194505391
leaf_weight=39330.347884153773 901.27501190151088 1632.2908901366172 420.21371314395219 116.09809812274761 1638.078335541999 22.128605474717915 604.57466406130698 228.44840401946567 36.006436852738261 149.13193915691227 211.9493818404153 194.42990044783801 22.606396762654185 7.2768035978078833 468.94541576318443 347.57376946043223 693.8955566380173 4.1605927320197216 113.17984218895435 60.107028145343065 6.8964632898569098 2421.4532415027497 200.57428329996765 355.53253848850727 1037.5092453537509 325.75993537157774 167.42034417390823 85.198783207684755 197.5347464941442 55.055109781562351
leaf_count=487361 5757 13757 2683 1921 18272 185 55155 1709 244 2614 2470 4672 225 32 6155 5031 5777 56 577 320 44 54715 1295 1539 5386 1453 981 465 1305 1653
internal_value=3.76065e-05 0.00604491 0.0140379 0.031345 -0.000338864 -0.00380804 -0.00955998 -0.00670385 -0.000768236 -0.00734621 -0.0123615 -0.00775678 0.0154532 -0.0151403 -0.0040098 -0.0359482 0.0113599 -0.00874069 0.0283892 -0.00159153 0.0020348 0.00638011 0.0355517 -0.00557525 0.00326521 -0.0193251 0.0321171 0.0639532 0.00229035 0.0250233
internal_weight=52055.7 3069.88 1437.59 536.312 48985.8 9655.43 4865.56 4260.99 2622.91 1700.57 1491.27 1342.14 323.915 1018.23 663.375 354.851 922.344 216.11 209.293 96.1135 4789.86 3048.93 374.891 1740.93 1059.64 681.292 367.995 107.805 2674.04 252.59
internal_count=683809 24118 10361 4604 659691 172330 103774 48619 30347 22861 21720 19106 3216 15890 10827 5063 7486 2526 1141 564 68556 59993 2320 8563 5571 2992 2276 690 57673 2958
is_linear=0
shrinkage=0.1


Tree=90
num_leaves=31
num_cat=0
split_feature=10 12 2 7 7 11 11 11 5 4 4 4 11 12 6 4 2 11 8 6 7 5 6 10 10 9 5 2 5 4
split_gain=16.3102 15.7574 18.1553 28.8201 37.7129 34.1281 19.6872 23.0399 17.4429 18.294 17.0264 16.8579 62.5963 23.5773 28.6862 31.7683 21.4625 19.0384 16.3789 18.7354 33.5955 32.3128 37.914 21.4719 18.8689 43.4869 18.9401 18.3878 19.1022 24.4479
threshold=-0.36187195777893061 0.7037646770477296 0.47415335476398474 0.071931883692741408 0.12396430969238283 0.39341177046298986 0.23529414087533954 0.42870591580867773 0.049241175875067718 0.61633983254432689 0.47470933198928839 0.54679971933364879 0.40988233685493475 0.78572559356689464 0.18954144418239596 0.37242276966571813 0.43730343878269201 0.24470591545104983 0.02582489233464003 0.17726910114288333 0.18528878688812259 0.20366555452346805 0.17460064589977267 0.023598179221153263 0.032174199819564826 0.026540607213974002 0.12499079853296281 0.59058496356010448 0.095120228826999678 0.57364276051521312
decision_type=2 2 2 2 2 2 2 2 2 2 2 2 2 2 2 2 2 2 2 2 2 2 2 2 2 2 2 2 2 2
left_child=-1 2 -2 -4 5 -5 -6 8 -8 -10 -9 12 16 14 15 -14 -3 -18 -13 20 -20 23 -23 -22 25 -25 27 -26 -29 -30
right_child=1 11 3 4 6 -7 7 10 9 -11 -12 18 13 -15 -16 -17 17 -19 19 -21 21 22 -24 24 26 -27 -28 28 29 -31
leaf_value=0.041440532564933907 -0.00047124422982970952 0.034450488161765928 -0.038772914676650283 -0.0032377754672718272 -0.032033087289965761 0.033312379415868419 -0.034971736145766839 0.029049002321895119 -0.0033385787117593997 0.11816640571611466 -0.048442568365503889 -0.021770257660753467 0.67358819498922018 0.1413822627394338 -0.014517968637881178 0.074253439378120414 -0.013670047181040991 0.010153014402927086 0.009685057434347312 -0.0051593007918316241 0.044790216261554418 -0.10169956736449746 1.4286308849860576 0.045530828293179233 0.039456014453686399 1.2884882518097927 0.093503649837158143 0.18577388082616972 1.3342344747881816 0.44954119910892038
leaf_weight=92.216084204264916 44355.933580617188 231.08988149277866 270.33926440798678 649.21413723565638 376.01059498637915 421.21431334875524 180.11788976937532 32.963201573118567 2398.3611422595568 12.455776025075464 202.77917875268031 335.09231819177512 0.89202548563480277 34.813053201884031 47.258252839092165 103.62777966097929 521.48326516896486 940.36600842233747 197.30222844670061 597.77323935169261 30.256727984640747 0.27630755107384075 0.39096878038253635 0.65577190159819909 1.1906094350852066 0.49315894953906536 11.021562608657403 0.98202826641500029 0.48486153548583366 0.87797635199967772
leaf_count=5501 457879 1314 30632 5628 1660 13283 993 1156 47215 204 25192 35440 12 1163 2423 5042 2265 8282 15267 21866 484 36 27 39 12 15 984 12 16 41
internal_value=-0.00057797 -0.000652549 -0.00108793 -0.00710844 -0.00510518 0.0111447 -0.0105364 -0.00767682 -0.00495354 -0.00271081 -0.0376071 0.00631336 0.01219 0.0671599 0.0501356 0.0793685 0.00613135 0.00165465 -0.00307252 0.00437125 0.0277266 0.104064 0.794948 0.0940342 0.1889 0.579049 0.158107 0.359504 0.522009 0.764292
internal_weight=52047.9 51955.7 48899.4 4543.46 4273.12 1070.43 3202.69 2826.68 2590.93 2410.82 235.742 3056.33 1879.53 186.591 151.778 104.52 1692.94 1461.85 1176.8 841.705 243.932 46.63 0.667276 45.9627 15.706 1.14893 14.557 3.53548 2.34487 1.36284
internal_count=684083 678582 583842 125963 95331 18911 76420 74760 48412 47419 26348 94740 20501 8640 7477 5054 11861 10547 74239 38799 16933 1666 63 1603 1119 54 1065 81 69 57
is_linear=0
shrinkage=0.1


Tree=91
num_leaves=31
num_cat=0
split_feature=10 2 4 7 9 5 11 10 8 8 2 6 7 2 7 6 11 4 8 10 6 10 7 5 2 4 8 7 9 11
split_gain=12.556 22.4266 18.3473 12.564 12.0101 17.1777 15.632 16.8581 14.1149 13.7487 14.6184 13.557 12.9351 13.2446 15.5919 23.1709 12.2798 12.0552 11.5134 30.1569 24.9827 29.1594 32.2951 26.1429 48.7598 55.2658 25.1257 24.4724 37.3599 21.0706
threshold=0.15335056185722354 0.33566688001155859 0.34441713988780981 0.12771848589181903 0.19167351722717288 0.17095748335123065 0.32078436017036444 0.18057170510292056 0.045560758560895927 0.016989168711006645 0.65331387519836437 0.21313293278217318 0.22008619457483294 0.7048773765563966 0.23869661986827853 0.20595411956310275 0.33788236975669866 0.50472778081893932 0.018654433079063896 -0.23229044675827024 0.079100318253040328 -0.02694258093833923 0.055916421115398414 0.059911359101533897 0.4112785011529923 0.3108088225126267 0.025199184194207195 0.10127554088830949 0.0021454989910125737 0.21458826959133151
decision_type=2 2 2 2 2 2 2 2 2 2 2 2 2 2 2 2 2 2 2 2 2 2 2 2 2 2 2 2 2 2
left_child=18 3 -3 -2 5 8 -6 9 -4 -8 11 -11 -7 -14 15 -15 -9 -12 19 -1 21 -20 -23 24 25 26 -24 -25 -29 -22
right_child=1 2 4 -5 6 12 7 16 -10 10 17 -13 13 14 -16 -17 -18 -19 20 -21 29 22 23 27 -26 -27 -28 28 -30 -31
leaf_value=0.031049274157585179 -0.069355391553439255 0.021029768772600654 -0.012186127968708375 0.0080713040101713252 -0.013664810956550217 -0.051790120478803492 -0.021047391999937576 0.1017875843523714 0.039560948942243074 0.08769923270280118 0.13794941922771295 0.38307396998694021 -0.01273716471860901 1.6495651427867366 0.0053422417431254242 0.29996701465885822 0.0031141867569387024 0.65008019593014033 -0.00150230994339012 -0.0014270849047570647 -0.002982182702818244 -0.0039168436468483862 0.017056430114142904 0.004372232439478132 0.0085636615771965911 0.09964415672623414 0.076432705382170729 0.45268673200342563 0.060274592970881405 0.0034219201341407035
leaf_weight=289.10781886125915 89.38128047902137 217.59992594644427 401.05378156749066 27.37710496969521 166.93372387439013 191.05899017537013 5.3636957961134639 14.662229932844637 60.688213126501068 11.322257440537213 0.81407209951430459 1.8010539337992657 106.80344690720085 0.171310958219691 0.87637841631658375 0.4942074881400913 90.202842249302194 1.0556955179199574 1378.7547567479778 25974.385071894503 9076.7060823034262 537.81358857068699 279.869748394005 576.38611608545762 411.46269194997149 179.4307812936604 95.61564373690635 2.8728634030558196 15.603482931619508 11838.292629708536
leaf_count=10135 813 1516 16488 176 800 7474 85 102 1306 150 16 19 1463 24 32 54 1891 30 13387 351343 62931 10204 1494 7156 14220 1507 469 38 205 179257
internal_value=0.000126251 -0.00925836 -0.0054051 -0.0512006 -0.0108662 -0.0174818 0.00636924 0.0330767 -0.00538485 0.116354 0.165508 0.128237 -0.0361378 -0.00853619 0.282455 0.647367 0.0169107 0.427105 0.00038333 -0.00106959 0.00194767 0.00979578 0.0172169 0.024497 0.0346496 0.0539919 0.0321763 0.00800369 0.12129 0.000642663
internal_weight=52044 1387.66 1270.9 116.758 1053.3 761.146 292.156 125.222 461.742 20.3568 14.9931 13.1233 299.404 108.345 1.5419 0.665518 104.865 1.86977 50656.3 26263.5 24392.8 3477.81 2099.05 1561.24 966.379 554.916 375.485 594.862 18.4763 20915
internal_count=684785 32439 31450 989 29934 26841 3093 2293 17794 300 215 169 9047 1573 110 78 1993 46 652346 361478 290868 48680 35293 25089 17690 3470 1963 7399 243 242188
is_linear=0
shrinkage=0.1


Tree=92
num_leaves=31
num_cat=0
split_feature=2 7 1 1 12 7 4 7 9 2 5 1 11 7 2 12 1 7 4 5 11 7 7 4 2 4 1 7 7 11
split_gain=14.3721 47.165 35.1058 29.673 25.8034 24.4353 28.4049 23.8129 39.3062 18.7103 40.9373 23.9071 21.0867 28.9847 20.6702 47.888 37.4226 27.4828 54.6152 22.044 51.7627 36.703 26.6288 23.9069 20.6996 73.2729 55.0504 54.167 74.9126 53.0153
threshold=0.16843304783105853 0.078332621604204192 0.17615689337253573 0.14870590716600421 0.22384314984083178 0.087601069360971465 0.19531150162220004 0.036303590983152396 -0.037027120590209954 0.20003242045640948 0.087189882993698134 0.20172549039125445 0.1325490549206734 0.11719787493348123 0.242294616997242 0.31921572983264929 0.2404705956578255 0.026684158481657509 0.20703305304050448 0.017784385010600093 0.18752942234277728 0.040864447131752975 0.040303643792867667 0.26254281401634222 0.32542540132999426 0.3354486227035523 0.30243138968944555 0.091238569468259825 0.11797741800546648 0.21458826959133151
decision_type=2 2 2 2 2 2 2 2 2 2 2 2 2 2 2 2 2 2 2 2 2 2 2 2 2 2 2 2 2 2
left_child=1 3 5 -1 -3 7 -7 8 -2 10 -4 -11 13 -13 15 17 -16 18 -14 20 -18 23 -22 -21 25 27 -26 -23 -29 -28
right_child=2 4 9 -5 -6 6 -8 -9 -10 11 -12 12 14 -15 16 -17 19 -19 -20 21 22 24 -24 -25 26 -27 29 28 -30 -31
leaf_value=-0.0078260972419405533 -0.10279652680611746 0.086944402689660236 0.004720256122987921 0.013804958791008138 0.023791733423252106 0.065028345187652797 -0.0074328838005323118 -0.034016348997640646 0.028185592718361102 -0.01316795294739348 0.053319778664108856 -0.030305746895017929 0.038013079946400179 -0.0033712068386881006 -0.014260504149087919 0.03440889574173616 -0.090626838456195999 0.0054442441953956883 -0.052095765180858546 0.0062741011188749869 0.0040327723373997882 0.0092786375335662304 0.035527477784768946 -0.026134658319778476 -0.022006025512980934 0.026916146287213012 -0.011570926926961059 -0.016491654923564709 0.010350095854225997 0.0020920435654734433
leaf_weight=1335.5162635785528 27.228466863743961 97.439952120534144 1700.0820691348054 1207.5971715750638 192.54369819664862 61.928613455500454 427.84028274286538 722.34700995823368 144.47478598868474 1436.2341471049003 192.99858909845352 513.82391640543938 96.05512223765254 1796.1354290954769 1832.0883210338652 552.44849687069654 45.24231356009841 3688.3472522352822 224.40433697588742 310.2330760024488 582.27533030614723 4183.7390141217038 498.11374153126962 854.68576685804874 1191.2240309007466 1260.1604394773021 3337.3653341829777 2810.4419327909127 1650.3154070423916 19054.395240147191
leaf_count=38918 335 6824 16032 12989 9013 1527 7371 6747 1645 11070 3287 3404 660 12309 11765 3638 234 22931 1384 1963 9614 34207 6394 20808 8818 9577 15467 25431 15281 364650
internal_value=-0.000123458 0.00680236 -0.000522313 0.00244541 0.0450122 -0.0162243 0.00172944 -0.0260595 0.00741463 -6.78406e-05 0.00967495 -0.000469513 -5.95015e-05 -0.00936249 0.000450072 0.00680739 -0.000320923 0.00300366 -0.0250864 0.000392879 0.0141652 -5.44905e-05 0.0185534 -0.0175038 0.00055251 0.00438886 -0.00105872 0.00110492 -0.0065612 5.5655e-05
internal_weight=52027.7 2833.1 49194.6 2543.11 289.984 1383.82 489.769 894.05 171.703 47810.8 1893.08 45917.7 44481.5 2309.96 42171.5 4561.26 37610.3 4008.81 320.459 35778.2 1125.63 34652.6 1080.39 1164.92 33487.6 9904.66 23583 8644.5 4460.76 22391.8
internal_count=684293 67744 616549 51907 15837 17625 8898 8727 1980 598924 19319 579605 568535 15713 552822 28613 524209 24975 2044 512444 16242 496202 16008 22771 473431 84496 388935 74919 40712 380117
is_linear=0
shrinkage=0.1


Tree=93
num_leaves=31
num_cat=0
split_feature=3 4 11 4 10 3 7 3 4 11 12 12 4 3 4 10 4 7 7 12 11 7 2 7 10 7 11 3 10 10
split_gain=14.5821 36.8391 50.302 30.5894 46.6143 34.1809 32.1624 30.3517 38.9771 44.4522 35.5482 34.993 28.6097 34.3515 63.7121 54.2153 53.1384 41.685 48.9194 28.6609 27.8635 31.961 33.9118 31.1203 27.4564 35.1166 30.2558 59.6646 27.3008 27.0841
threshold=0.40893195569515234 0.39443075656890875 0.20298043638467791 0.41856577992439276 -0.042742900550365441 0.37140132486820226 0.09762920439243318 0.36796902120113378 0.35922041535377508 0.28611765801906591 0.44125494360923773 0.53380396962165844 0.37748342752456671 0.31420643627643591 0.32570192217826849 -0.087573021650314317 0.30471512675285345 0.11719787493348123 0.15039841085672381 0.39388237893581396 0.22964709252119067 0.23033912479877475 0.51380652189254772 0.066499605774879469 -0.11722159385681151 0.13577167689800265 0.1804706007242203 0.21992734819650653 -0.074149996042251573 0.12175217270851137
decision_type=2 2 2 2 2 2 2 2 2 2 2 2 2 2 2 2 2 2 2 2 2 2 2 2 2 2 2 2 2 2
left_child=1 7 -3 5 6 28 -5 10 9 -9 12 -10 13 14 24 -16 -15 19 -19 -18 21 -2 -23 -22 26 29 27 -1 -4 -26
right_child=20 2 3 4 -6 -7 -8 8 11 -11 -12 -13 -14 16 15 -17 17 18 -20 -21 23 22 -24 -25 25 -27 -28 -29 -30 -31
leaf_value=0.043080592564875474 -0.019710877296220855 -0.0031408004282869537 0.021677809221749916 -0.0214676704773335 0.079096192369900814 0.0043544225524041686 0.035001251463020085 -0.0087534999599132995 -0.024814897037230353 0.044467587645983415 0.0097287641880388145 0.0037614537952204447 0.043448581509580142 0.03203618685090872 0.0050820003176534024 0.078125963249017355 -0.020493258729637438 -0.044314923246128152 0.029909232553590875 0.0014072898494833898 -0.023751133357103701 0.018707570970296138 -0.031501246540981874 0.00063145962350245975 -0.00045697035498969211 0.026620635412716528 0.052281974771180267 -0.030511341047779906 0.10145934827968006 -0.031140092071448397
leaf_weight=217.69638814870268 1698.6158234402537 1437.7677321222145 116.27534604631364 128.74674830213189 195.17343790922314 1034.0124125173315 465.7027384955436 418.50138580892235 1478.4497327245772 251.0985907446593 4204.5225878027268 603.40976568311453 149.68256588838995 282.57371162436903 211.29122318536974 195.75731604546309 972.56559800449759 638.9584386870265 103.12679920997471 1549.7404194632545 548.67897169472417 518.43895534425974 181.65626239031553 11388.856610057061 21729.7168723793 474.92507247067988 205.74813060788438 223.04120581620373 67.96044241078198 291.54387717787176
leaf_count=21996 7918 9786 596 642 1485 11625 2361 2348 27267 3041 34930 3361 1559 2866 3210 1416 21258 12842 1132 25956 41453 2510 797 232847 194276 3765 2917 4848 422 2525
internal_value=0.000248683 0.00128221 0.0111377 0.021362 0.0366932 0.0114249 0.0227711 0.000289344 -0.00978226 0.0112043 0.00117045 -0.0165323 -0.000150225 -0.000391065 0.000990751 0.0402102 -0.00956549 -0.0131666 -0.0340001 -0.00703725 -0.00246543 -0.0123003 0.00567971 -0.000489225 0.000300933 -0.000282969 0.0206194 0.0058384 0.0511074 -0.00086319
internal_weight=51984.2 37648 3445.64 2007.87 789.623 1218.25 594.449 34202.3 2751.46 669.6 31450.9 2081.86 27246.4 27096.7 23549.7 407.049 3546.96 3264.39 742.085 2522.31 14336.2 2398.71 700.095 11937.5 23142.7 22496.2 646.486 440.738 184.236 22021.3
internal_count=683955 398430 26917 17131 4488 12643 3003 371513 36017 5389 335496 30628 300566 299007 234953 4626 64054 61188 13974 47214 285525 11225 3307 274300 230327 200566 29761 26844 1018 196801
is_linear=0
shrinkage=0.1


Tree=94
num_leaves=31
num_cat=0
split_feature=10 9 6 7 10 4 7 3 7 10 9 9 11 11 4 10 4 7 3 10 9 7 11 1 4 9 10 3 10 10
split_gain=14.6452 16.0955 13.426 37.9969 53.199 36.0095 35.0635 33.3481 64.2369 31.5375 33.1102 30.8024 29.3869 26.8624 32.5589 61.4808 48.6368 26.5132 25.6054 25.2448 37.0845 26.7879 24.2178 22.6271 22.4302 40.3591 28.1081 22.3825 28.6154 22.1891
threshold=-0.40131054818630213 -0.23482175171375272 0.041811920702457435 0.044084146618843086 -0.087573021650314317 0.31794506311416632 0.048356706276535995 0.1777598634362221 0.079003993421792998 -0.011527158319950102 -0.013985611498355864 -0.0075354725122451774 0.12549022585153582 0.12549022585153582 0.18476469069719317 -0.029688023030757901 0.25608359277248388 0.08174584805965425 0.16604413837194446 0.015549093484878542 0.014242537319660189 0.019354731775820259 0.10909804701805116 0.21349019557237628 0.14058479666709903 -0.041098274290561669 -0.06153243035078048 0.14453344047069552 0.011302389204502107 -0.02520743757486343
decision_type=2 2 2 2 2 2 2 2 2 2 2 2 2 2 2 2 2 2 2 2 2 2 2 2 2 2 2 2 2 2
left_child=-1 -2 3 4 -3 11 13 8 27 10 -7 24 17 -4 15 -15 -16 29 -17 20 -13 23 -22 -21 25 26 -6 -8 -29 -9
right_child=1 2 6 -5 5 9 7 12 -10 -11 -12 19 -14 14 16 18 -18 -19 -20 21 22 -23 -24 -25 -26 -27 -28 28 -30 -31
leaf_value=0.065826633170742763 -0.02027027121523407 0.052061524057336307 0.014513564378686642 0.016529007260521079 -0.91257334390050771 -0.021140343239593504 0.031638125855548122 -0.084989428554933022 0.056277469609138958 -0.050326532308164584 0.089455556730637237 0.0051132979683270498 6.6409170246873626e-05 0.081114835438163252 0.019699343999869667 -0.033564506482645293 -0.032665090284758162 -0.0076560720102044708 -0.10188982092188591 -0.076274833667431374 -0.053012091617374496 -0.00074770082604800302 0.040719337203773881 0.074195808374846142 -0.0071489403564513878 -0.045069403504123307 -0.18540195718958274 -0.027088102203173231 0.021197515684268937 -0.021046256489254761
leaf_weight=33.673003043513745 394.31611576874275 189.82948232977651 219.56131676305085 1810.699227618752 0.88609165279194746 101.1952911412809 180.45383324846625 81.133257884532213 303.17095268552657 269.28862989047775 36.955192918190733 1535.8098701306153 38965.170045712672 29.311562686227262 277.34819590579718 95.327160060405731 492.07622473820811 2355.7931958592962 129.17001001536846 78.629248498007655 29.146319815889001 1291.6271224231459 508.21046742610633 11.448789466172455 1766.3503904156387 107.26948988670483 1.3285871651023615 330.87339484179392 195.10620602592826 163.89892761036754
leaf_count=2812 4006 8746 5994 26952 49 3120 11092 1173 12763 14898 630 17200 492256 587 1717 626 10786 23449 670 476 997 11983 4077 89 15390 3319 22 5963 959 794
internal_value=-0.000100706 -0.000143437 1.04955e-05 0.00385043 -2.2242e-05 -0.00174528 -0.000667667 -0.000184365 0.0177732 -0.0303992 0.00844401 0.000444811 -0.000620541 -0.0172246 -0.0240348 -0.0550931 -0.0137897 -0.0109123 -0.0728772 0.00604602 0.0130245 -0.00442477 0.0356353 -0.0571502 -0.00987137 -0.0537933 -0.476343 0.00124889 -0.0091771 -0.0422187
internal_weight=51985.1 51951.4 51557.1 7738.67 5927.97 5738.15 43818.4 42575.6 1009.6 407.439 138.15 5330.71 41566 1242.79 1023.23 253.809 769.424 2600.83 224.497 3454.87 2073.17 1381.71 537.357 90.078 1875.83 109.484 2.21468 706.433 525.98 245.032
internal_count=683595 680783 676777 107948 80996 72250 568829 548449 30777 18648 3750 53602 517672 20380 14386 1883 12503 25416 1296 34822 22274 12548 5074 565 18780 3390 71 18014 6922 1967
is_linear=0
shrinkage=0.1


Tree=95
num_leaves=31
num_cat=0
split_feature=11 4 2 4 6 4 1 2 6 1 11 2 6 11 7 6 12 7 6 2 12 4 7 7 4 7 11 4 4 7
split_gain=11.8432 33.9713 16.6223 15.4268 13.3708 11.6424 11.6646 24.5119 27.8034 22.7661 21.2026 20.4514 36.5616 31.23 20.5327 47.7631 29.6677 39.5908 56.1962 50.3995 37.3604 37.7647 32.5174 32.9003 74.2179 71.1623 46.5702 46.5694 31.4474 29.0631
threshold=0.48627455532550817 0.63112404942512523 0.64069026708602916 0.61633983254432689 0.054583678022027023 0.095599185675382628 0.1325490400195122 0.15485333651304248 0.075661186128854765 0.1733333691954613 0.14180394262075427 0.20246326923370364 0.081976253539323821 0.090352959930896773 0.037489434704184539 0.040817016735672958 0.31921572983264929 0.053454417735338218 0.083501994609832778 0.27703765034675604 0.34807844460010534 0.25608359277248388 0.052897473797202117 0.09333606064319612 0.23126562684774402 0.079637888818979277 0.10650982335209848 0.27033892273902899 0.2260057404637337 0.065307632088661208
decision_type=2 2 2 2 2 2 2 2 2 2 2 2 2 2 2 2 2 2 2 2 2 2 2 2 2 2 2 2 2 2
left_child=3 2 -2 5 -5 -1 -7 8 -8 10 -9 12 -11 -14 -13 -16 22 -18 19 -19 21 -20 -17 25 26 29 -25 28 -27 -24
right_child=1 -3 -4 4 -6 6 7 9 -10 11 -12 14 13 -15 15 16 17 18 20 -21 -22 -23 23 24 -26 27 -28 -29 -30 -31
leaf_value=0.059078110988176197 -0.017424348561672753 -0.074124642367178056 0.036608283284450115 0.46115195336044768 0.024701785803378569 -0.012321091272929434 0.0114496784585246 -0.0043692138671297068 0.091524894752320077 0.0037229013357352285 -0.028091702946396471 -0.009506149249150362 -0.029156657070695105 0.048694633964481211 0.013537306851373249 0.019388404146879316 -0.019297976745453332 0.026943349344979568 0.00073572791649885558 0.0049031602947900311 -0.00019707603834709627 -0.029954204416844446 -0.016419389483831481 -0.1113979879279067 -0.018666730696479908 -0.02316680380624328 0.041091358521503203 0.038599701312585027 -0.058846121611718955 0.0057450976384656183
leaf_weight=33.235691145644523 188.6370321380673 83.407633708440699 81.548045187722892 0.70411010691895981 225.95264214184135 772.64832072367426 1077.0764138258528 1310.638996882597 45.1800446677953 2156.3922391724773 528.76332136755809 2320.0023872919846 60.863514804746956 335.92543960129842 2509.8267560719978 399.1000583069399 998.55583197018132 1274.9131993418559 740.78383242618293 5571.9031636929139 25859.561250560684 874.02352544292808 1198.7905283328146 20.950957741588354 592.90377919841558 459.58992421580479 454.43281852686778 76.552438486367464 534.12692159228027 1168.0015460494906
leaf_count=7950 31738 28334 12217 27 6913 33045 13545 18095 2798 19441 5091 29073 1271 5486 33193 2329 18681 8378 4434 68550 297002 7374 7112 180 3931 2642 3683 615 3306 7603
internal_value=-9.87952e-05 -0.0183378 -0.00111606 2.61853e-05 0.0260576 -8.8661e-05 -0.000126962 5.93534e-05 0.0146734 -0.000272331 -0.0111886 0.000149441 0.0088561 0.036753 -0.000343959 0.00015345 -0.000681648 0.000330362 0.000901437 0.00900716 -0.00111857 -0.0158754 -0.00796971 -0.0103932 0.00493481 -0.0151574 0.0343709 -0.0365549 -0.0423446 -0.00548131
internal_weight=51955 353.593 270.185 51601.4 226.657 51374.7 51341.5 50568.9 1122.26 49446.6 1839.4 47607.2 2553.18 396.789 45054 42734 40224.2 35319.7 34321.2 6846.82 27474.4 1614.81 4904.45 4505.35 1068.29 3437.06 475.384 1070.27 993.717 2366.79
internal_count=684037 72289 43955 611748 6940 604808 596858 563813 16343 547470 23186 524284 26198 6757 498086 469013 435820 404419 385738 76928 308810 11808 31401 29072 7794 21278 3863 6563 5948 14715
is_linear=0
shrinkage=0.1


Tree=96
num_leaves=31
num_cat=0
split_feature=10 7 6 3 11 3 9 6 6 11 9 7 3 11 10 12 9 11 9 2 12 10 6 7 2 5 5 2 12 6
split_gain=15.6165 15.6303 41.2145 32.1949 20.5054 31.7156 17.1432 25.8244 16.7321 40.7565 26.7094 21.775 21.0979 19.8579 20.6613 16.0122 22.3068 19.8921 17.6053 15.3041 20.8365 15.3779 15.2527 15.037 14.1198 14.233 13.9827 13.8705 13.8387 32.7856
threshold=0.14193475246429446 0.20357415080070498 0.18455804139375689 0.37495405972003942 0.15341178327798846 0.42380423843860632 -0.023543447256088253 0.18455804139375689 0.20144060254096988 0.34196084737777716 0.019566670060157779 0.23033912479877475 0.55879729986190807 0.38368627429008489 0.059232234954833991 0.66886278986930858 0.15159972012043002 0.42156866192817694 -0.27180977165699 0.38655011355876928 0.73388242721557628 0.034575670957565315 0.20144060254096988 0.18052574247121814 0.49097391963005071 0.17095748335123065 0.21140968054533008 0.27703765034675604 0.57670593261718761 0.12791466712951663
decision_type=2 2 2 2 2 2 2 2 2 2 2 2 2 2 2 2 2 2 2 2 2 2 2 2 2 2 2 2 2 2
left_child=1 2 28 -4 6 -6 -3 27 9 10 -7 -10 13 24 -15 18 17 22 -5 -9 21 -21 -17 -20 25 -13 -12 -8 29 -1
right_child=-2 4 3 15 5 8 7 19 11 -11 26 12 -14 14 -16 16 -18 -19 23 20 -22 -23 -24 -25 -26 -27 -28 -29 -30 -31
leaf_value=0.001018300139258064 -0.0093112301584001439 0.0065128240923592803 0.013575265028177181 -0.21128689770815168 0.028222363667310943 0.018754575836174323 0.087569639062927557 0.012425054376914423 -0.0096404032030278797 0.053429855525367366 -0.023422424737110342 -0.0010944698992507069 -0.026596427620865962 0.039736382955260025 0.2737845135441867 0.012486979484847808 0.090296341346352393 -0.054040722100433786 -0.056109405153348425 -0.053146642289922809 0.02405630456935659 -0.0049596915808105598 -0.025134016390055938 -0.021750565636573332 0.0031787188908922446 0.053899689458045547 0.075061416417946003 -0.078111413303344979 0.0050564607781537719 -0.00724521811428011
leaf_weight=32046.581340569654 1708.6478078391519 671.26704617263749 340.8167399931699 5.1878848671913138 741.23303306102753 508.84452244453132 5.3950140401720992 216.20331736002117 1092.3555176059017 217.21261701488402 292.50769650191069 67.249397177249193 105.78732703754213 9.4515082174912077 6.2765367822721592 275.34298409614712 22.778051065513864 88.650792927364819 148.38648359244689 168.33819259703159 78.875533975660801 109.18176464736462 177.07145854225382 899.53390307538211 261.41223440691829 156.76566386222839 15.16395767405629 79.695798121392727 5726.2629751703353 5647.3293728983263
leaf_count=364794 40237 6708 2074 30 3643 2999 57 1272 16128 6266 1682 339 1981 242 157 3804 213 11932 1900 742 354 470 1923 10705 1550 793 118 388 141298 59046
internal_value=9.02203e-05 0.000410336 -0.000163856 -0.0143567 0.00583496 0.009876 -0.00472942 -0.0162037 0.00490022 0.0149321 0.00469085 -0.00120247 0.0139839 0.0225498 0.133137 -0.0202441 -0.00664421 -0.0107253 -0.0275255 -0.00856503 -0.0212984 -0.034189 -0.00223758 -0.0266158 0.0189667 0.0373904 -0.0185685 -0.0676067 0.000476081 -0.000219746
internal_weight=51889.8 50181.2 45377.9 1957.77 4803.22 3474.26 1328.96 657.69 2733.03 1033.73 816.516 1699.3 606.943 501.155 15.728 1616.95 563.843 541.065 1053.11 572.599 356.395 277.52 452.414 1047.92 485.427 224.015 307.672 85.0908 43420.2 37693.9
internal_count=683845 643608 597719 32581 45889 35898 9991 3283 32255 11065 4799 21190 5062 3081 399 30507 17872 17659 12635 2838 1566 1212 5727 12605 2682 1132 1800 445 565138 423840
is_linear=0
shrinkage=0.1


Tree=97
num_leaves=31
num_cat=0
split_feature=7 5 3 8 10 2 7 6 3 12 6 7 12 7 10 3 12 10 3 10 1 1 12 3 7 3 10 1 3 6
split_gain=12.1524 21.5996 38.3239 21.9041 30.2782 16.9081 16.7787 26.3055 17.1566 16.8741 12.6375 33.1747 32.7362 29.2256 31.2773 20.6342 33.5226 69.8564 54.4607 27.8078 79.7435 24.4501 21.7283 20.1063 21.8346 62.6069 32.7111 23.2292 22.6233 21.1657
threshold=0.22008619457483294 0.18403337150812152 0.37140132486820226 0.048826357349753387 -0.079547196626663194 0.47415335476398474 0.19046969711780551 0.1926611736416817 0.4043740332126618 0.61050984263420116 0.03613014146685601 0.046797089278697974 0.18698041141033175 0.040303643792867667 -0.081494837999343858 0.27537313103675848 0.23043141514062884 -0.030603032559156414 0.16049075126647952 0.019178822636604313 0.1513725742697716 0.12847060710191729 0.26070587337017065 0.20805617421865466 0.025444574654102329 0.29581625759601599 -0.026070289313793179 0.19921570271253589 0.25569328665733343 0.022709501907229427
decision_type=2 2 2 2 2 2 2 2 2 2 2 2 2 2 2 2 2 2 2 2 2 2 2 2 2 2 2 2 2 2
left_child=1 3 -3 10 -5 -2 -4 -8 -9 -10 13 15 -13 14 -1 16 17 21 19 20 -19 -12 -18 -16 25 26 27 -25 -26 -30
right_child=5 2 6 4 -6 -7 7 8 9 -11 11 12 -14 -15 23 -17 22 18 -20 -21 -22 -23 -24 24 28 -27 -28 -29 29 -31
leaf_value=0.044661259095473776 0.0136968132495002 0.018822124554363957 -0.028893536693025801 -0.0030917171970444041 0.018458242553154886 -0.0016812926334638493 0.015737975201309384 0.016236977172856389 -0.047601011118442095 -0.014528127228407135 -0.016464013731532997 0.042230118921871014 -0.00031445521180479251 0.016983001241901666 0.0060858725176660133 -0.027781651610847825 0.050859348098450601 -0.036733772220466296 -0.071753672531285118 -0.060714900542567452 0.058201094604668158 0.073119066837563404 0.0020149069691498514 -0.11357745329424845 0.0074010219017189519 0.07594551791665026 -0.061895066000274702 0.094222276039868394 0.022071573368048662 -0.020036590784478957
leaf_weight=152.66814565006644 1542.4797187900404 400.44413266796619 610.06154822430108 1145.9660900658928 1512.5130064265104 1332.7144956247648 328.15170556865633 137.36278821900487 196.80352880549617 713.76856324099936 44.77723488479387 181.77408168232068 35918.432299873442 1363.7561183885555 1927.3310594486538 642.78578798414674 106.45328108500689 233.77118362230249 238.27043655142188 97.562915639486164 142.36224631872028 95.332142128841951 630.41131027787924 6.9449911043047932 934.2333464268595 46.199878261424601 246.95029565319419 23.865451224148273 138.48704205011018 864.79475014848867
leaf_count=8179 9904 2534 17811 7633 15231 14060 6222 666 2310 16770 3144 13957 465343 19241 22052 17712 833 2918 1345 676 972 2140 3886 36 5025 889 1793 193 2560 18605
internal_value=0.000249902 -0.000120249 -0.00939942 0.000354005 0.0091689 0.00656873 -0.0150894 -0.00896962 -0.0167066 -0.0216762 -0.000178141 -0.000831689 -0.000100232 0.00421287 0.000201485 -0.0126637 -0.00654789 -0.0200552 -0.0327571 -0.0131417 -0.000802 0.0444894 0.00907136 -0.00141893 -0.00781485 -0.0318448 -0.0497736 0.0473821 -0.00379694 -0.0142242
internal_weight=51957.4 49082.2 2386.59 46695.6 2658.48 2875.19 1986.15 1376.09 1047.93 910.572 44037.2 38331.9 36100.2 5705.23 4341.47 2231.73 1588.94 852.076 711.967 473.696 376.133 140.109 736.865 4188.81 2261.48 323.961 277.761 30.8104 1937.52 1003.28
internal_count=684640 660676 46313 614363 22864 23964 43779 25968 19746 19080 591499 512926 479300 78573 59332 33626 15914 11195 5911 4566 3890 5284 4719 51153 29101 2911 2022 229 26190 21165
is_linear=0
shrinkage=0.1


Tree=98
num_leaves=31
num_cat=0
split_feature=3 3 4 1 10 3 4 12 10 7 7 10 3 7 4 7 6 7 9 10 3 6 7 12 10 9 10 7 3 7
split_gain=12.4719 11.4228 71.2287 38.7565 34.8841 42.0485 45.8574 33.3849 42.7244 41.861 49.1874 51.9548 38.2632 104.268 84.3265 72.9716 39.8643 37.3949 39.9449 50.9844 38.9936 30.3542 28.6149 25.6947 24.8473 25.6893 22.8486 22.2937 22.194 20.0252
threshold=0.092401344329118743 0.3081855326890946 0.3108088225126267 0.27066668868064886 -0.096881136298179613 0.29893310368061071 0.32848347723484045 0.35811768472194677 -0.14642828702926633 0.092606097459793105 0.11190427094697954 -0.085437595844268785 0.26807120442390447 0.089739982038736357 0.2787711769342423 0.073797199875116362 0.054019378498196609 0.10280539467930795 -0.045699492096900933 -0.077689349651336656 0.23281279951334002 0.069677278399467482 0.069493386894464507 0.40172548592090612 0.046515718102455146 0.041557952761650092 -0.035332426428794854 0.046242075040936477 0.26807120442390447 0.031098756007850174
decision_type=2 2 2 2 2 2 2 2 2 2 2 2 2 2 2 2 2 2 2 2 2 2 2 2 2 2 2 2 2 2
left_child=-1 2 7 23 -4 -6 29 8 -2 -9 -11 -12 14 15 17 16 27 18 21 -20 -19 22 -10 -3 -21 -26 -18 -14 -13 -7
right_child=1 3 4 -5 5 6 -8 9 12 10 11 28 13 -15 -16 -17 26 20 19 24 -22 -23 -24 -25 25 -27 -28 -29 -30 -31
leaf_value=0.065793644803921428 0.044550252088347599 -0.04314474849976347 0.0040521767643169745 -0.00051595957217891338 0.066867850885742722 0.17387676719476208 0.077422228479362976 0.023964275973993983 -0.021044810985744032 -0.014822324437988475 -0.02634458840815181 0.038520287089032421 -0.0092029522563315067 -0.042875813756172818 0.055936719493709125 0.033983351004942701 0.017048126068563804 0.034180340671407732 0.032515299782787388 -0.00065474681310274084 0.00066051374150429877 -0.044594479581163984 0.033110734312462538 -0.010506898306758911 -0.025068095528320074 0.00020498999246108815 -0.046211045027292272 0.022827524739036764 0.011823264054343733 -0.0062266300110965823
leaf_weight=28.751452046562918 198.83436177088879 292.51968055870384 448.6053393111797 26562.042926242575 315.0244019459933 6.3113380288705221 96.177101233974099 1217.3726398283616 384.69505056226626 1101.0414450340904 299.66878644097596 427.84007732383907 857.06297072581947 816.51365978177637 264.27047943789512 469.72063991427422 67.451199948787689 584.46383960358799 432.28541256883182 10543.794193864102 854.35630566067994 378.84319341578521 130.7220482879784 1375.2551998607814 911.52146833762527 719.79079768713564 371.94568714313209 291.10428130254149 1144.1077056545764 282.71320553682745
leaf_count=7992 14108 2590 8014 435765 1948 121 526 9024 3978 8953 5569 2627 11023 8032 1715 3800 360 7438 18247 84748 4766 3608 1620 10585 5596 3574 4573 1665 8659 2942
internal_value=-5.02652e-05 -8.67792e-05 0.00153607 -0.00144441 0.0258229 0.0397704 0.0176097 0.000294205 -0.00155145 0.00834515 0.00194875 0.0118149 -0.00205849 -0.0126406 -5.84107e-05 -0.000640514 -0.0108849 -0.00104887 -0.00268204 -0.00123342 0.0142766 -0.023105 -0.00730968 -0.0162314 -0.00243169 -0.0139167 -0.0365002 -0.001082 0.0190894 -0.00229377
internal_weight=51874.8 51846.1 23616.2 28229.8 1148.83 700.226 385.202 22467.4 18277.4 4190.03 2972.66 1871.62 18078.5 2873.8 15204.7 2057.28 1587.56 14940.5 13501.7 12607.4 1438.82 894.26 515.417 1667.77 12175.1 1631.31 439.397 1148.17 1571.95 289.025
internal_count=684166 676174 227234 448940 13551 5537 3589 213683 178851 34832 25808 16855 164743 29453 135290 21421 17621 133575 121371 112165 12204 9206 5598 13175 93918 9170 4933 12688 11286 3063
is_linear=0
shrinkage=0.1


Tree=99
num_leaves=31
num_cat=0
split_feature=10 12 2 10 1 6 7 10 6 7 6 10 10 7 7 7 6 10 1 7 4 0 11 8 6 11 12 7 12 7
split_gain=11.8728 12.8004 43.3694 35.6996 33.5517 32.5207 26.5441 42.1204 23.4688 28.4917 32.0926 24.4303 21.9049 21.513 21.3453 21.2929 23.8901 49.9882 49.4875 33.3511 37.5501 31.5105 29.9474 28.9276 27.9282 26.8084 20.7799 22.0638 20.7552 30.4172
threshold=0.13253334164619449 0.33098043501377111 0.26945392787456518 -0.1415729075670242 0.24737257510423663 0.090889837592840209 0.1088680997490883 -0.081494837999343858 0.023539376445114616 0.040303643792867667 0.040299218147993095 -0.030603032559156414 0.077900111675262465 0.029040385968983177 0.13689890503883365 0.054677313193678863 0.06178704462945462 -0.02520743757486343 0.41929414868354803 0.080310329794883742 0.28215530514717108 0.57058826088905346 0.24737257510423663 0.016593872569501403 0.083501994609832778 0.44847066700458532 0.37333337962627416 0.062270179390907295 0.37145105004310613 0.086911011487245574
decision_type=2 2 2 2 2 2 2 2 2 2 2 2 2 2 2 2 2 2 2 2 2 2 2 2 2 2 2 2 2 2
left_child=1 3 5 -1 -4 -3 -7 -8 -6 13 11 -11 -5 -10 -9 -12 17 21 22 20 -18 -17 -19 -22 25 -21 -24 -28 29 -26
right_child=-2 2 4 12 8 6 7 14 9 10 15 -13 -14 -15 -16 16 19 18 -20 24 23 -23 26 -25 28 -27 27 -29 -30 -31
leaf_value=0.039335375275424481 -0.0079412055873346304 0.026582438091808783 -0.017261824862860556 -0.0024314053866913155 0.047879241719447546 -0.013527404215499346 -0.0081244423828279975 0.018968871905693439 0.045175825339273779 -0.005648012724242004 -0.015593994088886808 0.028745193401129833 -0.023891958938385398 -0.025798788233954296 0.059796776264960973 -0.0088827968993489131 0.020089674505090499 0.024606324438116847 0.0044816351832577114 0.010089641028795161 -0.039591817929173337 0.25993209545596746 -0.030196817572243989 -0.0090259344046086723 0.053645358872279773 0.087759572565138874 0.044676078581274273 0.10616165450884121 0.00035099142536940803 -0.018095282051067533
leaf_weight=200.52048702386674 2030.6548362931353 1051.4444314589491 1108.5361765697598 14344.661381567013 103.96544644527603 563.95822421181947 586.82768675603438 637.23757683020085 46.040231267921627 294.47788786864839 836.60224247345468 691.53025663492735 491.93016378581524 589.79730602091877 160.25584333669394 816.75603357644286 261.27849208004773 291.63156243786216 572.88286984531442 2032.1960788248107 523.26713315019151 4.3840231886133543 18.642140582203865 758.36578652635217 62.771071989089251 45.432491422398016 103.20524619240314 134.32141758408397 21341.1649828105 1010.6095833964646
leaf_count=17622 47954 8198 7875 139807 2517 3503 11456 3826 1230 2717 21034 17312 3272 18435 1011 7568 1924 1493 24438 17052 10165 331 332 14878 514 2510 1300 1208 280981 11168
internal_value=-0.000446397 -0.000140078 0.000917339 -0.00257651 -0.000171901 0.0124091 0.00476006 0.0122102 0.00044844 0.00028642 0.000733348 0.0184734 -0.00314296 -0.0206596 0.0271732 0.000126277 0.000596365 0.0112964 0.0250303 -0.000201694 -0.0144617 -0.00744761 0.0465199 -0.0215054 0.000696628 0.0117881 0.0714672 0.0794462 -0.000331451 -0.0138999
internal_weight=51715.3 49684.7 34647.6 15037.1 31647.9 2999.72 1948.28 1384.32 30539.3 30435.4 29799.5 986.008 14836.6 635.838 797.493 28813.5 27976.9 1941.82 1120.68 26035.1 1542.91 821.14 547.8 1281.63 24492.2 2077.63 256.169 237.527 22414.5 1073.38
internal_count=683631 635677 474976 160701 446982 27994 19796 16293 439107 436590 416925 20029 143079 19665 4837 396896 375862 36670 28771 339192 26967 7899 4333 25043 312225 19562 2840 2508 292663 11682
is_linear=0
shrinkage=0.1


end of trees

feature_importances:
Column_10=461
Column_7=362
Column_11=334
Column_4=305
Column_12=297
Column_9=278
Column_3=272
Column_6=197
Column_2=153
Column_5=139
Column_1=124
Column_8=63
Column_0=15

parameters:
[boosting: gbdt]
[objective: binary]
[metric: binary_logloss]
[tree_learner: serial]
[device_type: cpu]
[data_sample_strategy: bagging]
[data: ]
[valid: ]
[num_iterations: 100]
[learning_rate: 0.1]
[num_leaves: 31]
[num_threads: 0]
[seed: 42]
[deterministic: 0]
[force_col_wise: 0]
[force_row_wise: 0]
[histogram_pool_size: -1]
[max_depth: -1]
[min_data_in_leaf: 20]
[min_sum_hessian_in_leaf: 0.001]
[bagging_fraction: 0.8]
[pos_bagging_fraction: 1]
[neg_bagging_fraction: 1]
[bagging_freq: 1]
[bagging_seed: 400]
[bagging_by_query: 0]
[feature_fraction: 0.8]
[feature_fraction_bynode: 1]
[feature_fraction_seed: 30056]
[extra_trees: 0]
[extra_seed: 12879]
[early_stopping_round: 0]
[early_stopping_min_delta: 0]
[first_metric_only: 0]
[max_delta_step: 0]
[lambda_l1: 0]
[lambda_l2: 0]
[linear_lambda: 0]
[min_gain_to_split: 0]
[drop_rate: 0.1]
[max_drop: 50]
[skip_drop: 0.5]
[xgboost_dart_mode: 0]
[uniform_drop: 0]
[drop_seed: 17869]
[top_rate: 0.2]
[other_rate: 0.1]
[min_data_per_group: 100]
[max_cat_threshold: 32]
[cat_l2: 10]
[cat_smooth: 10]
[max_cat_to_onehot: 4]
[top_k: 20]
[monotone_constraints: ]
[monotone_constraints_method: basic]
[monotone_penalty: 0]
[feature_contri: ]
[forcedsplits_filename: ]
[refit_decay_rate: 0.9]
[cegb_tradeoff: 1]
[cegb_penalty_split: 0]
[cegb_penalty_feature_lazy: ]
[cegb_penalty_feature_coupled: ]
[path_smooth: 0]
[interaction_constraints: ]
[verbosity: -1]
[saved_feature_importance_type: 0]
[use_quantized_grad: 0]
[num_grad_quant_bins: 4]
[quant_train_renew_leaf: 0]
[stochastic_rounding: 1]
[linear_tree: 0]
[max_bin: 255]
[max_bin_by_feature: ]
[min_data_in_bin: 3]
[bin_construct_sample_cnt: 200000]
[data_random_seed: 175]
[is_enable_sparse: 1]
[enable_bundle: 1]
[use_missing: 1]
[zero_as_missing: 0]
[feature_pre_filter: 1]
[pre_partition: 0]
[two_round: 0]
[header: 0]
[label_column: ]
[weight_column: ]
[group_column: ]
[ignore_column: ]
[categorical_feature: ]
[forcedbins_filename: ]
[precise_float_parser: 0]
[parser_config_file: ]
[objective_seed: 16083]
[num_class: 1]
[is_unbalance: 0]
[scale_pos_weight: 1]
[sigmoid: 1]
[boost_from_average: 1]
[reg_sqrt: 0]
[alpha: 0.9]
[fair_c: 1]
[poisson_max_delta_step: 0.7]
[tweedie_variance_power: 1.5]
[lambdarank_truncation_level: 30]
[lambdarank_norm: 1]
[label_gain: ]
[lambdarank_position_bias_regularization: 0]
[eval_at: ]
[multi_error_top_k: 1]
[auc_mu_weights: ]
[num_machines: 1]
[local_listen_port: 12400]
[time_out: 120]
[machine_list_filename: ]
[machines: ]
[gpu_platform_id: -1]
[gpu_device_id: -1]
[gpu_use_dp: 0]
[num_gpu: 1]

end of parameters

pandas_categorical:null
